age,education_level,field_of_study,years_experience,internship_count,previous_jobs,technical_skill_score,web_development_score,database_score,data_structures_score,algorithm_score,machine_learning_score,cloud_score,communication_score,leadership_score,teamwork_score,problem_solving_score,project_count,certification_count,resume_score,interview_score,aptitude_score,github_activity,desired_role,job_received
40,Bachelor's,Information Technology,0.3,2,0,27,54,50,53,45,35,38,67,77,56,41,0,1,59,55,47,9,Frontend Developer,0
30,Bachelor's,Data Science,0.3,1,0,97,73,60,83,78,99,96,42,69,51,90,4,3,80,66,80,85,Data Analyst,1
40,Bachelor's,Data Science,5.1,0,3,56,49,43,20,79,33,31,48,27,67,42,5,2,65,50,61,52,Frontend Developer,1
32,Bachelor's,Information Technology,6.2,1,2,76,75,65,88,48,100,86,73,56,37,84,5,2,74,71,80,58,Cloud Engineer,1
37,Bachelor's,Other,5.6,0,1,62,58,66,82,60,47,15,61,36,80,70,5,0,72,67,74,100,Data Analyst,1
39,Master's,Data Science,1.1,0,1,60,50,46,39,36,37,38,34,68,76,32,3,3,55,39,50,52,Full Stack Developer,0
29,Bachelor's,Other,1.5,2,2,73,58,80,68,76,80,70,64,89,68,63,4,4,74,64,69,55,DevOps Engineer,1
33,Bachelor's,Electrical Engineering,0.6,0,0,50,67,47,27,74,67,42,85,55,74,51,4,2,76,69,52,71,QA Engineer,1
21,Diploma,Computer Science,0,1,0,76,70,79,80,72,74,61,64,38,34,81,6,2,78,68,68,100,Full Stack Developer,1
30,Bachelor's,Other,0.2,1,0,59,53,51,44,74,56,14,80,36,57,53,4,1,68,64,60,52,Backend Developer,1
28,Bachelor's,Computer Science,1.4,2,1,26,20,15,18,26,38,5,70,44,80,34,2,0,62,53,55,38,Software Developer,0
24,Bachelor's,Information Technology,0.9,3,0,81,89,70,98,90,61,75,93,77,71,82,4,2,87,83,73,41,Data Analyst,1
37,Master's,Information Technology,0.0,0,0,75,61,69,86,76,100,52,74,59,56,57,3,3,85,58,58,18,Cloud Engineer,1
25,Master's,Electrical Engineering,4,0,3,73,88,86,85,74,54,69,45,45,88,68,4,3,72,62,53,60,Full Stack Developer,1
32,Master's,Computer Science,3.3,2,2,100,75,82,55,85,63,90,45,54,55,72,5,3,85,57,65,51,Data Analyst,1
22,Bachelor's,Computer Science,1,3,1,33,44,36,64,36,36,32,47,55,56,34,2,2,47,45,55,26,Data Analyst,0
34,Master's,Information Technology,1.7,0,2,69,49,49,63,50,38,73,63,59,84,51,4,1,77,55,53,46,Frontend Developer,1
42,Master's,Computer Science,0.0,2,0,66,85,59,49,34,47,64,66,36,69,54,3,3,65,62,45,21,QA Engineer,1
34,Bachelor's,Information Technology,6.5,2,4,61,53,53,70,65,53,68,52,53,68,78,3,2,59,66,67,61,Data Analyst,1
38,Bachelor's,Computer Science,8.3,0,5,87,86,92,58,53,64,80,30,42,66,63,4,2,61,48,50,100,Machine Learning Engineer,1
37,Bachelor's,Computer Science,0.1,1,0,49,49,54,46,59,36,70,42,73,70,45,3,3,36,43,46,71,Frontend Developer,0
20,Diploma,Information Technology,0,0,0,45,48,27,31,28,6,40,78,55,58,48,0,2,61,60,61,48,Full Stack Developer,0
42,Master's,Information Technology,0.6,1,0,47,45,34,59,36,66,53,57,50,64,52,2,3,54,56,60,31,Frontend Developer,1
36,Master's,Electrical Engineering,9.6,0,5,89,52,62,76,77,56,37,68,33,56,59,6,1,90,61,63,78,QA Engineer,1
28,Diploma,Electrical Engineering,2.3,1,1,49,28,50,44,48,38,57,61,79,53,58,0,6,52,58,54,37,DevOps Engineer,0
30,Master's,Information Technology,0.4,1,0,86,97,78,46,72,76,86,66,56,74,98,4,2,92,73,80,95,Full Stack Developer,1
35,Bachelor's,Electrical Engineering,0.3,0,0,56,35,59,39,39,11,32,57,47,78,8,4,2,61,36,22,44,DevOps Engineer,0
34,Bachelor's,Other,1.0,1,1,33,30,50,39,48,59,43,68,56,65,27,3,2,62,48,31,18,Software Developer,0
28,Master's,Information Technology,4.4,1,3,79,72,74,70,70,67,42,75,23,50,72,4,3,78,74,60,76,QA Engineer,1
39,PhD,Other,0.8,0,0,56,41,41,45,42,19,17,33,64,82,32,2,2,57,35,51,57,Software Developer,0
42,Master's,Other,2.0,2,2,50,31,73,31,54,62,38,45,51,70,55,3,0,58,50,44,38,Software Developer,0
23,Master's,Information Technology,0.1,1,0,57,63,99,92,81,54,83,79,30,65,58,3,5,59,67,66,23,Data Analyst,1
36,Bachelor's,Electrical Engineering,3.9,0,1,78,80,67,70,93,88,70,71,71,55,88,2,2,72,77,74,32,Machine Learning Engineer,1
21,Master's,Electrical Engineering,0,1,0,100,84,82,79,93,79,94,57,80,81,100,7,4,87,80,72,100,QA Engineer,1
28,Master's,Other,1.2,2,1,78,90,71,61,75,77,97,57,66,98,97,4,1,76,74,82,70,QA Engineer,1
31,Bachelor's,Information Technology,1.3,0,1,71,78,49,77,44,58,60,81,32,70,74,3,2,82,80,75,73,Backend Developer,1
33,Bachelor's,Electrical Engineering,3.3,1,2,82,64,78,69,67,73,52,90,57,72,38,6,1,94,57,47,67,DevOps Engineer,1
26,Bachelor's,Computer Science,2.8,2,1,53,44,43,53,58,35,34,65,62,37,38,5,2,72,59,39,78,Data Analyst,1
30,Diploma,Information Technology,4.7,1,1,91,72,100,100,88,60,88,51,36,80,61,5,4,88,57,48,62,QA Engineer,1
34,Diploma,Computer Science,6.9,1,4,73,77,84,80,74,71,47,38,71,60,63,3,2,65,49,62,63,Software Developer,1
31,Bachelor's,Data Science,0.7,1,0,73,87,63,84,77,100,61,63,49,70,90,4,2,66,81,79,53,Frontend Developer,1
38,Bachelor's,Information Technology,0.7,3,0,37,74,55,39,42,28,40,54,37,84,38,3,2,59,47,48,64,Software Developer,1
31,Master's,Computer Science,2.1,0,1,67,93,59,59,39,64,61,30,67,62,57,5,4,57,44,52,85,Cloud Engineer,1
33,Master's,Other,0.3,2,0,60,87,57,90,58,86,66,72,54,100,71,2,3,69,64,71,41,Full Stack Developer,1
21,Bachelor's,Computer Science,0,1,0,54,44,20,37,7,27,30,51,50,59,37,6,3,62,51,36,55,QA Engineer,1
39,Bachelor's,Data Science,2.7,1,1,33,39,18,34,50,18,5,54,69,80,42,3,2,60,48,54,39,Software Developer,0
38,Bachelor's,Other,2.6,3,1,50,45,40,42,56,47,40,49,61,58,40,3,2,54,50,53,51,Software Developer,1
28,Bachelor's,Information Technology,1.0,0,1,58,79,44,66,68,56,64,57,91,69,77,2,1,59,64,72,63,Backend Developer,1
39,Diploma,Computer Science,1.8,2,2,50,64,55,43,33,39,32,48,40,73,63,1,4,53,55,65,47,Full Stack Developer,1
40,Bachelor's,Electrical Engineering,0.2,4,0,59,44,44,34,50,97,55,75,33,69,71,1,2,68,69,67,32,DevOps Engineer,1
40,Bachelor's,Other,5.7,3,4,46,24,22,22,32,32,28,71,46,61,16,4,3,62,48,30,54,Software Developer,0
33,Master's,Data Science,4.3,2,1,70,81,60,74,89,31,56,55,76,75,76,3,1,62,67,76,77,Frontend Developer,1
40,Bachelor's,Electrical Engineering,4.5,2,1,63,52,56,63,43,44,51,86,69,84,60,5,0,83,71,60,58,Cloud Engineer,1
42,Bachelor's,Computer Science,4.2,2,1,63,79,81,61,65,33,61,71,82,60,71,3,2,65,64,70,59,QA Engineer,1
33,Diploma,Data Science,9.7,2,5,41,32,36,53,15,27,57,55,89,74,48,4,2,56,54,55,54,Software Developer,0
22,Master's,Data Science,1,0,1,64,65,67,39,72,71,51,60,66,70,66,2,2,59,64,67,48,Backend Developer,1
33,Diploma,Electrical Engineering,2.9,1,1,83,77,84,60,85,73,88,57,49,70,76,2,3,77,65,64,69,Cloud Engineer,1
28,Bachelor's,Computer Science,3.9,1,1,37,32,15,41,34,5,36,58,59,72,18,0,3,52,44,23,22,Machine Learning Engineer,0
32,Diploma,Information Technology,11,1,3,73,48,33,50,50,55,20,72,45,81,38,0,2,59,55,46,33,Data Analyst,0
37,Bachelor's,Data Science,1.0,0,1,34,33,36,28,67,43,5,100,48,100,45,3,1,65,71,42,54,DevOps Engineer,1
39,Diploma,Data Science,3.2,1,1,56,28,32,55,38,39,18,45,52,59,35,5,3,59,44,41,59,Machine Learning Engineer,0
39,Bachelor's,Information Technology,1.0,3,1,59,83,71,77,64,44,64,73,73,72,94,2,2,57,75,72,39,Frontend Developer,1
26,Diploma,Other,4.5,0,4,28,32,33,28,21,6,5,47,64,59,12,2,2,43,36,39,61,Machine Learning Engineer,0
24,Master's,Other,1.6,3,1,52,58,59,47,67,40,45,66,68,98,49,6,2,70,55,47,60,Backend Developer,1
39,Diploma,Computer Science,3.6,1,3,90,65,72,82,66,64,61,51,46,80,76,5,1,77,64,76,84,Frontend Developer,1
39,Bachelor's,Data Science,0.4,3,0,66,68,49,54,48,57,54,67,51,78,52,3,3,68,57,62,44,QA Engineer,1
35,Bachelor's,Computer Science,14,1,3,41,19,27,32,21,27,5,42,59,74,6,5,0,58,28,21,73,QA Engineer,0
22,Master's,Other,1,1,1,82,81,52,100,65,67,85,76,51,67,96,5,3,77,84,92,100,Frontend Developer,1
30,Bachelor's,Data Science,0.5,4,0,39,24,40,36,39,30,40,49,62,88,24,1,1,51,45,46,31,Machine Learning Engineer,0
35,Bachelor's,Electrical Engineering,0.5,1,0,67,55,46,54,69,73,45,68,60,81,53,3,3,64,59,49,5,Backend Developer,1
35,Bachelor's,Other,2.1,1,1,35,47,22,39,25,5,34,58,68,100,23,3,0,55,41,30,48,Machine Learning Engineer,0
29,Bachelor's,Electrical Engineering,0.4,2,0,64,42,45,59,45,29,32,64,44,66,21,3,2,66,43,31,57,Machine Learning Engineer,1
36,Diploma,Data Science,0.7,0,0,91,95,81,93,74,100,63,50,57,77,78,2,0,77,65,61,53,DevOps Engineer,1
25,PhD,Electrical Engineering,1.5,2,1,53,63,51,36,56,42,12,39,46,78,35,2,2,54,39,45,51,DevOps Engineer,0
34,Bachelor's,Data Science,3.0,2,1,93,90,59,66,72,63,59,68,66,65,82,5,4,88,71,73,75,Full Stack Developer,1
21,Bachelor's,Other,0,1,0,33,22,48,33,44,70,16,62,70,64,30,0,2,42,51,33,16,Data Analyst,0
22,Diploma,Other,1,1,1,83,61,76,84,87,64,71,65,75,79,84,5,1,74,71,81,81,Frontend Developer,1
32,Bachelor's,Computer Science,0.8,0,0,23,43,30,33,66,5,17,62,59,72,22,0,3,47,48,33,38,Software Developer,0
22,Bachelor's,Data Science,1,2,1,78,48,63,67,68,74,63,51,37,39,62,4,4,70,64,61,58,Frontend Developer,1
20,Bachelor's,Electrical Engineering,0,0,0,43,46,29,49,43,12,68,97,59,96,28,2,3,60,62,53,64,Software Developer,1
33,Bachelor's,Electrical Engineering,1.0,0,1,18,32,9,18,5,5,14,42,74,38,19,2,3,48,30,21,15,Cloud Engineer,0
27,Diploma,Electrical Engineering,0.8,1,0,68,66,58,65,46,32,57,53,57,43,42,3,3,63,50,49,99,Machine Learning Engineer,0
23,Bachelor's,Information Technology,2,2,1,73,77,64,63,73,69,88,53,55,81,74,6,1,71,65,64,72,QA Engineer,1
38,Bachelor's,Information Technology,2.5,1,1,66,64,41,57,55,85,39,62,54,49,67,2,3,71,66,76,95,QA Engineer,1
36,Master's,Computer Science,0.1,2,0,41,34,50,48,33,12,42,50,36,49,33,5,2,66,45,41,100,Software Developer,1
41,Diploma,Computer Science,1.6,3,1,68,67,39,57,60,71,45,71,10,48,64,6,3,72,69,55,89,Cloud Engineer,1
37,Diploma,Electrical Engineering,1.8,1,1,25,41,37,38,32,45,5,55,56,93,41,4,0,65,51,43,90,Machine Learning Engineer,0
42,Bachelor's,Information Technology,4.9,3,3,48,31,29,59,49,17,61,72,51,70,45,4,1,63,52,42,44,QA Engineer,1
34,Bachelor's,Other,1.9,1,2,87,83,59,84,81,67,51,59,41,66,78,4,3,77,68,73,88,QA Engineer,1
20,Bachelor's,Data Science,0,1,0,62,53,56,30,12,30,48,78,51,57,51,5,3,78,63,60,70,QA Engineer,1
27,Bachelor's,Computer Science,3.6,1,3,72,37,59,49,33,26,64,86,22,73,53,5,2,77,74,61,67,Backend Developer,1
38,Master's,Electrical Engineering,4.4,1,2,57,51,28,31,33,18,51,55,51,50,36,6,3,62,45,49,62,Machine Learning Engineer,1
41,Bachelor's,Electrical Engineering,0.5,1,0,36,62,30,37,43,59,31,68,35,71,38,3,4,63,58,39,36,DevOps Engineer,0
30,Diploma,Information Technology,9,1,1,41,9,21,16,14,32,10,39,88,100,15,3,2,52,36,25,38,Cloud Engineer,0
26,Bachelor's,Electrical Engineering,2.1,1,1,67,62,60,59,68,68,25,59,36,53,59,2,2,68,55,63,75,Machine Learning Engineer,1
26,Bachelor's,Information Technology,1.7,1,1,77,52,79,76,80,62,61,75,53,93,57,4,1,75,62,55,80,Data Analyst,1
41,Bachelor's,Information Technology,3.5,0,3,80,76,85,54,67,73,74,68,76,58,52,6,3,79,60,53,97,Machine Learning Engineer,1
20,Bachelor's,Other,0,0,0,58,53,44,64,55,61,33,49,56,69,65,5,2,60,58,56,42,Cloud Engineer,1
28,Bachelor's,Computer Science,4.3,2,2,15,33,29,15,5,26,10,44,79,23,29,2,1,46,37,36,55,DevOps Engineer,0
24,Bachelor's,Other,3,2,1,52,47,61,49,20,30,14,57,58,58,51,2,2,62,52,47,52,Data Analyst,1
30,Bachelor's,Other,5.0,2,4,50,66,57,49,33,42,19,72,43,47,48,5,0,81,64,47,42,Data Analyst,1
32,Bachelor's,Data Science,0.7,1,0,40,25,21,26,22,31,28,56,78,79,29,3,3,54,53,41,55,Machine Learning Engineer,1
24,Diploma,Data Science,3,1,2,91,76,75,63,63,74,58,66,59,66,83,3,2,78,71,72,72,Data Analyst,1
35,Bachelor's,Computer Science,0.2,1,0,32,62,53,57,39,26,42,60,53,65,31,1,2,45,50,48,18,Frontend Developer,0
22,Bachelor's,Electrical Engineering,1,0,1,72,78,79,87,81,50,54,64,31,77,57,3,4,63,60,58,64,Machine Learning Engineer,1
35,Bachelor's,Computer Science,1.4,0,1,41,32,44,20,20,46,32,23,55,62,43,3,2,49,39,43,33,Machine Learning Engineer,0
33,Bachelor's,Data Science,1.6,1,1,50,53,33,32,60,54,23,81,65,62,24,4,2,66,55,34,47,Frontend Developer,1
23,Diploma,Electrical Engineering,0.0,0,0,16,29,30,23,49,45,23,91,56,62,35,1,3,59,61,44,10,Machine Learning Engineer,0
35,Bachelor's,Computer Science,5.6,0,2,81,84,67,61,76,49,61,87,42,36,52,4,1,81,70,54,53,Frontend Developer,1
36,Master's,Computer Science,3.2,0,1,80,71,61,92,57,77,70,61,42,60,56,3,1,70,59,54,86,QA Engineer,1
27,Diploma,Other,0.5,3,0,32,53,42,43,28,36,24,72,99,34,57,4,2,62,64,60,85,Machine Learning Engineer,0
34,Bachelor's,Electrical Engineering,10.5,0,1,92,73,72,69,69,99,84,53,62,54,67,5,3,78,60,61,93,Frontend Developer,1
30,Bachelor's,Electrical Engineering,1.5,1,1,62,66,53,57,44,64,86,74,75,79,60,5,3,76,64,71,56,Data Analyst,1
23,Diploma,Computer Science,1.8,2,1,66,67,39,65,40,30,45,87,61,66,62,3,4,84,72,56,75,Full Stack Developer,1
25,Bachelor's,Computer Science,4,1,3,56,56,62,49,83,69,53,60,68,50,62,5,3,71,62,67,50,QA Engineer,1
20,Bachelor's,Other,0,2,0,30,50,33,47,56,35,59,65,49,90,26,3,2,55,49,43,45,DevOps Engineer,0
21,Bachelor's,Electrical Engineering,0,3,0,84,99,100,86,100,77,100,56,41,58,92,7,2,86,63,76,83,Machine Learning Engineer,1
39,Diploma,Other,0.7,1,0,63,49,69,82,63,50,68,79,60,70,48,3,4,76,60,46,47,Full Stack Developer,1
25,PhD,Data Science,3.8,1,3,48,65,42,40,69,53,34,59,42,65,53,3,0,66,52,52,45,Backend Developer,1
39,Master's,Information Technology,0.7,1,0,86,76,92,84,89,75,74,39,68,55,84,5,4,74,61,75,53,Machine Learning Engineer,1
25,Bachelor's,Electrical Engineering,4,1,2,65,54,62,74,87,68,63,72,57,75,78,4,2,84,75,76,60,Frontend Developer,1
42,Bachelor's,Electrical Engineering,0.1,3,0,63,58,67,53,25,38,29,54,53,71,43,5,1,69,52,50,78,Backend Developer,1
35,Bachelor's,Data Science,0.6,0,0,52,53,37,59,43,36,34,50,66,67,54,2,2,61,50,62,68,Frontend Developer,1
37,Bachelor's,Electrical Engineering,1.5,2,1,65,79,81,60,83,55,95,75,51,49,89,2,2,64,81,84,74,Cloud Engineer,1
26,Diploma,Electrical Engineering,4.7,0,4,89,85,72,100,64,89,82,49,64,62,94,6,1,75,66,75,91,Full Stack Developer,1
23,Master's,Other,2,1,1,84,69,66,60,67,72,53,72,48,52,56,6,2,83,60,58,69,Machine Learning Engineer,1
29,PhD,Information Technology,1.1,2,1,66,51,39,47,31,58,53,73,47,48,51,3,3,72,60,53,38,Backend Developer,1
38,Master's,Computer Science,0.1,0,0,42,40,34,46,28,46,7,80,50,56,26,3,3,64,51,38,55,Full Stack Developer,0
42,Diploma,Other,0.3,0,0,63,68,64,70,74,72,42,93,57,54,59,5,2,82,70,68,62,Full Stack Developer,1
31,Bachelor's,Other,1.8,0,2,67,64,96,65,75,44,50,53,48,50,60,5,2,74,53,48,62,QA Engineer,1
36,Bachelor's,Data Science,4.1,3,3,48,63,54,42,61,72,54,51,50,64,45,0,2,59,48,39,30,Backend Developer,1
25,Bachelor's,Other,1.0,1,1,50,22,26,22,35,55,5,75,40,78,25,3,3,69,48,35,39,Backend Developer,0
23,Bachelor's,Information Technology,2,1,2,76,98,71,80,72,74,60,72,62,77,72,6,3,83,74,64,73,Backend Developer,1
24,Bachelor's,Electrical Engineering,2.7,1,2,47,31,27,5,49,10,23,59,81,66,34,6,1,69,46,44,72,QA Engineer,1
29,Bachelor's,Information Technology,1.7,1,2,79,77,69,98,62,82,73,70,54,81,79,6,4,83,68,65,55,Machine Learning Engineer,1
21,Diploma,Computer Science,0,2,0,39,45,43,65,49,60,54,61,71,75,30,1,0,60,44,41,28,QA Engineer,0
35,Bachelor's,Other,0.6,0,0,56,56,60,66,36,32,44,66,56,79,58,0,2,61,60,57,5,Full Stack Developer,0
29,Master's,Computer Science,0.9,0,0,37,58,39,47,62,14,47,60,46,55,68,0,2,60,61,69,42,Data Analyst,1
34,Master's,Electrical Engineering,0.9,1,0,87,100,87,85,89,49,57,56,46,55,84,7,3,89,61,84,100,Backend Developer,1
21,Diploma,Other,0,2,0,82,66,61,83,67,57,58,50,41,82,52,6,0,71,56,58,99,Full Stack Developer,1
35,Bachelor's,Data Science,5.8,0,4,81,61,59,70,84,69,48,70,41,77,78,4,2,73,73,73,67,Data Analyst,1
29,PhD,Data Science,6.3,1,4,63,23,34,65,26,25,29,72,74,77,56,4,0,66,60,56,91,Software Developer,1
35,Bachelor's,Computer Science,0.4,2,0,47,61,45,27,57,44,38,31,74,75,36,3,1,46,32,50,65,Data Analyst,0
33,Bachelor's,Information Technology,5.2,1,2,77,68,49,49,68,41,34,45,55,79,52,5,2,69,45,48,37,Backend Developer,1
37,Bachelor's,Other,5.6,2,2,35,57,58,53,43,18,33,54,29,48,38,5,1,55,43,35,49,Data Analyst,0
23,Bachelor's,Information Technology,0.1,0,0,59,52,57,70,71,35,47,84,84,70,79,5,2,67,77,64,68,Data Analyst,1
42,Bachelor's,Data Science,1.0,2,1,90,90,100,93,71,81,99,56,40,46,73,5,5,81,66,70,76,Cloud Engineer,1
23,Diploma,Other,1.4,1,1,65,52,55,50,69,38,50,39,62,55,56,2,4,63,42,55,18,Data Analyst,0
25,Bachelor's,Information Technology,1.5,1,1,61,67,46,34,54,47,25,70,65,66,69,5,1,83,69,58,88,Machine Learning Engineer,1
29,Master's,Other,0.1,1,0,64,67,72,61,32,58,80,93,53,65,82,5,3,72,80,74,40,Cloud Engineer,1
33,Bachelor's,Computer Science,3.0,3,3,60,64,60,57,62,66,22,46,65,55,63,3,2,70,55,71,66,DevOps Engineer,1
31,Bachelor's,Data Science,7.5,0,3,68,82,74,68,71,86,70,32,49,84,59,7,5,66,43,47,100,DevOps Engineer,1
24,Bachelor's,Other,0.4,0,0,69,71,45,63,83,55,52,66,65,70,64,5,4,81,59,80,45,Cloud Engineer,1
29,Bachelor's,Electrical Engineering,3.2,0,1,60,77,64,74,71,62,45,61,42,47,72,5,3,59,66,72,72,Machine Learning Engineer,1
40,Bachelor's,Data Science,1.6,2,1,48,38,58,52,60,55,13,72,70,63,68,4,2,73,68,73,60,DevOps Engineer,1
21,PhD,Electrical Engineering,0,1,0,66,76,73,47,66,81,50,59,31,65,83,1,2,62,65,73,63,Backend Developer,1
41,Master's,Computer Science,5.9,0,4,63,58,68,51,44,58,39,87,39,85,63,7,4,81,70,61,55,Full Stack Developer,1
32,Bachelor's,Electrical Engineering,1.3,2,1,45,50,61,39,32,49,38,60,58,70,46,2,2,63,54,49,47,Full Stack Developer,1
23,Bachelor's,Electrical Engineering,1.9,1,1,66,53,55,29,56,59,61,76,46,34,76,2,1,70,67,74,46,Software Developer,1
35,Bachelor's,Other,0.5,2,0,40,37,56,65,63,32,55,66,57,67,21,2,1,50,45,34,61,Backend Developer,0
37,Bachelor's,Other,2.0,0,2,61,77,57,61,72,87,74,63,84,68,63,1,2,64,57,64,48,Cloud Engineer,1
22,Bachelor's,Computer Science,1.0,3,1,57,57,77,61,55,43,49,67,48,56,67,2,2,68,63,55,20,Software Developer,1
35,Bachelor's,Data Science,0.6,1,0,53,76,79,68,67,63,20,74,66,71,39,1,0,68,58,40,15,Machine Learning Engineer,1
39,Bachelor's,Other,1.6,0,1,41,14,28,54,34,74,61,69,63,80,65,3,4,60,67,73,20,Software Developer,1
39,Bachelor's,Computer Science,0.5,0,0,74,55,80,61,74,87,66,77,45,62,54,3,2,77,62,63,54,Backend Developer,1
25,Bachelor's,Data Science,1.5,0,1,69,30,75,41,40,43,73,56,58,42,72,3,1,70,64,68,80,Frontend Developer,1
27,Bachelor's,Data Science,3.2,0,2,36,33,44,15,48,18,45,66,68,69,49,4,4,64,57,53,38,Cloud Engineer,1
27,Bachelor's,Information Technology,0.6,0,0,74,74,84,66,98,67,94,52,45,74,90,2,2,65,70,87,35,Frontend Developer,1
38,Bachelor's,Other,0.4,1,0,43,39,35,63,39,15,43,70,56,54,37,2,1,58,54,38,46,Software Developer,0
26,Master's,Data Science,1.6,2,2,77,78,64,67,81,74,68,76,48,70,79,4,3,76,64,71,79,DevOps Engineer,1
30,Master's,Computer Science,4.4,1,3,77,68,75,69,60,60,49,48,71,70,56,3,3,65,50,50,48,QA Engineer,1
29,Master's,Electrical Engineering,1.3,2,1,44,54,43,42,60,66,31,78,27,53,54,3,2,70,64,61,40,Frontend Developer,1
34,Bachelor's,Electrical Engineering,4.3,3,3,97,80,80,73,97,69,58,55,59,80,68,7,3,69,59,71,100,QA Engineer,1
32,Bachelor's,Information Technology,1.1,0,1,73,75,88,80,100,57,42,66,74,58,96,7,0,79,72,84,96,Backend Developer,1
40,Bachelor's,Information Technology,2.9,1,2,52,43,54,69,44,47,27,58,55,95,30,3,2,59,48,42,53,Frontend Developer,0
37,Master's,Information Technology,1.6,0,2,84,78,48,67,53,50,62,81,43,63,71,5,3,86,69,68,68,Data Analyst,1
30,Bachelor's,Information Technology,0.1,0,0,61,55,57,58,58,55,67,64,37,50,70,4,3,70,64,65,78,Frontend Developer,1
28,PhD,Information Technology,4.9,2,1,65,42,55,52,32,57,8,54,31,69,51,5,1,69,57,52,67,QA Engineer,1
26,PhD,Information Technology,1.3,0,1,61,53,60,54,52,74,55,40,58,61,57,4,3,54,46,67,60,QA Engineer,1
42,Bachelor's,Other,2.2,0,2,74,54,73,86,62,68,75,50,43,69,64,3,3,72,57,58,78,Machine Learning Engineer,1
37,Bachelor's,Data Science,0.5,1,0,59,50,49,59,60,69,32,62,81,56,45,2,3,58,54,47,37,Cloud Engineer,1
36,Bachelor's,Computer Science,3.1,0,1,62,57,69,56,40,58,33,46,66,68,52,3,3,59,56,50,30,Full Stack Developer,1
31,Master's,Computer Science,2.3,3,2,34,35,28,36,49,36,34,53,62,55,19,5,1,51,39,36,33,Data Analyst,0
33,Bachelor's,Other,6.1,0,2,41,23,13,17,50,20,60,59,36,75,41,2,2,63,49,54,41,Machine Learning Engineer,0
34,PhD,Other,1.7,1,1,15,12,25,20,42,38,14,56,43,48,10,3,1,54,39,34,51,Software Developer,0
29,Master's,Computer Science,0.3,1,0,54,45,61,33,25,32,37,53,52,47,56,4,2,59,56,52,82,Machine Learning Engineer,1
27,Bachelor's,Electrical Engineering,3.9,2,1,66,50,55,47,56,75,59,47,66,51,48,4,3,64,51,60,74,Software Developer,1
22,Master's,Electrical Engineering,1,1,1,68,74,49,55,80,58,58,72,33,74,58,3,1,75,65,64,40,Cloud Engineer,1
25,Bachelor's,Electrical Engineering,4,1,2,73,66,62,68,62,63,52,54,49,71,60,2,4,65,60,55,78,Software Developer,1
28,Bachelor's,Computer Science,2.3,1,1,70,69,85,80,72,98,69,57,54,64,70,5,4,67,63,65,87,QA Engineer,1
27,Master's,Electrical Engineering,6,1,1,81,82,64,66,63,73,56,35,57,86,69,3,3,79,53,65,68,Cloud Engineer,1
20,Bachelor's,Data Science,0,3,0,72,70,51,98,59,55,70,71,79,95,83,3,2,73,76,80,69,QA Engineer,1
29,Bachelor's,Information Technology,3.3,3,1,66,55,48,38,76,41,19,71,44,52,56,7,1,83,61,58,72,Backend Developer,1
39,Bachelor's,Information Technology,2.7,1,1,79,97,69,85,65,63,57,81,46,65,84,4,2,80,77,81,64,Software Developer,1
26,PhD,Other,0.2,3,0,29,55,38,49,27,52,19,32,78,49,39,1,0,45,40,36,41,DevOps Engineer,0
37,Bachelor's,Computer Science,1.4,2,1,50,61,42,74,35,48,41,57,46,64,56,2,2,57,58,44,41,Full Stack Developer,1
33,Bachelor's,Information Technology,1.1,0,1,76,59,55,82,89,85,78,56,50,59,51,6,3,80,58,58,81,DevOps Engineer,1
24,Master's,Computer Science,0.5,0,0,82,100,95,83,99,100,82,60,55,63,72,4,3,69,62,67,57,QA Engineer,1
34,Bachelor's,Other,0.2,1,0,36,45,40,55,59,67,45,46,29,56,69,4,2,59,62,58,34,Data Analyst,0
25,Master's,Computer Science,4,2,2,41,65,51,21,45,33,30,61,64,55,35,4,2,63,42,38,46,Data Analyst,1
42,Bachelor's,Data Science,2.7,2,2,15,11,20,5,8,5,5,69,75,55,5,3,1,51,40,33,12,Data Analyst,0
30,Diploma,Information Technology,1.2,2,1,60,62,53,75,59,46,45,73,18,50,62,3,3,60,62,62,63,Data Analyst,1
24,Bachelor's,Electrical Engineering,2.8,3,2,63,63,55,56,63,49,35,71,45,76,63,8,3,74,61,56,77,Software Developer,1
29,Bachelor's,Computer Science,3.5,1,1,52,32,45,30,31,34,32,63,57,71,19,3,2,63,43,41,62,DevOps Engineer,0
30,Master's,Other,0.4,3,0,62,41,75,68,67,82,62,69,45,70,56,4,0,80,62,55,51,Backend Developer,1
37,Bachelor's,Information Technology,1.1,1,1,90,90,65,68,53,61,61,96,62,48,75,6,4,89,81,69,87,Data Analyst,1
32,Bachelor's,Other,0.2,1,0,43,55,30,39,32,68,39,52,57,77,23,1,2,51,37,34,39,DevOps Engineer,0
39,Bachelor's,Data Science,0.9,1,0,89,90,78,91,81,87,87,40,60,70,98,2,2,74,68,76,43,Machine Learning Engineer,1
39,Bachelor's,Computer Science,0.8,0,0,79,34,78,53,59,56,51,48,32,59,42,6,3,74,49,44,84,Machine Learning Engineer,1
41,Bachelor's,Computer Science,4.8,2,4,80,76,52,59,79,42,56,46,49,84,62,4,3,68,56,52,100,Frontend Developer,1
42,Bachelor's,Other,11.6,1,1,75,48,62,47,50,38,19,41,80,72,45,3,0,64,49,45,75,Cloud Engineer,1
26,Master's,Information Technology,2.3,2,2,60,42,46,47,65,40,22,61,62,65,35,2,0,67,47,41,57,Data Analyst,1
37,Bachelor's,Other,4.9,1,2,31,32,45,16,40,5,56,39,45,77,40,2,2,46,35,58,35,Software Developer,0
39,Bachelor's,Computer Science,0.3,1,0,62,49,70,64,62,38,38,59,53,50,80,3,2,68,72,67,51,Cloud Engineer,1
21,Bachelor's,Data Science,0,1,0,60,33,56,55,64,46,81,67,56,74,71,5,4,73,65,64,46,Software Developer,1
30,Master's,Information Technology,9,4,5,44,15,15,41,26,14,5,46,67,69,29,3,0,57,34,44,60,DevOps Engineer,1
41,Bachelor's,Electrical Engineering,3.5,1,1,73,43,58,17,44,61,57,42,80,49,40,4,3,68,42,42,54,Software Developer,1
41,Bachelor's,Information Technology,2.5,0,2,39,42,48,45,53,46,32,64,53,74,53,3,3,57,62,43,28,Machine Learning Engineer,0
23,Bachelor's,Other,0.3,1,0,70,77,91,96,70,83,67,31,70,67,67,4,3,64,48,63,69,Backend Developer,1
34,Bachelor's,Electrical Engineering,0.2,4,0,52,50,42,51,50,45,39,64,61,66,52,1,3,61,58,55,57,Backend Developer,1
24,Diploma,Electrical Engineering,3,3,3,42,34,9,29,29,51,17,41,57,77,25,2,0,44,32,45,54,DevOps Engineer,0
34,Bachelor's,Computer Science,4.1,0,1,60,48,52,61,50,35,64,49,57,69,96,4,3,70,71,73,13,QA Engineer,1
34,Diploma,Computer Science,9.7,0,3,100,73,68,67,54,86,90,64,53,78,93,1,3,85,76,82,64,QA Engineer,1
23,Master's,Computer Science,1.7,0,1,49,63,66,87,39,69,80,57,35,99,56,3,4,54,57,50,45,Frontend Developer,1
24,Bachelor's,Electrical Engineering,3,0,2,66,81,76,44,46,74,59,69,55,82,71,5,2,78,63,65,57,Full Stack Developer,1
33,Bachelor's,Other,0.8,0,0,42,27,62,57,38,53,29,57,99,62,25,1,3,54,40,41,37,Backend Developer,0
23,Bachelor's,Information Technology,2,2,2,79,75,81,51,53,61,69,78,61,67,75,3,3,79,76,64,52,Software Developer,1
27,Bachelor's,Electrical Engineering,4.3,1,1,27,30,10,27,30,13,34,53,48,70,21,0,3,46,44,43,34,Full Stack Developer,0
34,Bachelor's,Data Science,1.8,0,2,54,58,59,91,58,84,74,11,59,43,51,3,5,49,34,51,73,Backend Developer,1
24,PhD,Computer Science,3,3,2,49,30,34,51,52,18,54,70,78,77,40,2,3,68,56,70,71,DevOps Engineer,1
25,Bachelor's,Electrical Engineering,3.5,3,3,51,45,74,52,74,38,35,89,70,63,65,2,2,75,72,66,14,DevOps Engineer,1
21,Bachelor's,Computer Science,0,3,0,67,83,85,77,61,50,45,50,64,75,57,3,2,57,58,51,57,Frontend Developer,1
30,Bachelor's,Computer Science,1.2,0,1,58,42,47,42,27,30,40,40,35,89,40,4,2,66,42,59,78,Machine Learning Engineer,0
23,Diploma,Information Technology,0.5,0,0,83,93,87,100,88,88,81,73,47,56,100,5,3,94,79,79,60,Full Stack Developer,1
30,Bachelor's,Other,1.9,2,2,68,71,61,61,77,69,57,52,94,59,64,3,2,70,62,71,39,Backend Developer,1
30,Bachelor's,Other,2.4,1,2,57,36,73,77,82,57,62,62,80,55,91,2,4,74,69,77,38,Software Developer,1
29,Bachelor's,Other,8,2,5,72,50,54,51,48,69,52,63,70,56,68,5,4,77,59,66,77,DevOps Engineer,1
22,Bachelor's,Other,1,1,1,59,29,34,45,47,22,25,69,29,96,42,3,2,63,61,49,46,Cloud Engineer,1
33,Bachelor's,Information Technology,3.7,1,3,74,32,41,59,35,36,39,52,45,72,54,1,1,67,59,55,67,Full Stack Developer,1
38,Bachelor's,Computer Science,1.0,1,1,46,76,53,32,29,15,26,69,50,55,53,4,2,66,60,48,22,Backend Developer,1
40,Bachelor's,Other,3.3,4,1,65,73,67,69,58,65,69,31,72,58,71,0,2,45,52,68,45,Software Developer,1
30,Bachelor's,Data Science,5.0,2,3,39,36,42,44,33,59,5,78,61,73,15,3,2,58,46,19,63,Frontend Developer,0
42,Master's,Computer Science,4.0,0,2,77,70,85,86,47,48,55,47,76,90,78,5,5,74,63,73,79,Backend Developer,1
23,Master's,Computer Science,0.2,2,0,82,83,65,69,77,72,85,69,56,41,77,4,4,77,69,72,92,Full Stack Developer,1
38,Bachelor's,Computer Science,1.2,0,1,58,51,66,78,68,65,63,55,19,89,58,1,3,63,61,68,63,Frontend Developer,1
36,PhD,Computer Science,0.7,0,0,61,60,57,34,52,50,48,67,50,84,44,8,1,81,55,62,87,DevOps Engineer,1
35,PhD,Electrical Engineering,8.0,1,1,64,40,37,25,56,62,34,67,49,59,49,5,4,71,59,47,77,Frontend Developer,1
38,Bachelor's,Electrical Engineering,0.9,2,0,20,33,19,40,27,51,35,67,32,65,34,3,2,55,48,30,20,Machine Learning Engineer,0
24,Bachelor's,Other,1.0,1,1,57,54,49,60,74,68,41,64,54,37,72,2,3,60,68,75,52,DevOps Engineer,1
42,Bachelor's,Electrical Engineering,0.5,1,0,49,32,32,49,32,38,34,57,67,69,38,2,1,52,49,49,36,DevOps Engineer,0
31,Master's,Data Science,1.2,2,1,77,63,79,64,61,53,49,65,52,61,80,5,2,68,71,60,56,QA Engineer,1
38,Bachelor's,Data Science,0.1,1,0,84,77,78,71,59,77,67,78,44,76,59,4,3,73,64,58,100,Frontend Developer,1
32,Bachelor's,Other,4.7,1,1,52,34,41,36,53,67,55,47,55,59,38,2,3,50,45,35,34,Frontend Developer,0
25,Bachelor's,Other,2.5,0,2,62,36,52,48,34,42,39,34,64,53,61,1,0,48,49,66,57,QA Engineer,1
27,Diploma,Data Science,1.5,0,1,20,5,27,18,26,36,15,57,75,62,12,2,0,59,41,29,48,DevOps Engineer,0
31,Master's,Information Technology,3.2,3,2,90,86,87,67,90,36,79,55,64,58,89,6,2,87,65,84,84,Full Stack Developer,1
24,Bachelor's,Electrical Engineering,0.3,0,0,60,43,58,75,73,45,58,55,83,75,72,3,3,58,57,77,60,Data Analyst,1
41,Bachelor's,Data Science,0.8,1,0,48,51,51,54,84,39,59,54,80,56,46,6,3,70,49,62,48,Frontend Developer,0
28,Bachelor's,Electrical Engineering,5.8,2,4,44,61,31,46,36,34,63,70,31,62,52,5,3,61,57,59,74,Machine Learning Engineer,1
22,Bachelor's,Information Technology,0.3,0,0,51,38,29,51,47,66,55,36,60,79,58,6,5,58,50,73,92,QA Engineer,1
40,Bachelor's,Data Science,0.7,0,0,84,74,75,87,77,72,73,34,51,89,69,3,3,70,60,67,49,Backend Developer,1
33,Bachelor's,Information Technology,5.5,1,3,59,62,75,49,44,54,38,80,51,60,18,4,3,73,51,41,38,QA Engineer,1
22,Bachelor's,Information Technology,0.3,0,0,79,100,83,76,82,100,93,51,46,54,100,6,3,73,71,70,78,DevOps Engineer,1
30,Diploma,Computer Science,3.5,1,2,34,52,50,65,25,61,45,88,72,57,45,3,2,60,68,49,68,Backend Developer,0
34,Bachelor's,Computer Science,0.2,0,0,71,20,72,60,55,37,70,43,57,81,37,4,3,69,42,50,83,DevOps Engineer,1
38,Diploma,Other,0.7,4,0,89,94,93,70,94,84,77,39,38,77,100,3,3,72,69,76,21,Backend Developer,1
39,Bachelor's,Electrical Engineering,3.1,1,1,88,100,83,100,100,94,78,67,30,47,90,5,3,82,80,77,78,Machine Learning Engineer,1
32,Diploma,Electrical Engineering,1.0,2,1,73,46,87,62,69,74,62,67,40,70,71,6,4,81,65,69,71,QA Engineer,1
36,Bachelor's,Information Technology,1.2,1,1,35,47,42,57,47,17,71,55,43,65,48,1,2,57,51,47,32,DevOps Engineer,0
28,Diploma,Electrical Engineering,1.3,1,1,70,41,76,68,60,46,55,35,27,73,49,7,3,67,53,61,80,Backend Developer,1
33,Diploma,Electrical Engineering,2.2,0,1,33,62,43,27,48,55,39,49,33,56,53,3,2,54,53,67,38,DevOps Engineer,0
40,Master's,Other,0.8,2,0,95,91,88,92,100,97,74,44,52,65,72,5,2,86,56,71,100,Full Stack Developer,1
33,Bachelor's,Other,11.1,2,5,96,55,72,100,62,76,61,63,56,49,67,4,4,83,63,58,55,Data Analyst,1
25,Bachelor's,Other,1.0,0,1,54,54,84,51,60,42,76,44,42,74,80,3,2,63,63,71,59,Full Stack Developer,1
22,Bachelor's,Electrical Engineering,1,0,1,49,60,69,19,50,56,72,56,46,76,57,4,2,66,58,52,48,Frontend Developer,1
21,Master's,Other,0,1,0,51,30,45,63,61,46,68,73,63,32,58,3,4,71,69,49,59,Frontend Developer,1
34,Bachelor's,Data Science,4.1,1,1,65,71,92,62,60,65,42,58,65,63,80,2,3,65,72,62,44,Machine Learning Engineer,1
33,Master's,Data Science,6.5,4,5,68,78,68,54,82,72,45,75,40,71,97,5,3,83,89,80,80,Software Developer,1
29,Bachelor's,Data Science,1.6,3,2,74,44,66,66,56,71,84,65,32,56,47,4,2,76,59,57,69,Machine Learning Engineer,1
24,Diploma,Other,2.1,1,1,21,29,34,35,37,8,28,86,48,24,35,3,1,65,59,46,35,Data Analyst,0
29,PhD,Other,2.4,0,2,63,59,81,72,48,69,71,59,47,56,64,4,1,72,63,60,65,Cloud Engineer,1
26,Bachelor's,Other,1.7,1,2,73,50,35,26,49,23,55,45,65,79,49,4,4,67,45,52,60,QA Engineer,1
25,Bachelor's,Electrical Engineering,4,1,1,88,80,75,43,100,62,84,62,46,61,71,7,1,86,70,64,88,Frontend Developer,1
33,Master's,Electrical Engineering,1.9,1,2,96,65,89,90,69,60,75,53,54,59,72,3,1,83,61,69,57,DevOps Engineer,1
28,Diploma,Data Science,3.0,3,3,39,70,59,21,38,56,34,60,36,85,46,0,1,52,56,57,5,Cloud Engineer,0
37,Bachelor's,Computer Science,2.7,1,1,51,60,61,45,54,57,57,65,63,73,63,4,2,68,61,58,63,Machine Learning Engineer,1
32,Master's,Data Science,0.3,0,0,84,98,93,82,84,67,84,71,51,58,100,5,3,74,75,92,77,QA Engineer,1
37,Bachelor's,Computer Science,3.0,0,3,66,84,30,83,58,31,20,75,54,65,32,4,1,87,61,43,38,Cloud Engineer,1
41,Bachelor's,Other,1.4,1,1,90,74,79,77,88,90,93,57,72,38,64,3,5,74,62,63,45,Data Analyst,1
30,Bachelor's,Information Technology,0.7,4,0,96,94,100,96,75,82,75,61,84,79,86,3,4,73,69,77,84,Software Developer,1
39,Diploma,Data Science,1.3,0,1,52,57,49,59,41,60,53,52,79,67,61,2,3,65,54,62,57,Full Stack Developer,1
28,Bachelor's,Other,2.4,1,1,52,46,52,48,34,34,13,56,64,85,62,3,1,61,56,59,75,Backend Developer,1
40,Bachelor's,Electrical Engineering,0.2,3,0,80,57,72,94,78,99,77,47,52,55,79,6,1,79,62,66,37,Data Analyst,1
30,Diploma,Electrical Engineering,1.1,1,1,44,43,48,62,61,55,45,64,41,87,72,2,1,54,63,62,48,Software Developer,1
21,Bachelor's,Information Technology,0,3,0,68,68,89,92,82,56,64,55,60,65,64,2,1,70,59,66,15,Software Developer,1
41,Bachelor's,Computer Science,4.4,1,2,70,50,29,33,54,39,29,59,33,67,51,5,2,74,52,51,60,Frontend Developer,1
38,Bachelor's,Other,6.2,2,2,81,30,45,54,55,50,25,73,60,85,45,4,2,81,62,49,48,Machine Learning Engineer,1
38,Bachelor's,Computer Science,9.4,1,4,60,10,5,30,15,6,14,62,28,68,37,1,1,66,51,46,59,DevOps Engineer,1
37,Bachelor's,Other,0.3,0,0,63,64,69,79,47,47,73,61,58,82,40,6,3,67,56,59,100,Machine Learning Engineer,1
31,Master's,Computer Science,3.1,3,3,87,91,71,60,59,74,31,36,55,69,63,4,0,68,51,64,80,Frontend Developer,1
36,Bachelor's,Electrical Engineering,9.9,3,2,91,81,52,54,78,71,82,43,52,80,62,2,2,72,49,65,96,Frontend Developer,1
26,Master's,Data Science,1.0,3,1,59,59,73,69,50,72,36,65,39,72,43,5,1,76,56,54,55,Data Analyst,1
22,Master's,Information Technology,1.0,1,1,77,59,66,64,60,63,38,66,46,59,65,6,0,76,63,64,63,Frontend Developer,1
32,Bachelor's,Other,4.9,2,1,100,89,94,86,97,100,74,55,61,53,100,6,0,90,71,87,89,Backend Developer,1
24,Bachelor's,Data Science,2.5,0,1,74,61,40,56,50,39,45,68,57,100,55,1,1,75,59,52,58,Machine Learning Engineer,1
32,Bachelor's,Electrical Engineering,0.6,0,0,61,59,53,55,50,35,53,65,68,62,58,6,3,75,59,58,84,Data Analyst,1
25,Bachelor's,Computer Science,4,0,2,91,94,95,69,98,64,87,79,47,44,89,4,3,86,80,69,90,QA Engineer,1
35,Bachelor's,Electrical Engineering,1.8,1,1,51,34,47,71,56,39,47,92,53,50,59,3,1,70,74,58,61,Machine Learning Engineer,1
40,Bachelor's,Information Technology,2.2,2,1,47,43,43,36,18,33,15,65,64,68,36,2,0,57,53,42,50,DevOps Engineer,1
42,Bachelor's,Computer Science,7.1,1,4,67,58,67,58,72,30,57,63,66,72,49,3,4,73,56,50,49,Frontend Developer,1
21,Bachelor's,Computer Science,0,1,0,31,51,35,40,46,63,38,64,18,58,48,4,3,63,56,56,75,Cloud Engineer,1
41,Bachelor's,Computer Science,0.5,0,0,86,100,71,67,79,95,86,67,54,67,89,4,3,83,73,73,65,Machine Learning Engineer,1
26,PhD,Computer Science,1.5,2,2,50,59,63,78,74,52,51,83,42,71,73,3,0,77,73,69,52,Cloud Engineer,1
36,Bachelor's,Other,2.9,0,1,49,67,50,29,61,49,41,68,56,69,63,2,4,60,63,66,25,Frontend Developer,0
36,Master's,Information Technology,4.5,1,3,65,77,61,77,50,43,37,73,41,73,67,5,2,77,67,78,66,Machine Learning Engineer,1
37,Bachelor's,Electrical Engineering,5.1,3,2,69,83,65,74,65,72,40,67,51,89,93,6,1,79,72,82,72,DevOps Engineer,1
35,Master's,Data Science,0.1,1,0,85,72,86,60,77,63,64,71,69,70,79,6,3,83,68,84,62,Cloud Engineer,1
35,Bachelor's,Computer Science,1.1,4,1,48,65,60,69,54,83,47,42,31,67,49,1,4,49,48,55,48,Frontend Developer,0
41,Diploma,Other,0.1,2,0,65,67,82,62,59,66,66,56,40,55,35,7,4,77,47,37,92,DevOps Engineer,1
32,Diploma,Other,2.5,2,1,65,49,63,80,57,51,61,75,78,79,47,4,2,79,61,56,76,Machine Learning Engineer,1
36,Bachelor's,Computer Science,8.5,1,2,72,86,59,33,73,73,70,66,58,69,65,5,3,68,64,68,71,Backend Developer,1
21,Diploma,Other,0,1,0,67,50,64,45,44,60,25,83,84,65,68,3,1,77,70,69,73,Cloud Engineer,1
42,Diploma,Computer Science,1.5,2,1,70,58,43,38,40,33,51,77,98,90,48,5,2,87,63,50,87,Cloud Engineer,1
39,PhD,Computer Science,4.5,1,4,54,56,57,61,23,30,35,60,59,54,41,2,2,60,51,50,39,QA Engineer,1
26,Bachelor's,Computer Science,0.5,3,0,63,72,57,53,69,53,35,81,48,49,38,2,1,73,57,48,72,QA Engineer,1
30,Bachelor's,Other,1.4,2,1,60,47,59,59,75,63,73,50,66,74,73,0,3,57,64,71,65,QA Engineer,0
30,Bachelor's,Other,4.2,2,1,68,66,51,64,49,59,77,67,65,64,36,4,2,70,56,44,49,Full Stack Developer,1
40,Diploma,Data Science,5.0,1,4,53,34,39,16,40,31,42,53,39,66,58,3,4,49,53,57,28,Backend Developer,0
32,Bachelor's,Information Technology,1.4,1,1,57,52,36,61,26,42,30,64,62,61,42,4,2,68,49,59,61,Cloud Engineer,0
24,Master's,Computer Science,1.3,4,1,55,46,79,60,36,26,63,56,52,67,48,5,1,56,52,48,53,Machine Learning Engineer,1
41,Master's,Electrical Engineering,0.3,1,0,40,52,47,61,60,50,35,22,30,44,49,5,3,35,49,52,45,Data Analyst,1
42,Bachelor's,Computer Science,6.8,2,2,70,63,73,53,50,61,57,34,74,81,93,3,3,68,64,87,60,QA Engineer,1
24,Bachelor's,Computer Science,2.4,2,1,80,67,88,47,93,85,72,77,49,69,60,2,3,74,63,66,54,Frontend Developer,1
23,Bachelor's,Data Science,2,0,1,71,51,58,68,69,66,61,65,30,85,51,4,2,79,57,48,90,Full Stack Developer,1
40,Bachelor's,Other,3.4,0,2,59,63,49,69,53,52,49,75,68,83,57,3,3,69,70,58,56,Backend Developer,1
32,Bachelor's,Data Science,8.7,2,1,100,94,79,82,87,89,95,64,55,56,94,2,3,73,77,76,50,DevOps Engineer,1
41,Diploma,Other,2.1,0,1,91,100,79,82,100,75,68,87,53,54,82,1,4,88,75,69,86,Data Analyst,1
30,Bachelor's,Computer Science,5.3,1,1,59,50,47,84,53,46,69,53,63,62,34,4,2,60,47,45,72,Backend Developer,1
20,Bachelor's,Information Technology,0,2,0,54,49,58,78,46,59,46,55,61,62,59,2,2,65,57,55,15,Cloud Engineer,1
29,Diploma,Other,1.0,0,1,36,43,48,24,34,24,7,65,40,66,25,2,1,57,49,37,35,QA Engineer,0
35,Master's,Electrical Engineering,0.6,1,0,60,61,51,46,62,34,78,48,52,85,58,3,3,62,54,66,35,Frontend Developer,1
24,Bachelor's,Information Technology,1.4,2,1,94,58,77,77,45,62,79,78,58,51,63,2,3,79,73,59,72,DevOps Engineer,1
20,Bachelor's,Data Science,0,0,0,82,75,88,60,86,79,88,49,54,68,60,5,3,76,53,57,42,QA Engineer,1
25,Bachelor's,Information Technology,0.6,3,0,48,48,39,49,42,37,44,88,41,77,30,0,2,69,62,44,40,Full Stack Developer,1
31,Bachelor's,Data Science,0.9,1,0,60,53,49,56,69,41,43,60,74,62,63,2,0,64,59,55,73,Software Developer,1
39,Bachelor's,Computer Science,1.3,2,1,49,51,48,49,54,20,40,82,61,63,26,3,1,54,56,49,61,Frontend Developer,1
37,PhD,Data Science,3.6,3,3,56,40,58,18,47,50,39,54,96,56,82,7,3,74,71,66,77,DevOps Engineer,1
34,Bachelor's,Data Science,4.0,1,2,67,64,61,79,75,34,30,67,42,63,61,6,1,76,65,62,84,Full Stack Developer,1
28,Bachelor's,Information Technology,7,0,1,70,48,71,53,61,47,34,57,39,56,50,7,3,78,53,58,79,Full Stack Developer,1
38,Bachelor's,Data Science,0.3,2,0,58,67,51,63,36,28,37,70,53,50,63,5,1,72,66,58,26,Cloud Engineer,1
25,Master's,Electrical Engineering,3.0,0,1,70,64,90,70,62,35,55,67,35,63,65,5,0,75,64,63,77,Full Stack Developer,1
20,Master's,Other,0,0,0,78,72,89,94,96,53,65,76,56,83,74,6,3,83,70,68,92,Machine Learning Engineer,1
20,Bachelor's,Information Technology,0,0,0,46,60,43,71,34,54,53,65,60,78,48,3,2,72,54,59,34,Machine Learning Engineer,1
39,Master's,Data Science,0.6,1,0,74,80,91,65,99,59,69,54,92,65,86,6,2,80,67,65,70,Data Analyst,1
38,Diploma,Information Technology,1.6,2,1,54,46,60,78,56,49,48,92,43,52,70,2,2,68,76,74,60,Backend Developer,1
27,Bachelor's,Computer Science,3.5,0,1,39,43,57,51,37,72,67,39,53,73,73,0,3,44,57,66,58,Machine Learning Engineer,1
42,Bachelor's,Electrical Engineering,0.4,2,0,67,53,58,58,61,65,67,60,58,72,54,4,1,74,60,63,56,Machine Learning Engineer,1
40,Diploma,Computer Science,3.4,0,1,46,41,50,23,54,23,52,30,30,65,35,4,4,53,39,45,61,Backend Developer,0
27,Master's,Electrical Engineering,1.4,2,1,64,52,43,56,30,47,51,78,65,67,47,3,4,79,63,52,40,DevOps Engineer,1
21,Bachelor's,Computer Science,0,0,0,58,54,52,50,44,55,38,66,55,42,69,3,3,70,66,63,57,DevOps Engineer,1
38,Bachelor's,Information Technology,4.5,1,1,92,86,75,82,98,88,91,78,54,84,77,2,3,78,74,68,84,DevOps Engineer,1
42,PhD,Other,4.3,1,1,75,52,62,56,80,54,40,88,65,37,43,4,2,85,68,53,61,Frontend Developer,1
42,PhD,Electrical Engineering,4.2,0,2,94,84,96,92,100,73,75,43,62,56,88,6,3,69,66,79,84,Backend Developer,1
27,Master's,Data Science,3.4,1,1,68,67,68,63,51,54,31,65,69,56,74,5,4,69,67,64,61,QA Engineer,1
39,Diploma,Electrical Engineering,1.9,2,2,18,26,27,5,5,16,10,70,29,75,19,2,2,53,44,35,45,Software Developer,0
22,Bachelor's,Data Science,1,2,1,72,63,77,61,68,54,54,73,31,68,78,6,1,86,72,71,81,Backend Developer,1
22,Bachelor's,Data Science,1,1,1,78,83,88,96,93,48,73,76,55,69,63,0,4,74,68,68,40,Software Developer,1
32,Bachelor's,Other,0.7,0,0,51,64,52,67,58,43,5,60,42,72,61,2,2,60,63,58,29,Software Developer,1
25,Bachelor's,Other,2.2,1,2,90,100,98,76,77,57,83,66,52,48,92,6,3,81,76,74,87,Frontend Developer,1
23,Bachelor's,Electrical Engineering,1.2,2,1,92,67,66,74,68,59,97,41,54,64,78,4,5,75,61,65,70,Software Developer,1
25,Bachelor's,Electrical Engineering,4,4,1,47,72,55,16,60,22,56,49,63,71,53,3,2,63,55,48,69,Full Stack Developer,1
25,Diploma,Computer Science,4,0,1,64,46,47,40,26,54,49,72,45,55,44,7,2,85,58,61,86,Backend Developer,1
41,Diploma,Computer Science,0.2,0,0,100,91,91,85,95,100,95,69,49,85,99,3,4,80,77,72,86,Frontend Developer,1
25,Bachelor's,Other,0.6,0,0,52,52,23,82,44,39,29,58,71,78,31,3,2,59,43,52,61,Software Developer,0
22,Bachelor's,Information Technology,1,3,1,57,41,65,29,47,33,47,71,77,74,40,2,3,67,53,52,5,Frontend Developer,0
33,Bachelor's,Other,2.6,0,2,55,67,49,75,68,59,73,64,44,59,69,1,4,60,67,66,26,QA Engineer,1
31,Bachelor's,Information Technology,0.8,0,0,75,79,69,44,73,79,52,45,69,59,67,4,4,76,52,76,82,Machine Learning Engineer,1
30,Master's,Electrical Engineering,4.8,0,1,89,70,76,77,64,79,55,54,35,43,97,4,2,86,67,90,75,Software Developer,1
40,Master's,Electrical Engineering,0.0,1,0,69,41,63,46,72,31,63,32,64,72,53,2,4,60,46,59,52,Data Analyst,1
33,Bachelor's,Data Science,0.7,0,0,100,78,86,72,81,68,80,58,44,82,84,3,3,82,67,75,87,Cloud Engineer,1
33,Bachelor's,Electrical Engineering,2.9,2,1,65,48,56,45,52,13,31,47,33,67,51,4,2,69,51,56,51,Data Analyst,1
38,Master's,Data Science,4.1,1,2,62,45,70,69,77,52,40,66,60,79,76,4,1,59,67,68,52,DevOps Engineer,1
23,Bachelor's,Computer Science,0.8,3,0,42,46,76,62,56,54,58,55,55,64,54,1,1,51,56,50,50,DevOps Engineer,0
33,Bachelor's,Computer Science,0.3,0,0,69,71,47,50,44,47,67,44,42,73,59,7,2,67,54,63,63,Full Stack Developer,1
29,Master's,Other,3.8,0,3,45,53,49,52,48,43,65,82,49,62,57,6,2,77,72,64,68,DevOps Engineer,1
27,Bachelor's,Data Science,1.8,0,1,56,57,61,63,50,76,30,67,67,64,47,4,3,69,56,40,64,Full Stack Developer,0
39,Diploma,Electrical Engineering,1.9,0,1,52,44,53,51,16,33,67,73,92,42,29,5,1,75,50,48,57,Full Stack Developer,0
30,Bachelor's,Computer Science,1.4,1,1,79,60,97,99,59,66,73,66,92,67,93,6,2,80,74,79,72,Cloud Engineer,1
29,Bachelor's,Other,0.0,0,0,73,55,78,82,71,59,76,74,37,66,64,5,3,82,67,60,67,Frontend Developer,1
31,Bachelor's,Electrical Engineering,0.8,2,0,93,59,70,71,49,83,74,52,56,54,69,5,2,83,63,62,90,Frontend Developer,1
33,Bachelor's,Other,0.3,1,0,44,31,47,59,45,52,32,61,33,62,50,2,2,53,55,51,71,Machine Learning Engineer,0
20,Bachelor's,Computer Science,0,2,0,84,76,62,58,78,70,50,62,79,74,59,2,3,74,63,67,44,Frontend Developer,1
41,Bachelor's,Computer Science,2.9,0,2,51,57,53,63,39,45,52,78,58,40,68,3,4,70,72,67,39,DevOps Engineer,1
41,Bachelor's,Information Technology,2.7,1,1,38,45,51,62,45,48,30,52,53,79,51,1,2,49,52,58,16,Backend Developer,0
21,Bachelor's,Computer Science,0,3,0,73,74,66,89,74,81,57,46,75,61,78,3,1,65,59,69,28,Machine Learning Engineer,1
29,Bachelor's,Electrical Engineering,7.3,0,4,80,72,87,68,93,89,93,56,43,55,100,5,3,78,79,93,43,Backend Developer,1
27,Bachelor's,Electrical Engineering,0.3,3,0,62,63,66,63,48,43,73,69,57,77,71,5,4,70,67,58,68,QA Engineer,1
33,Diploma,Computer Science,4.8,2,2,97,100,93,76,69,89,88,64,51,34,75,3,4,75,64,70,50,Frontend Developer,1
24,Bachelor's,Computer Science,3,1,3,85,83,80,88,77,94,70,53,84,55,79,5,2,75,68,72,96,Frontend Developer,1
39,Diploma,Electrical Engineering,0.2,2,0,48,47,42,54,53,41,52,86,42,86,53,3,0,70,63,53,66,Data Analyst,0
31,Bachelor's,Computer Science,10,3,5,68,49,44,40,50,35,58,66,23,70,77,6,3,79,73,64,94,Cloud Engineer,1
32,Bachelor's,Other,4.1,2,2,71,64,41,40,52,66,65,55,57,66,43,5,3,67,56,53,79,Backend Developer,1
21,Bachelor's,Computer Science,0,0,0,55,45,54,32,34,44,43,60,75,42,45,1,4,62,58,61,29,Machine Learning Engineer,0
36,Bachelor's,Computer Science,6.4,1,5,100,69,73,73,83,83,86,58,54,55,65,7,5,98,59,55,84,Machine Learning Engineer,1
35,Bachelor's,Computer Science,5.2,0,4,76,30,55,51,57,52,58,56,57,59,68,4,3,64,57,76,47,Software Developer,1
20,Bachelor's,Electrical Engineering,0,2,0,42,24,65,29,28,78,18,57,50,41,36,7,0,70,49,59,66,Software Developer,1
28,Bachelor's,Data Science,0.3,0,0,73,69,79,57,51,78,66,45,29,74,60,4,3,73,54,55,47,QA Engineer,1
22,Bachelor's,Computer Science,0.9,1,0,78,88,65,97,83,80,77,77,63,67,87,5,4,76,82,79,99,DevOps Engineer,1
28,Bachelor's,Computer Science,7,0,3,70,41,59,55,67,30,69,41,67,71,50,2,4,59,51,50,35,Full Stack Developer,1
25,Master's,Computer Science,1.3,0,1,44,41,33,53,36,48,43,69,57,62,53,2,3,61,67,62,46,Frontend Developer,1
38,Master's,Other,2.8,2,1,36,29,38,46,57,46,28,73,13,66,50,5,1,54,63,52,62,Software Developer,1
31,Master's,Information Technology,3.0,1,2,67,52,71,44,46,33,55,47,67,75,49,4,0,67,51,57,52,Backend Developer,1
33,Master's,Computer Science,0.9,1,0,68,86,80,94,86,59,71,53,59,62,70,3,4,69,58,64,51,Backend Developer,1
31,Bachelor's,Electrical Engineering,8.6,3,4,68,33,50,29,30,32,38,59,76,66,46,2,2,69,53,47,53,Data Analyst,1
35,Bachelor's,Electrical Engineering,1.2,1,1,40,88,67,77,45,44,60,69,45,60,66,3,4,62,67,68,42,Machine Learning Engineer,1
27,Bachelor's,Other,3.1,0,1,78,58,68,49,54,47,50,57,66,97,36,3,0,70,48,48,51,Backend Developer,0
34,Master's,Data Science,6.3,1,1,94,86,78,94,90,73,95,58,31,84,95,5,3,87,76,77,76,Frontend Developer,1
40,Diploma,Information Technology,0.1,1,0,52,41,52,62,38,43,34,60,50,60,28,3,2,68,43,41,50,QA Engineer,0
42,Bachelor's,Data Science,0.9,1,0,16,36,5,34,5,5,15,45,43,62,27,6,1,53,37,36,61,DevOps Engineer,0
30,Bachelor's,Electrical Engineering,3.1,1,2,57,52,72,65,68,86,41,70,44,84,44,5,1,74,60,53,70,DevOps Engineer,1
21,Bachelor's,Information Technology,0,1,0,76,80,59,55,81,83,62,62,48,56,39,4,1,71,49,45,75,Cloud Engineer,1
42,Master's,Data Science,0.7,2,0,79,94,78,73,100,74,82,69,46,66,72,5,3,76,68,70,78,QA Engineer,1
24,Diploma,Other,3,3,1,91,58,77,100,95,57,97,77,33,44,93,4,4,94,84,75,63,QA Engineer,1
33,Bachelor's,Electrical Engineering,2.4,1,1,82,57,60,48,60,56,60,44,47,66,60,5,2,71,51,58,96,QA Engineer,1
22,Bachelor's,Other,0.4,1,0,80,59,86,77,72,63,52,68,46,70,90,2,2,77,74,71,60,Full Stack Developer,1
22,Bachelor's,Computer Science,1,1,1,46,48,57,76,71,65,23,61,46,64,58,2,2,60,64,59,54,Backend Developer,1
30,Diploma,Other,2.7,1,1,55,60,83,61,73,54,88,94,54,76,87,2,3,75,87,77,46,Full Stack Developer,1
23,Bachelor's,Other,2,1,1,63,55,56,39,57,44,36,92,32,75,34,6,3,80,61,41,66,Backend Developer,1
26,Diploma,Other,0.9,0,0,60,37,39,55,18,31,25,73,79,71,44,4,1,77,64,45,94,QA Engineer,1
34,Bachelor's,Computer Science,1.6,1,2,59,60,54,75,58,76,29,54,77,36,86,2,1,53,64,73,54,Full Stack Developer,1
37,Diploma,Data Science,6.6,2,2,64,45,68,82,38,60,68,100,34,69,71,4,4,76,86,73,51,DevOps Engineer,1
40,Diploma,Data Science,0.9,1,0,44,36,70,34,100,31,42,47,23,70,59,0,2,51,55,57,27,Data Analyst,0
24,Diploma,Electrical Engineering,0.2,2,0,62,42,69,33,27,29,60,86,35,85,76,3,1,82,77,62,68,Software Developer,1
36,Bachelor's,Computer Science,0.5,0,0,52,50,48,73,80,27,50,78,68,76,65,3,3,68,70,61,65,Data Analyst,1
40,Bachelor's,Data Science,9.6,2,1,100,81,100,62,57,85,99,63,59,63,73,6,4,87,68,71,78,DevOps Engineer,1
28,Bachelor's,Other,0.3,1,0,89,66,96,100,75,72,33,40,34,73,78,3,0,81,54,68,62,DevOps Engineer,1
26,Diploma,Computer Science,0.9,1,0,49,63,65,43,62,44,45,54,34,66,51,2,3,57,52,59,36,Cloud Engineer,0
20,Bachelor's,Electrical Engineering,0,1,0,53,62,57,41,46,57,89,69,59,98,65,3,2,68,62,59,57,QA Engineer,1
29,Bachelor's,Other,6.2,4,5,85,99,60,59,90,68,47,60,56,82,88,4,3,77,73,81,76,Backend Developer,1
31,Diploma,Other,0.0,0,0,23,5,19,7,23,5,31,64,56,58,33,0,3,41,48,47,42,QA Engineer,0
38,Bachelor's,Information Technology,0.1,3,0,54,62,46,41,49,43,58,72,59,77,52,4,3,67,65,51,60,Machine Learning Engineer,1
32,Master's,Data Science,3.3,2,2,56,45,58,47,67,63,49,58,41,48,52,4,0,70,60,62,76,Frontend Developer,1
35,Diploma,Information Technology,3.6,2,2,47,39,36,26,70,29,32,69,31,61,44,3,2,59,57,57,32,QA Engineer,1
29,Bachelor's,Data Science,4.2,0,2,88,74,62,58,70,71,67,49,61,68,70,2,2,72,64,64,59,QA Engineer,1
36,Bachelor's,Information Technology,2.4,0,2,46,49,38,25,10,56,25,59,78,85,10,2,2,60,41,28,64,Frontend Developer,0
21,Master's,Electrical Engineering,0,1,0,48,28,46,69,24,23,38,49,52,66,43,4,2,67,51,49,56,Data Analyst,1
30,Bachelor's,Other,0.7,1,0,33,33,49,41,38,26,45,44,61,65,30,2,0,50,42,51,5,DevOps Engineer,0
31,Bachelor's,Data Science,0.2,2,0,43,30,36,45,26,27,24,54,58,42,39,6,3,64,46,46,75,Data Analyst,1
32,Bachelor's,Information Technology,0.7,4,0,38,78,61,57,71,68,51,63,33,54,47,1,1,49,56,53,52,Backend Developer,0
34,Bachelor's,Computer Science,0.5,3,0,53,27,35,27,60,51,26,68,56,68,48,5,1,70,55,50,88,Cloud Engineer,1
25,PhD,Computer Science,2.4,1,1,26,32,22,8,49,39,54,72,48,57,52,3,4,58,65,66,40,QA Engineer,1
23,Bachelor's,Computer Science,2,2,1,58,37,43,64,41,53,58,23,70,53,51,1,4,50,36,59,72,Software Developer,1
21,Bachelor's,Electrical Engineering,0,2,0,56,71,43,38,48,52,41,55,48,66,74,3,3,61,60,66,24,QA Engineer,1
42,Bachelor's,Other,1.7,2,2,47,37,41,53,34,49,29,95,67,82,31,3,1,80,61,39,45,Software Developer,1
40,Bachelor's,Information Technology,0.7,3,0,72,55,17,40,67,58,64,76,81,60,67,5,1,82,72,70,100,Software Developer,1
30,Bachelor's,Other,0.7,0,0,58,52,36,69,84,41,71,38,44,63,67,6,2,66,53,66,50,Frontend Developer,1
37,Bachelor's,Other,5.9,4,1,86,71,85,65,51,52,45,72,53,61,78,4,0,83,71,69,81,Full Stack Developer,1
35,Bachelor's,Computer Science,1.8,1,1,79,87,80,86,69,69,79,62,24,78,83,2,2,66,66,66,68,Full Stack Developer,1
33,Bachelor's,Electrical Engineering,2.6,1,1,70,52,68,42,71,27,48,79,72,66,54,5,1,76,65,57,43,Cloud Engineer,1
30,Bachelor's,Computer Science,2.9,1,1,83,90,70,91,85,78,56,48,60,72,78,1,3,61,66,83,76,Full Stack Developer,1
33,Bachelor's,Data Science,4.3,0,2,81,55,83,53,71,50,72,61,39,78,65,6,0,80,61,62,68,Machine Learning Engineer,1
31,Bachelor's,Other,0.1,1,0,44,24,35,35,44,46,53,80,75,58,73,2,2,60,77,65,42,Cloud Engineer,1
38,Bachelor's,Data Science,1.3,0,1,65,78,80,54,86,53,64,67,66,67,70,4,4,72,64,61,59,DevOps Engineer,1
22,PhD,Data Science,1,2,1,63,53,58,71,56,64,68,58,25,45,73,5,1,74,66,57,100,DevOps Engineer,1
31,Diploma,Other,0.0,1,0,53,47,55,61,45,83,53,34,49,68,58,5,1,68,48,59,45,Machine Learning Engineer,0
24,Bachelor's,Electrical Engineering,3,0,3,84,56,99,66,66,78,60,50,69,66,89,7,1,75,63,76,97,Cloud Engineer,1
31,Bachelor's,Information Technology,6.4,2,5,71,27,49,62,57,47,55,84,28,60,49,6,5,84,72,54,72,Full Stack Developer,1
23,Master's,Information Technology,2,1,2,44,35,38,54,25,22,44,57,38,57,36,4,4,59,43,61,44,QA Engineer,1
22,Bachelor's,Electrical Engineering,1,1,1,89,68,100,66,100,90,68,67,44,71,87,3,2,66,75,75,90,Software Developer,1
27,Bachelor's,Information Technology,0.6,0,0,67,62,74,39,59,49,53,64,73,94,85,3,3,67,72,73,67,DevOps Engineer,1
29,Bachelor's,Computer Science,1.5,1,2,61,65,47,45,39,22,51,51,54,95,44,8,4,78,52,62,81,Software Developer,1
39,Bachelor's,Data Science,4.7,0,4,60,69,73,50,69,61,61,43,69,77,58,3,1,54,52,54,44,Backend Developer,1
28,Bachelor's,Electrical Engineering,0.6,2,0,13,12,41,9,27,25,29,75,34,71,5,3,0,61,44,29,26,Cloud Engineer,0
35,Bachelor's,Information Technology,1.9,1,2,55,49,67,67,63,21,38,87,54,90,44,4,1,68,62,56,74,DevOps Engineer,1
40,Diploma,Electrical Engineering,0.1,1,0,86,84,84,59,82,100,57,69,53,77,54,3,2,74,56,60,91,Frontend Developer,1
38,Bachelor's,Other,5.6,1,3,61,57,62,71,34,29,49,51,76,58,60,3,5,61,54,72,92,Backend Developer,1
34,Diploma,Data Science,1.1,2,1,49,51,37,74,62,59,61,81,91,100,48,2,3,61,65,53,61,Cloud Engineer,1
24,Bachelor's,Information Technology,3,0,3,88,100,95,93,100,99,100,73,32,69,93,5,3,78,86,87,90,Full Stack Developer,1
28,Diploma,Electrical Engineering,7,0,3,33,22,10,30,20,66,56,44,42,47,48,1,0,53,48,45,5,QA Engineer,0
28,Bachelor's,Data Science,6.7,1,3,99,86,86,73,65,79,75,54,60,43,62,3,2,82,61,59,48,Machine Learning Engineer,1
40,PhD,Information Technology,8.8,1,1,45,18,23,35,32,21,18,31,63,79,39,4,0,44,42,48,66,Machine Learning Engineer,1
29,Master's,Data Science,7.2,2,4,64,38,56,46,43,44,5,72,53,90,53,6,0,76,59,59,87,Machine Learning Engineer,1
22,Bachelor's,Data Science,1,1,1,64,50,73,49,46,68,87,46,56,53,68,4,4,68,57,62,81,Frontend Developer,1
37,Bachelor's,Computer Science,2.2,1,1,55,42,42,59,57,54,56,40,75,47,23,1,2,57,38,34,72,QA Engineer,1
20,PhD,Information Technology,0,2,0,37,37,39,58,25,10,27,10,35,68,38,1,2,30,28,43,43,Full Stack Developer,0
28,Bachelor's,Data Science,1.6,1,1,51,42,66,12,44,57,68,91,59,49,33,3,3,66,60,34,37,Frontend Developer,0
27,Bachelor's,Electrical Engineering,1.8,1,1,55,56,53,34,60,62,38,59,49,44,77,3,3,65,66,65,41,DevOps Engineer,1
32,Bachelor's,Data Science,0.7,1,0,52,71,37,49,53,5,19,44,60,64,50,1,2,53,52,56,45,Machine Learning Engineer,1
39,Diploma,Electrical Engineering,4.2,4,1,66,39,65,45,31,37,61,65,47,62,61,3,3,73,63,62,72,Frontend Developer,1
34,Master's,Computer Science,4.0,1,1,68,57,68,84,51,47,45,62,72,55,72,1,3,72,66,71,24,Cloud Engineer,1
24,Bachelor's,Information Technology,2.6,1,2,94,79,76,41,67,96,61,55,67,60,82,1,2,66,66,87,53,Cloud Engineer,1
37,Bachelor's,Computer Science,5.1,2,1,53,51,58,40,45,35,79,75,24,68,33,1,1,59,58,49,59,Machine Learning Engineer,1
42,Bachelor's,Information Technology,2.2,1,1,56,51,50,47,70,41,55,45,57,40,59,3,4,69,55,60,60,DevOps Engineer,1
38,Bachelor's,Computer Science,2.2,1,1,39,49,20,35,35,22,7,58,31,64,49,3,1,59,55,59,42,Data Analyst,0
38,Bachelor's,Computer Science,2.9,0,2,75,79,49,100,66,72,52,62,51,72,77,2,0,64,69,76,34,Data Analyst,1
28,Bachelor's,Information Technology,1.5,0,2,92,91,88,86,90,77,82,55,62,70,91,4,2,77,70,64,65,DevOps Engineer,1
29,Diploma,Computer Science,2.2,0,2,60,87,68,65,73,85,67,68,62,69,66,4,0,71,69,61,64,QA Engineer,1
36,Bachelor's,Computer Science,4.2,0,1,71,52,81,46,50,58,41,48,63,75,62,4,3,75,50,66,76,Software Developer,1
36,Diploma,Computer Science,1.0,0,1,57,51,36,53,59,69,37,61,55,78,59,1,1,61,59,58,40,QA Engineer,1
38,Bachelor's,Information Technology,3.0,0,3,41,35,55,41,49,33,23,57,69,81,56,7,4,66,56,59,75,DevOps Engineer,1
34,PhD,Information Technology,1.5,3,1,74,72,53,29,72,44,60,56,48,55,61,3,1,77,57,62,42,Machine Learning Engineer,1
33,Diploma,Computer Science,1.3,1,1,63,57,76,44,62,57,64,79,64,76,58,3,1,75,63,65,51,Cloud Engineer,1
38,Master's,Information Technology,4.2,1,3,56,47,38,54,38,57,29,57,22,54,24,4,2,67,43,42,46,Backend Developer,1
24,Bachelor's,Data Science,3,1,1,43,55,50,58,24,35,56,73,33,61,60,5,0,71,62,48,86,DevOps Engineer,1
24,Diploma,Electrical Engineering,3,0,1,60,69,53,64,21,38,41,91,29,82,46,7,0,85,66,55,89,DevOps Engineer,1
41,Bachelor's,Computer Science,0.6,1,0,52,51,89,67,56,63,64,52,51,82,76,2,3,58,63,75,27,Machine Learning Engineer,1
21,Bachelor's,Computer Science,0,4,0,48,67,48,50,47,21,67,57,58,55,34,2,4,64,44,40,53,Machine Learning Engineer,1
37,Diploma,Electrical Engineering,0.6,0,0,57,24,65,26,56,45,45,49,58,70,41,3,3,63,47,39,32,Frontend Developer,1
22,Master's,Electrical Engineering,0.5,1,0,56,73,73,67,82,60,58,61,55,68,51,4,3,64,60,51,60,Machine Learning Engineer,1
25,Bachelor's,Other,1.8,2,1,81,72,54,85,48,47,69,78,67,90,57,3,1,84,65,64,53,Software Developer,1
28,Bachelor's,Data Science,5.0,2,1,64,68,62,56,39,56,48,62,30,88,60,5,3,76,59,56,43,Data Analyst,1
30,Bachelor's,Data Science,1.7,2,2,53,100,69,80,76,62,42,64,82,52,76,3,3,62,71,77,48,DevOps Engineer,1
24,Diploma,Data Science,3,1,3,43,37,27,40,28,43,28,59,66,57,31,5,0,63,50,37,47,Software Developer,0
35,Diploma,Data Science,9.9,0,1,84,66,56,68,74,82,86,54,48,75,58,3,2,69,55,64,59,DevOps Engineer,1
38,Bachelor's,Information Technology,10.1,0,4,94,100,67,61,58,64,78,46,79,55,56,7,2,72,50,55,66,Full Stack Developer,1
38,Bachelor's,Information Technology,1.8,0,1,59,54,27,29,57,39,17,68,58,54,61,6,2,75,61,57,81,Machine Learning Engineer,1
24,PhD,Other,3,4,2,88,77,92,58,60,91,74,42,52,65,79,3,0,69,62,71,68,Cloud Engineer,1
31,Bachelor's,Electrical Engineering,1.8,3,1,53,56,34,75,36,43,30,52,43,59,49,3,1,66,56,62,49,Cloud Engineer,1
33,Bachelor's,Computer Science,3.0,1,2,65,60,49,42,24,7,42,64,61,76,62,5,3,72,63,60,73,Data Analyst,1
33,Bachelor's,Computer Science,2.9,1,1,62,63,69,56,63,78,52,58,61,57,69,4,2,71,65,60,47,Full Stack Developer,1
41,Bachelor's,Electrical Engineering,1.4,1,1,73,76,70,55,68,90,78,32,53,59,72,6,3,65,52,63,89,Cloud Engineer,1
28,Bachelor's,Data Science,1.2,1,1,49,38,27,21,27,35,56,67,54,37,40,5,2,59,52,37,69,DevOps Engineer,0
21,Master's,Data Science,0,0,0,44,46,52,36,58,35,16,46,59,66,17,1,2,54,33,36,34,Full Stack Developer,0
20,Master's,Computer Science,0,3,0,45,65,63,57,45,69,78,56,46,73,52,2,3,58,57,60,90,Data Analyst,1
26,PhD,Computer Science,0.4,1,0,66,59,49,78,47,56,60,55,53,62,54,2,3,70,56,53,52,DevOps Engineer,1
41,Bachelor's,Data Science,0.2,2,0,63,70,46,29,69,77,74,14,75,70,70,2,2,43,44,56,47,DevOps Engineer,1
31,Bachelor's,Data Science,1.7,1,1,45,37,35,33,38,65,37,73,74,81,33,0,4,62,55,53,62,Cloud Engineer,0
37,Bachelor's,Information Technology,5.7,0,1,38,38,56,65,61,60,45,82,70,72,55,4,3,67,73,57,47,Machine Learning Engineer,1
27,Diploma,Data Science,3.3,2,2,78,80,68,67,87,71,64,50,41,80,54,4,3,73,50,59,73,Cloud Engineer,1
27,Bachelor's,Computer Science,4.0,1,1,85,76,81,81,76,64,69,97,42,71,60,6,2,96,75,66,63,Full Stack Developer,1
39,Bachelor's,Data Science,2.6,2,1,72,63,38,59,43,26,36,82,47,79,57,6,1,86,68,62,84,Software Developer,1
23,Bachelor's,Electrical Engineering,1.7,2,1,36,52,34,24,34,29,25,42,53,62,34,3,2,56,37,40,17,Software Developer,0
28,Bachelor's,Electrical Engineering,2.5,2,2,63,51,53,47,27,71,64,60,71,64,43,4,4,68,55,55,43,Data Analyst,1
42,Diploma,Other,8.4,0,2,66,63,58,56,38,50,49,55,42,67,47,3,3,68,55,50,23,Software Developer,1
24,Bachelor's,Information Technology,0.4,0,0,38,34,42,67,43,36,39,70,58,58,66,2,3,59,66,59,38,DevOps Engineer,0
24,Master's,Information Technology,1.1,0,1,51,57,63,71,36,29,70,70,61,59,56,1,3,62,64,65,17,DevOps Engineer,1
27,Diploma,Data Science,5.0,1,4,93,92,76,59,64,76,69,40,36,80,70,4,2,70,54,67,53,QA Engineer,1
22,Bachelor's,Electrical Engineering,1,2,1,45,64,68,53,47,51,41,94,39,64,72,1,1,56,75,62,19,Data Analyst,1
22,Bachelor's,Data Science,1,4,1,66,77,100,69,82,83,100,65,68,60,65,2,2,70,67,65,19,Data Analyst,1
41,Bachelor's,Electrical Engineering,1.3,1,1,57,65,61,34,55,69,48,52,44,52,49,5,2,73,50,53,54,Cloud Engineer,1
32,Diploma,Data Science,4.8,4,1,31,7,10,6,11,25,15,80,53,51,17,3,2,56,55,45,56,DevOps Engineer,0
28,Bachelor's,Electrical Engineering,0.4,0,0,91,82,83,80,100,69,71,71,59,84,78,1,2,79,75,72,54,Full Stack Developer,1
32,PhD,Computer Science,0.6,1,0,58,61,73,62,80,82,35,60,56,58,50,5,0,66,56,58,50,Data Analyst,1
32,Bachelor's,Data Science,5.4,2,1,79,52,65,45,54,72,35,41,43,57,56,2,2,60,51,54,47,Full Stack Developer,1
27,Bachelor's,Electrical Engineering,3.6,3,2,46,47,47,49,47,32,39,76,57,51,54,2,2,63,70,56,54,Software Developer,1
36,PhD,Data Science,2.6,2,1,84,74,83,76,77,69,100,77,42,68,85,3,4,78,75,82,63,Software Developer,1
21,Master's,Information Technology,0,2,0,15,28,16,25,13,15,11,82,73,68,27,0,2,50,53,44,15,Data Analyst,0
28,Bachelor's,Information Technology,2.1,0,1,46,64,61,79,43,74,39,64,49,44,68,5,5,70,66,69,41,Software Developer,1
32,PhD,Other,2.3,2,2,55,69,52,62,96,73,83,63,58,100,80,4,2,71,67,72,62,Machine Learning Engineer,1
26,Bachelor's,Other,1.6,1,1,58,52,60,63,62,71,38,61,23,71,48,4,5,71,61,45,58,Backend Developer,1
34,Diploma,Data Science,6.9,3,4,69,100,75,70,62,55,73,58,55,84,79,3,3,62,66,67,71,Machine Learning Engineer,1
31,Master's,Other,2.8,0,1,93,64,64,84,68,56,72,42,64,65,82,3,2,64,60,71,66,Frontend Developer,1
39,Diploma,Computer Science,1.4,1,1,79,46,76,75,79,59,93,66,55,72,58,3,3,61,63,65,51,Backend Developer,1
30,PhD,Data Science,2.7,4,2,53,59,66,47,63,69,52,38,42,64,45,1,2,54,42,52,18,Cloud Engineer,1
32,Master's,Data Science,0.2,1,0,57,72,60,82,63,66,68,46,51,64,55,3,3,64,55,59,50,Frontend Developer,1
33,Bachelor's,Computer Science,1.5,1,2,96,87,91,100,54,86,71,52,63,56,83,4,3,82,65,76,100,Machine Learning Engineer,1
20,Master's,Information Technology,0,1,0,68,91,94,54,84,70,51,56,53,75,61,6,3,80,58,62,64,Software Developer,1
35,Bachelor's,Other,0.3,1,0,76,63,87,80,71,88,65,54,36,52,95,5,2,67,72,76,57,Frontend Developer,1
42,Master's,Data Science,4.8,1,2,81,61,59,89,73,89,100,77,73,62,73,4,4,75,72,76,56,Machine Learning Engineer,1
29,Bachelor's,Data Science,7.9,0,4,43,42,57,43,40,16,37,45,82,60,44,2,3,46,46,42,71,Backend Developer,0
42,Bachelor's,Data Science,0.6,3,0,96,83,88,96,98,68,81,63,65,67,86,4,4,78,69,84,91,QA Engineer,1
24,Bachelor's,Other,1.2,2,1,38,68,60,41,53,32,26,54,69,68,42,4,2,53,55,40,73,Full Stack Developer,0
27,Bachelor's,Data Science,6,2,2,66,57,62,78,68,68,90,60,56,70,69,4,2,79,59,77,66,Software Developer,1
29,PhD,Information Technology,4.2,2,2,34,22,37,38,49,25,17,77,62,85,46,4,2,64,64,59,50,Cloud Engineer,1
41,Bachelor's,Information Technology,0.8,0,0,100,83,100,83,87,100,80,61,54,67,100,6,0,89,76,81,89,Machine Learning Engineer,1
34,Master's,Data Science,2.0,1,2,29,40,41,62,26,5,5,33,60,22,36,4,0,48,42,63,50,Frontend Developer,0
30,Diploma,Other,5.5,2,4,76,47,45,60,55,66,55,42,26,41,61,2,3,65,54,60,54,QA Engineer,0
31,PhD,Electrical Engineering,3.0,1,1,100,99,75,92,82,81,72,54,56,58,100,2,2,73,70,83,70,Frontend Developer,1
29,Bachelor's,Electrical Engineering,3.1,4,3,75,84,48,41,64,46,32,72,57,67,57,5,3,77,62,71,100,Backend Developer,1
23,Master's,Information Technology,0.6,0,0,42,67,30,39,60,18,20,54,50,54,35,3,3,53,54,48,25,Software Developer,1
28,Master's,Other,3.9,0,1,86,61,74,62,69,51,57,62,49,75,87,1,1,71,71,78,79,Software Developer,1
41,Bachelor's,Data Science,2.0,4,1,90,94,78,100,73,100,86,68,71,63,85,4,1,74,72,71,70,Full Stack Developer,1
23,Bachelor's,Other,1.5,0,2,58,75,64,64,56,61,66,74,62,76,64,4,3,72,68,60,42,Backend Developer,1
24,Bachelor's,Electrical Engineering,3,2,2,71,57,65,76,66,60,49,84,70,49,43,4,1,80,61,51,71,QA Engineer,1
34,Master's,Information Technology,2.1,0,1,68,76,57,37,51,37,68,38,63,62,68,3,3,64,60,69,58,Data Analyst,1
37,Bachelor's,Data Science,2.0,3,1,62,64,68,46,54,68,89,75,82,84,59,5,6,72,68,53,100,Cloud Engineer,1
40,PhD,Data Science,2.0,1,1,53,38,46,43,23,20,51,59,66,43,59,2,1,66,61,61,58,Cloud Engineer,1
35,Bachelor's,Other,4.1,1,2,68,57,69,56,68,50,15,86,77,74,75,3,3,83,76,72,55,Software Developer,1
33,Bachelor's,Electrical Engineering,0.4,0,0,100,84,85,88,100,82,48,61,73,64,95,5,0,89,72,92,78,Full Stack Developer,1
36,Diploma,Data Science,2.5,3,2,58,38,63,73,71,46,43,51,60,56,60,4,2,62,56,62,36,Machine Learning Engineer,1
21,Bachelor's,Data Science,0,3,0,64,72,53,75,62,34,52,66,50,66,53,4,3,72,65,55,83,QA Engineer,1
38,Master's,Information Technology,6.5,3,3,58,43,43,53,58,31,37,79,81,54,54,3,1,79,64,57,25,Cloud Engineer,1
24,Bachelor's,Computer Science,3,0,3,31,6,14,34,36,8,16,83,80,46,22,4,1,61,53,33,47,Cloud Engineer,0
25,Master's,Information Technology,0.1,1,0,64,61,73,78,48,71,83,72,32,70,76,4,3,73,75,71,94,Full Stack Developer,1
20,Bachelor's,Other,0,0,0,70,72,65,71,50,44,81,60,33,57,32,3,4,71,45,42,72,Frontend Developer,1
24,Bachelor's,Other,2.6,1,2,89,93,71,94,88,74,85,64,76,68,84,4,3,84,69,79,48,Frontend Developer,1
32,Diploma,Data Science,1.4,0,1,70,54,50,71,38,52,58,55,33,74,63,1,4,58,57,62,42,Cloud Engineer,0
36,Bachelor's,Computer Science,0.6,0,0,48,35,17,37,62,24,35,84,77,60,29,3,3,66,58,50,60,Frontend Developer,1
32,Diploma,Electrical Engineering,0.9,0,0,46,44,41,51,66,81,54,60,47,60,32,2,3,63,48,42,44,Data Analyst,0
40,Master's,Computer Science,1.4,1,1,80,88,78,71,78,66,100,52,62,66,74,5,3,79,57,63,33,Backend Developer,1
27,Bachelor's,Other,3.7,1,3,65,63,58,48,50,53,47,55,77,77,64,4,3,77,58,65,82,Backend Developer,1
23,Master's,Computer Science,1.4,0,1,41,28,17,47,44,39,47,58,75,76,34,3,0,44,51,46,54,Frontend Developer,0
22,Master's,Data Science,1,1,1,100,100,75,88,75,100,88,61,59,72,77,4,4,73,65,69,74,QA Engineer,1
40,Master's,Other,3.5,0,2,70,38,66,30,39,26,29,51,60,61,27,2,3,60,42,39,48,Frontend Developer,1
36,Master's,Electrical Engineering,1.9,2,1,86,86,64,65,70,52,69,54,58,85,63,5,2,72,58,62,41,Full Stack Developer,1
30,Bachelor's,Computer Science,0.8,3,0,38,32,52,55,42,33,49,100,44,64,18,5,4,80,61,35,43,Cloud Engineer,1
26,Bachelor's,Data Science,0.3,0,0,78,62,70,89,86,44,71,55,48,69,88,4,5,76,69,77,65,Machine Learning Engineer,1
26,Bachelor's,Information Technology,1.2,0,1,50,42,59,60,40,67,78,63,5,63,51,3,2,70,62,51,37,Full Stack Developer,1
25,Master's,Other,1.5,1,2,67,82,59,75,51,58,46,64,49,57,73,4,1,68,63,72,81,QA Engineer,1
29,PhD,Information Technology,2.4,2,1,95,100,89,74,100,100,64,71,70,60,73,0,1,76,73,75,53,Frontend Developer,1
34,Bachelor's,Information Technology,0.5,0,0,43,33,25,29,23,20,39,57,54,70,38,4,2,55,52,60,50,Cloud Engineer,0
20,Diploma,Other,0,2,0,46,49,48,46,34,40,34,78,65,60,31,2,4,70,59,36,49,Machine Learning Engineer,0
30,Master's,Data Science,9,2,3,61,49,37,27,45,45,42,77,50,65,48,5,1,68,66,55,69,QA Engineer,1
36,Bachelor's,Other,0.6,0,0,43,15,63,40,31,33,26,55,51,61,34,2,1,58,46,42,25,Machine Learning Engineer,0
33,Bachelor's,Data Science,2.8,0,2,83,67,80,88,95,64,74,35,73,56,62,3,4,75,54,59,29,Data Analyst,1
25,Master's,Data Science,2.4,3,1,37,50,37,40,44,46,40,95,68,62,40,2,0,77,69,53,42,Software Developer,1
25,Diploma,Computer Science,3.2,0,1,57,40,57,69,70,41,47,68,63,84,66,3,3,79,68,67,41,Full Stack Developer,1
36,Bachelor's,Data Science,0.1,2,0,71,79,70,77,64,67,76,73,61,45,74,5,3,78,73,72,79,Software Developer,1
25,Bachelor's,Electrical Engineering,0.3,0,0,42,55,26,39,31,41,10,63,85,65,51,1,1,62,57,50,56,Backend Developer,0
35,Bachelor's,Electrical Engineering,4.4,1,3,61,72,43,85,67,76,63,52,59,52,81,4,4,71,67,80,55,Frontend Developer,1
32,Master's,Other,3.2,2,1,81,75,84,99,89,81,73,48,49,53,88,4,2,65,63,76,86,DevOps Engineer,1
37,Master's,Computer Science,5.8,4,2,67,21,47,40,58,31,40,37,55,100,44,3,0,56,41,46,63,Machine Learning Engineer,1
31,PhD,Computer Science,1.7,1,2,100,90,100,73,94,45,74,74,89,52,92,7,3,91,74,71,98,DevOps Engineer,1
39,Bachelor's,Information Technology,2.4,1,2,58,73,39,60,63,36,54,60,40,48,62,2,1,54,57,51,48,Backend Developer,1
39,Diploma,Computer Science,1.2,1,1,68,56,43,47,62,63,43,52,49,49,72,3,4,65,60,60,52,Backend Developer,1
27,Bachelor's,Information Technology,5.7,0,1,96,83,67,89,52,100,36,63,50,72,63,4,0,76,63,69,76,Data Analyst,1
27,Bachelor's,Electrical Engineering,5.6,3,1,58,22,32,11,50,18,45,61,27,62,41,5,2,62,48,57,45,Machine Learning Engineer,1
35,Bachelor's,Data Science,2.6,0,1,76,75,76,63,67,79,54,64,51,71,70,2,4,65,59,68,40,Full Stack Developer,1
33,PhD,Data Science,1.7,1,1,41,73,69,51,47,35,59,33,29,78,62,2,2,49,48,56,43,Backend Developer,1
36,Bachelor's,Information Technology,2.3,2,2,66,71,82,66,100,67,62,52,56,48,76,7,4,80,54,69,92,Machine Learning Engineer,1
40,Master's,Data Science,1.2,1,1,68,87,55,87,57,45,63,79,79,68,59,4,1,77,71,61,100,Data Analyst,1
23,Bachelor's,Data Science,2,3,1,75,84,74,71,80,54,74,72,33,63,69,5,3,76,72,63,89,Machine Learning Engineer,1
40,Bachelor's,Information Technology,4.4,2,2,100,98,77,89,74,80,72,65,84,58,58,5,3,87,59,49,57,Software Developer,1
39,Diploma,Computer Science,0.3,1,0,41,50,50,59,37,36,44,75,48,64,20,4,3,63,47,45,37,Cloud Engineer,0
35,Bachelor's,Computer Science,0.4,0,0,66,72,41,62,49,51,48,64,58,80,48,6,2,78,59,54,93,Machine Learning Engineer,1
38,Bachelor's,Information Technology,3.0,4,1,42,40,32,32,73,17,39,33,43,49,41,2,1,48,43,56,38,Backend Developer,0
38,Bachelor's,Data Science,5.5,1,3,57,30,26,49,35,41,25,78,48,64,51,4,0,66,60,57,77,Data Analyst,1
34,Bachelor's,Information Technology,0.0,1,0,23,45,13,16,49,12,30,83,59,58,57,1,1,56,72,60,39,Software Developer,0
31,Bachelor's,Information Technology,1.4,2,1,65,52,62,94,57,45,60,47,49,71,86,3,1,61,65,72,42,Software Developer,1
21,Bachelor's,Electrical Engineering,0,0,0,76,48,64,66,94,76,70,69,50,35,71,4,4,81,68,57,51,Frontend Developer,1
20,Bachelor's,Other,0,0,0,92,99,78,92,86,74,65,54,50,49,96,4,2,83,77,95,50,Full Stack Developer,1
24,Bachelor's,Computer Science,0.2,1,0,80,80,78,79,89,84,45,68,36,38,74,0,3,76,68,67,26,Frontend Developer,1
30,Bachelor's,Data Science,0.7,0,0,90,79,85,74,100,66,55,69,66,86,81,5,2,83,73,77,56,Cloud Engineer,1
31,Master's,Computer Science,3.7,2,1,48,28,32,64,21,24,40,49,47,67,54,7,1,65,49,63,98,Full Stack Developer,1
28,Diploma,Electrical Engineering,7,3,2,61,49,52,40,45,35,36,52,15,40,55,5,2,71,56,49,35,Software Developer,1
25,Diploma,Data Science,4,2,3,76,75,49,48,55,73,82,49,32,87,67,5,1,75,61,64,62,Software Developer,1
27,Diploma,Data Science,0.8,2,0,54,32,44,56,35,49,47,83,40,59,49,1,3,69,65,46,38,DevOps Engineer,0
41,Master's,Computer Science,1.3,0,1,54,42,56,59,45,53,39,63,59,67,63,2,1,62,60,72,59,Machine Learning Engineer,1
20,Bachelor's,Other,0,1,0,39,23,26,39,52,5,82,69,29,59,30,4,0,72,49,47,40,Machine Learning Engineer,0
22,Diploma,Computer Science,1,2,1,64,77,66,82,50,52,66,55,35,54,77,4,4,69,61,66,68,Data Analyst,1
42,Bachelor's,Data Science,2.4,2,2,38,43,52,45,65,60,45,48,38,34,46,3,1,51,49,58,54,Full Stack Developer,0
33,Diploma,Electrical Engineering,1.4,1,1,70,72,74,56,51,51,68,38,45,69,56,2,2,59,48,56,26,Frontend Developer,0
22,Master's,Information Technology,1,3,1,64,34,65,63,54,30,69,48,35,51,46,3,5,69,47,54,54,Software Developer,1
39,Master's,Computer Science,2.4,1,2,100,72,74,59,51,44,87,52,67,40,100,4,4,77,76,92,39,Frontend Developer,1
31,Bachelor's,Electrical Engineering,2.1,2,1,51,28,31,49,35,15,33,46,29,69,39,2,1,50,49,41,8,Cloud Engineer,0
38,Bachelor's,Other,0.9,0,0,67,72,34,78,44,26,49,56,69,69,55,3,3,59,54,60,94,Cloud Engineer,1
40,Bachelor's,Other,0.8,1,0,78,49,79,38,68,65,36,50,63,83,67,2,3,70,56,55,46,Cloud Engineer,1
28,Bachelor's,Information Technology,1.7,1,1,50,61,66,79,42,41,38,51,55,65,81,2,2,54,61,78,45,Cloud Engineer,1
33,Bachelor's,Other,0.4,0,0,52,76,56,58,56,56,48,98,24,65,71,6,2,85,84,68,87,DevOps Engineer,1
33,Diploma,Data Science,6.4,1,2,84,74,65,99,84,72,81,53,52,72,80,5,3,77,66,77,97,Machine Learning Engineer,1
32,Master's,Computer Science,5.3,1,4,81,47,62,55,54,85,55,71,42,59,65,5,3,65,65,66,40,Cloud Engineer,1
40,Bachelor's,Other,1.3,0,1,32,18,28,16,27,45,7,51,65,56,5,0,1,46,35,29,17,Full Stack Developer,0
41,Bachelor's,Electrical Engineering,4.3,4,1,65,70,63,79,64,24,43,64,45,59,66,3,1,65,63,62,60,Software Developer,1
39,Bachelor's,Other,3.0,1,1,67,67,50,68,75,34,52,41,38,72,79,5,2,68,60,66,53,Data Analyst,1
34,Master's,Data Science,1.2,3,1,69,52,68,59,73,66,52,48,64,79,81,4,1,67,65,67,45,Machine Learning Engineer,1
20,Bachelor's,Information Technology,0,2,0,91,97,100,82,62,96,77,44,33,79,79,3,3,74,60,69,31,Frontend Developer,1
36,PhD,Computer Science,4.8,0,4,86,64,75,66,34,92,93,69,74,79,71,4,3,82,65,73,68,Cloud Engineer,1
33,Master's,Computer Science,0.2,2,0,62,66,68,52,69,76,50,52,55,61,37,2,1,59,47,53,45,Full Stack Developer,1
37,Master's,Data Science,3.4,0,2,91,72,85,67,96,72,83,70,86,91,100,6,4,78,81,77,63,Data Analyst,1
39,Bachelor's,Electrical Engineering,3.8,4,2,62,65,42,37,51,50,62,46,48,71,67,4,2,58,62,69,47,Full Stack Developer,1
27,Diploma,Other,5.0,0,2,68,53,41,59,41,46,57,93,63,59,33,4,3,84,60,37,62,Full Stack Developer,1
25,Bachelor's,Data Science,0.9,0,0,66,69,43,60,80,44,39,63,28,73,78,5,0,64,68,66,62,Data Analyst,1
37,Master's,Electrical Engineering,1.7,1,2,80,82,53,79,59,58,100,37,58,68,73,5,2,70,58,72,40,QA Engineer,1
32,Master's,Other,3.5,0,1,58,52,58,74,87,76,73,58,39,65,68,0,0,53,58,64,58,Full Stack Developer,1
26,Master's,Computer Science,0.5,0,0,82,81,64,51,72,82,79,39,54,57,49,5,1,71,47,58,81,Backend Developer,1
29,Master's,Data Science,0.2,2,0,71,65,91,87,94,79,51,72,69,49,82,5,3,73,76,64,82,Machine Learning Engineer,1
20,Master's,Computer Science,0,2,0,57,54,81,44,82,42,87,75,60,76,56,3,3,73,62,49,79,Machine Learning Engineer,1
27,Bachelor's,Computer Science,6,0,4,29,16,17,21,17,32,55,62,56,50,24,2,3,58,42,35,50,QA Engineer,0
20,Bachelor's,Other,0,1,0,20,8,5,5,6,5,25,67,71,79,21,1,3,50,47,42,38,Frontend Developer,0
34,Bachelor's,Data Science,5.4,1,2,24,15,39,5,10,16,25,67,48,75,28,2,0,56,49,38,28,Frontend Developer,0
22,Master's,Other,0.3,2,0,66,30,38,46,57,72,77,50,73,41,61,6,1,70,61,60,84,Backend Developer,1
29,Bachelor's,Other,1.3,2,1,59,45,62,65,45,40,8,44,77,71,48,6,1,70,50,54,78,Backend Developer,1
35,Bachelor's,Data Science,13.8,1,5,100,60,54,67,74,69,87,100,82,95,88,1,2,88,86,86,69,Software Developer,1
21,PhD,Other,0,1,0,60,29,67,66,58,50,72,75,55,55,59,1,4,69,65,61,59,Backend Developer,1
30,Bachelor's,Computer Science,3.3,0,2,48,41,28,49,66,46,23,44,66,71,69,2,3,54,60,74,67,Cloud Engineer,1
36,Master's,Other,7.4,4,2,87,90,70,66,66,72,68,38,35,77,93,6,3,85,65,74,80,Frontend Developer,1
27,Bachelor's,Electrical Engineering,1.2,3,1,76,75,62,67,70,68,59,54,74,69,85,5,4,64,73,88,46,Data Analyst,1
37,Bachelor's,Electrical Engineering,0.1,1,0,90,80,82,96,100,100,97,76,55,63,100,5,4,83,86,86,75,Data Analyst,1
39,PhD,Computer Science,0.3,0,0,44,94,85,77,66,50,94,58,50,63,58,6,3,63,60,65,28,DevOps Engineer,1
25,Diploma,Electrical Engineering,4,3,3,63,27,33,80,79,49,48,37,68,69,39,6,5,62,39,56,64,Machine Learning Engineer,0
34,Bachelor's,Computer Science,2.9,1,1,83,74,78,68,70,52,87,50,35,83,63,4,3,77,57,60,57,DevOps Engineer,1
26,Bachelor's,Information Technology,3.3,1,1,95,73,64,81,82,72,57,54,89,46,93,4,0,72,73,78,73,Software Developer,1
31,Bachelor's,Computer Science,3.3,1,1,100,81,88,86,84,60,100,62,50,44,89,4,3,81,70,73,76,Software Developer,1
26,Bachelor's,Data Science,3.1,1,2,49,37,15,41,42,19,39,60,54,67,5,3,2,65,36,30,37,Full Stack Developer,0
38,Master's,Information Technology,0.2,0,0,54,64,58,61,58,87,64,40,66,64,62,4,1,65,51,61,68,Full Stack Developer,1
32,Bachelor's,Data Science,1.7,2,1,48,75,34,45,42,46,40,56,67,85,55,2,1,61,58,52,48,DevOps Engineer,1
20,Bachelor's,Other,0,0,0,78,71,74,73,73,63,71,55,63,61,59,5,4,77,57,62,45,Backend Developer,1
36,Bachelor's,Data Science,4.4,1,2,65,79,63,71,59,80,84,70,45,87,66,2,3,67,65,63,100,Frontend Developer,1
30,Master's,Computer Science,7.1,1,5,91,95,100,71,81,61,74,82,33,40,47,6,4,89,63,54,94,Cloud Engineer,1
27,Diploma,Computer Science,0.4,3,0,62,100,55,47,91,47,61,54,95,59,49,2,2,56,52,44,66,Data Analyst,1
21,Diploma,Information Technology,0,2,0,44,58,49,62,47,48,45,61,47,76,60,4,2,65,64,62,40,Backend Developer,1
34,Bachelor's,Information Technology,1.7,1,1,51,29,26,12,65,54,58,22,67,70,49,3,4,49,42,52,55,Backend Developer,0
27,Diploma,Electrical Engineering,5.3,2,3,88,71,61,81,80,50,64,47,50,80,50,6,2,78,44,47,100,QA Engineer,1
36,Bachelor's,Data Science,4.7,1,1,63,58,67,52,59,62,53,36,42,60,50,6,3,69,48,49,42,Data Analyst,1
22,Master's,Information Technology,1,0,1,75,69,93,90,87,41,69,84,61,83,72,4,2,77,72,61,43,Machine Learning Engineer,1
41,Bachelor's,Other,2.6,2,2,55,21,38,9,41,55,70,52,47,53,45,5,5,62,55,53,89,Machine Learning Engineer,1
31,Diploma,Data Science,5.4,1,4,74,62,88,69,61,76,57,54,30,87,75,7,1,75,65,75,79,Machine Learning Engineer,1
28,PhD,Computer Science,1.4,3,1,43,48,48,45,27,47,50,49,89,50,48,2,3,57,51,45,23,QA Engineer,1
38,Bachelor's,Information Technology,1.4,1,1,25,23,24,7,5,9,25,71,50,100,15,1,0,53,52,43,18,Software Developer,0
29,Bachelor's,Electrical Engineering,0.7,2,0,67,60,92,90,74,64,51,41,35,65,67,4,3,64,54,58,82,Full Stack Developer,1
30,PhD,Data Science,0.5,1,0,35,29,17,38,9,19,17,38,55,75,41,3,1,42,42,56,22,Backend Developer,0
34,Bachelor's,Electrical Engineering,0.4,1,0,76,76,74,80,90,40,60,50,65,77,72,4,3,69,52,65,100,Full Stack Developer,1
35,Diploma,Information Technology,5.5,0,2,42,32,40,20,22,5,11,61,44,45,41,2,0,59,53,53,54,Machine Learning Engineer,0
36,Diploma,Information Technology,4.3,0,3,88,68,73,43,61,99,68,51,56,73,66,2,1,74,60,70,57,DevOps Engineer,1
31,Master's,Information Technology,5.5,2,2,80,28,59,54,62,95,68,69,58,46,47,5,4,85,63,50,79,Backend Developer,1
23,Master's,Other,1.2,2,1,57,53,79,73,45,29,32,69,53,93,61,2,1,73,65,64,59,Cloud Engineer,1
42,Master's,Other,11.6,0,2,50,30,80,16,75,47,20,55,32,54,18,5,4,61,42,38,40,Software Developer,1
40,Master's,Electrical Engineering,0.1,1,0,70,65,48,55,51,37,61,67,41,66,76,1,3,61,69,70,39,Full Stack Developer,1
32,Bachelor's,Data Science,0.5,2,0,80,51,64,83,71,58,53,52,74,75,35,3,1,64,48,52,71,QA Engineer,1
33,Bachelor's,Other,0.9,1,0,47,46,44,67,45,53,45,60,63,73,44,4,4,64,52,48,54,QA Engineer,1
29,Bachelor's,Electrical Engineering,0.2,0,0,41,35,39,53,33,47,40,69,48,77,5,4,3,58,44,22,57,QA Engineer,0
39,Bachelor's,Information Technology,1.8,1,2,56,64,41,39,48,47,20,58,42,59,50,4,2,71,54,55,40,Data Analyst,1
28,Master's,Data Science,7,1,4,76,83,87,51,66,34,51,47,55,51,67,3,5,65,58,69,48,DevOps Engineer,1
30,Bachelor's,Information Technology,0.1,1,0,61,72,50,65,49,57,46,61,70,53,47,5,1,74,58,54,64,DevOps Engineer,1
31,Bachelor's,Information Technology,1.2,0,1,71,53,30,60,34,20,31,52,69,78,38,3,2,66,50,58,34,QA Engineer,1
28,Bachelor's,Electrical Engineering,4.4,2,2,52,35,38,18,42,56,44,91,64,57,27,3,1,67,59,42,42,Full Stack Developer,1
39,PhD,Other,3.7,2,1,22,31,30,73,16,22,5,69,59,80,10,1,1,54,41,28,56,Cloud Engineer,0
38,Diploma,Computer Science,0.4,2,0,63,80,72,54,86,70,61,65,89,70,70,3,3,65,67,62,42,Software Developer,1
42,Bachelor's,Electrical Engineering,2.6,0,2,43,51,17,16,21,36,51,57,67,59,53,4,3,57,55,60,44,Software Developer,1
25,Master's,Information Technology,4,2,1,87,87,71,97,96,82,62,66,30,64,89,3,3,69,79,80,90,Data Analyst,1
42,Bachelor's,Other,3.5,0,2,94,90,84,45,77,80,74,73,54,68,71,5,5,92,63,72,100,Software Developer,1
32,Bachelor's,Information Technology,1.2,1,1,55,64,62,70,52,45,35,77,63,71,52,3,2,74,59,59,80,Full Stack Developer,1
34,Master's,Information Technology,1.3,2,1,44,50,38,47,38,35,34,89,71,84,36,2,2,64,62,48,70,DevOps Engineer,1
24,Diploma,Information Technology,2.2,1,1,57,50,66,60,29,62,26,75,44,50,52,0,2,59,60,50,43,Backend Developer,0
39,Master's,Computer Science,4.4,1,1,62,19,39,57,63,31,30,64,51,76,59,4,0,68,58,60,46,QA Engineer,1
24,Bachelor's,Other,3,1,3,84,72,100,97,88,83,61,59,41,83,54,6,1,75,62,48,75,Frontend Developer,1
35,Bachelor's,Data Science,1.0,0,1,34,39,50,20,26,40,30,67,61,93,23,3,1,56,47,50,50,Frontend Developer,0
25,Bachelor's,Electrical Engineering,1.4,1,1,79,54,79,64,77,98,55,76,58,63,50,4,1,79,61,58,77,Full Stack Developer,1
31,Diploma,Data Science,2.7,1,2,57,61,81,68,76,52,50,78,37,56,67,2,3,67,71,71,35,Full Stack Developer,1
32,Diploma,Data Science,1.2,0,1,65,67,83,72,82,47,55,68,44,86,55,2,1,70,60,54,21,Backend Developer,1
29,Bachelor's,Computer Science,3.1,4,1,41,64,49,41,54,40,31,32,48,83,51,4,1,54,44,52,45,Machine Learning Engineer,1
25,Bachelor's,Computer Science,4,1,2,79,84,76,85,100,84,100,61,66,73,86,4,3,79,74,84,99,Machine Learning Engineer,1
25,Bachelor's,Other,2.4,1,2,71,49,76,48,68,68,48,51,80,46,48,4,4,71,52,63,50,DevOps Engineer,1
20,Bachelor's,Other,0,0,0,52,63,82,82,96,50,35,48,60,60,76,2,2,53,55,59,40,Data Analyst,1
23,Diploma,Other,2,1,1,99,86,90,85,81,85,84,83,45,56,87,2,4,91,80,74,72,Software Developer,1
27,Bachelor's,Information Technology,2.3,0,2,89,64,69,62,74,69,54,74,64,78,69,5,3,94,71,65,93,QA Engineer,1
32,Bachelor's,Electrical Engineering,3.2,3,1,67,60,68,52,51,69,32,48,64,77,71,3,4,67,59,71,74,QA Engineer,1
42,Bachelor's,Information Technology,2.7,0,1,90,67,99,93,80,57,84,59,73,60,74,6,1,85,62,74,100,DevOps Engineer,1
37,Bachelor's,Computer Science,2.1,3,2,47,30,48,34,41,51,33,73,37,54,38,3,1,59,48,48,40,Backend Developer,0
32,Bachelor's,Computer Science,2.2,2,2,69,75,56,55,74,57,53,78,44,48,81,4,2,79,76,72,61,Backend Developer,1
39,Diploma,Electrical Engineering,1.5,1,2,41,22,32,30,57,32,46,46,41,60,40,0,2,52,40,53,42,QA Engineer,0
40,PhD,Data Science,1.2,1,1,85,77,92,76,66,55,69,61,63,63,77,4,0,84,70,72,32,Cloud Engineer,1
20,Bachelor's,Data Science,0,0,0,29,55,31,23,27,24,22,38,58,55,29,1,1,49,34,46,41,Machine Learning Engineer,0
24,Master's,Computer Science,3,1,2,65,74,53,34,41,63,66,45,53,63,68,3,2,69,57,61,35,Software Developer,1
29,Master's,Computer Science,1.6,1,2,51,64,34,68,53,48,58,58,50,63,59,4,2,55,54,56,66,Frontend Developer,1
32,Master's,Electrical Engineering,4.9,1,3,82,66,67,83,49,50,90,86,56,56,76,3,4,82,80,66,53,Backend Developer,1
28,Bachelor's,Data Science,2.0,1,2,58,43,53,65,29,32,42,54,55,73,58,3,2,61,51,58,52,Machine Learning Engineer,1
25,Master's,Electrical Engineering,4,3,1,85,58,57,55,80,83,43,56,55,78,59,6,1,79,55,57,74,Full Stack Developer,1
42,PhD,Data Science,5.6,0,1,66,63,58,79,62,61,52,74,65,59,66,4,1,73,69,57,70,DevOps Engineer,1
23,Bachelor's,Data Science,2,2,1,38,41,39,27,24,42,17,58,63,72,50,4,1,56,51,43,71,DevOps Engineer,1
21,Master's,Other,0,1,0,57,44,50,48,69,56,68,57,63,60,41,4,2,64,53,53,30,Frontend Developer,1
23,Bachelor's,Electrical Engineering,1.3,2,1,75,71,63,31,52,51,99,42,60,90,75,6,3,77,59,64,82,DevOps Engineer,1
38,Diploma,Other,2.4,2,1,62,78,55,62,33,43,52,77,66,59,43,3,4,66,63,43,53,Cloud Engineer,0
41,Bachelor's,Other,2.7,1,2,46,10,23,52,22,42,50,52,58,61,40,4,1,57,43,40,75,Machine Learning Engineer,0
24,Master's,Electrical Engineering,1.0,1,1,77,56,77,81,94,86,84,74,47,66,75,9,3,91,72,69,100,Software Developer,1
33,Bachelor's,Other,5.4,0,1,67,51,66,51,81,52,49,39,91,47,52,1,2,60,47,56,35,DevOps Engineer,1
33,Master's,Data Science,7.4,1,2,46,41,27,64,45,39,36,67,43,75,50,3,1,56,56,58,56,Frontend Developer,1
38,Bachelor's,Information Technology,12.0,1,3,76,53,30,46,60,18,46,56,40,90,46,6,2,78,50,59,82,QA Engineer,1
32,Diploma,Data Science,4.0,0,2,53,55,66,57,50,64,51,47,84,65,23,5,3,62,44,42,72,Cloud Engineer,0
38,Master's,Computer Science,1.9,0,2,67,74,84,63,54,39,78,51,57,68,77,6,4,72,60,73,74,Frontend Developer,1
22,Master's,Electrical Engineering,1,0,1,68,79,65,84,59,66,78,74,22,56,70,8,2,90,70,63,84,Frontend Developer,1
24,Master's,Other,1.9,0,1,61,67,57,65,58,42,49,69,71,67,61,2,1,71,66,54,12,Frontend Developer,1
20,Bachelor's,Data Science,0,0,0,48,33,73,63,60,53,18,29,47,76,56,0,2,59,47,63,5,Cloud Engineer,1
32,Bachelor's,Information Technology,5.2,2,1,66,30,47,55,35,54,39,74,54,55,52,5,3,77,62,56,100,Cloud Engineer,1
31,Master's,Computer Science,0.6,2,0,41,30,60,74,37,64,50,67,46,68,44,2,1,62,58,50,45,Backend Developer,1
38,Bachelor's,Data Science,5.2,0,2,56,25,53,46,35,30,29,54,55,47,24,4,2,59,42,21,74,Full Stack Developer,0
26,PhD,Data Science,0.6,1,0,62,68,43,55,51,69,65,57,52,59,73,5,3,71,64,62,61,Backend Developer,1
24,Master's,Information Technology,3,0,2,66,46,64,67,65,84,47,59,34,69,59,4,2,74,61,45,82,QA Engineer,1
39,Bachelor's,Information Technology,1.8,0,1,74,73,53,66,51,75,69,65,61,69,58,6,1,77,64,64,91,Backend Developer,1
22,Bachelor's,Electrical Engineering,1,0,1,56,49,51,61,70,17,54,70,68,73,54,4,3,68,68,64,81,Software Developer,1
20,Master's,Electrical Engineering,0,1,0,57,50,44,47,47,52,58,42,68,56,49,0,1,52,46,48,58,Backend Developer,0
32,Bachelor's,Computer Science,0.1,0,0,61,46,55,48,56,28,25,74,50,84,38,3,0,71,63,35,50,Machine Learning Engineer,1
34,Bachelor's,Data Science,1.4,0,1,58,55,42,34,23,57,49,72,58,69,49,3,2,62,63,55,12,Data Analyst,1
26,Master's,Data Science,1.4,4,1,21,29,8,26,36,10,30,73,41,63,14,3,2,54,48,32,36,Full Stack Developer,0
24,Diploma,Information Technology,3,1,2,67,50,58,67,39,73,56,43,43,82,62,4,1,69,55,61,63,Full Stack Developer,0
22,Master's,Information Technology,1,2,1,48,56,52,25,60,31,15,66,57,66,46,2,0,59,62,57,60,DevOps Engineer,1
28,Master's,Other,1.4,0,1,65,33,66,54,46,19,63,54,54,81,65,2,1,63,61,53,35,Cloud Engineer,1
40,Diploma,Data Science,0.9,2,0,59,68,58,62,46,88,47,53,33,54,69,2,2,63,62,67,69,Full Stack Developer,1
24,Bachelor's,Information Technology,3,1,1,44,30,35,55,45,48,37,43,51,75,51,3,3,57,56,52,39,Backend Developer,0
27,Bachelor's,Information Technology,1.2,1,1,100,94,100,100,100,94,84,63,65,83,87,6,2,96,67,84,100,Frontend Developer,1
27,Diploma,Computer Science,0.2,1,0,36,37,41,36,17,54,73,77,74,78,34,2,3,59,54,39,36,Backend Developer,0
30,Master's,Data Science,0.7,2,0,57,61,71,44,89,28,44,65,45,55,64,3,3,68,60,70,68,Data Analyst,1
29,Bachelor's,Electrical Engineering,1.9,0,1,46,55,66,43,18,48,48,74,50,82,40,5,1,66,59,46,44,Frontend Developer,1
22,Master's,Electrical Engineering,1,1,1,50,73,63,84,39,65,50,43,45,55,97,4,3,63,64,82,53,Cloud Engineer,1
27,Bachelor's,Data Science,1.1,0,1,69,50,69,85,88,54,50,40,39,71,85,4,2,59,64,78,39,QA Engineer,1
41,Bachelor's,Computer Science,3.5,1,1,73,70,70,51,58,70,47,54,68,53,64,4,1,70,58,63,53,Cloud Engineer,1
20,Diploma,Computer Science,0,0,0,92,77,88,83,77,76,67,83,60,83,88,6,2,92,78,83,100,Backend Developer,1
21,Diploma,Information Technology,0,0,0,34,35,30,33,49,37,40,56,68,66,64,2,2,62,58,62,52,Frontend Developer,0
37,Master's,Electrical Engineering,1.5,2,1,42,54,45,61,56,49,55,43,30,48,44,2,3,55,46,52,60,Backend Developer,1
42,Bachelor's,Other,0.4,1,0,77,77,86,89,79,49,37,67,58,67,75,3,0,65,72,79,44,DevOps Engineer,1
38,Bachelor's,Computer Science,2.9,1,2,76,65,76,38,76,59,57,66,36,55,46,3,3,77,54,60,62,Cloud Engineer,1
24,Bachelor's,Computer Science,0.7,1,0,34,36,33,60,37,51,27,64,39,67,29,4,3,63,52,47,92,QA Engineer,0
42,Diploma,Computer Science,3.9,3,1,67,81,65,100,77,74,85,97,50,51,59,4,2,86,70,57,39,Frontend Developer,1
29,Bachelor's,Computer Science,2.2,0,1,59,32,25,27,47,25,38,68,51,69,31,4,2,64,49,46,57,Data Analyst,0
41,Bachelor's,Other,5.8,1,3,85,80,47,67,86,62,100,32,57,52,63,6,3,72,52,61,41,Frontend Developer,1
22,Master's,Information Technology,1,3,1,60,60,65,71,66,73,79,43,57,39,63,4,2,65,55,56,56,Full Stack Developer,0
28,Diploma,Computer Science,1.6,1,1,81,85,78,82,82,65,89,39,50,68,90,5,3,65,71,68,67,DevOps Engineer,1
22,Bachelor's,Information Technology,1,1,1,62,54,39,70,36,56,76,56,63,81,48,4,2,69,58,53,52,QA Engineer,1
35,Master's,Information Technology,8.3,3,2,87,68,77,66,68,45,64,71,36,48,84,6,3,90,72,67,98,Cloud Engineer,1
31,Master's,Other,4.3,0,2,76,83,79,45,67,100,65,65,65,66,74,3,1,76,61,68,43,Backend Developer,1
28,Bachelor's,Computer Science,0.5,3,0,59,72,74,71,81,71,48,61,60,80,93,4,3,69,68,84,37,Full Stack Developer,1
35,Master's,Information Technology,0.3,0,0,55,67,66,47,56,53,58,66,36,73,66,6,2,73,66,69,93,Cloud Engineer,1
37,Master's,Information Technology,0.0,4,0,71,68,60,65,43,68,33,84,41,93,68,1,3,79,69,69,40,QA Engineer,1
34,Bachelor's,Information Technology,0.6,3,0,75,58,48,58,58,67,45,54,59,64,46,6,2,78,49,59,87,Frontend Developer,1
23,Diploma,Information Technology,2,0,1,91,80,85,76,63,59,56,64,26,90,80,4,1,74,65,69,74,DevOps Engineer,1
26,Diploma,Computer Science,2.5,0,2,57,36,51,33,33,42,15,76,65,80,32,0,0,60,55,45,38,Cloud Engineer,0
31,Bachelor's,Data Science,4.3,3,1,26,17,20,43,53,19,28,71,52,72,27,1,3,49,56,48,39,Data Analyst,0
29,Bachelor's,Electrical Engineering,1.1,2,1,23,5,10,39,5,5,11,91,52,75,29,1,3,65,63,43,25,Cloud Engineer,0
27,Master's,Data Science,0.4,2,0,80,59,73,59,62,78,50,63,59,88,94,4,2,70,75,80,74,Frontend Developer,1
28,Bachelor's,Computer Science,2.9,1,2,68,71,57,53,43,71,65,71,72,60,73,6,2,75,64,76,77,Backend Developer,1
39,Diploma,Other,1.6,1,1,28,49,34,44,44,39,41,53,64,64,42,4,2,55,48,46,37,Backend Developer,0
34,Bachelor's,Other,1.9,1,1,47,68,58,47,68,59,46,49,59,53,73,2,0,52,63,67,23,Backend Developer,1
33,PhD,Information Technology,1.9,1,1,8,13,21,42,5,22,28,48,51,61,20,0,2,39,36,32,16,Backend Developer,0
30,Diploma,Information Technology,3.4,2,2,54,39,31,50,51,29,70,46,46,56,33,5,1,68,46,55,72,Software Developer,1
25,Bachelor's,Data Science,1.2,2,1,76,58,61,67,68,66,53,78,86,81,74,4,2,87,73,65,71,DevOps Engineer,1
33,Master's,Computer Science,1.5,0,2,51,57,44,55,75,55,45,57,56,47,54,6,1,67,59,66,100,Machine Learning Engineer,1
27,Bachelor's,Computer Science,1.4,0,1,80,81,72,44,88,64,36,98,70,75,61,4,3,87,75,57,61,Cloud Engineer,1
22,Master's,Computer Science,1,1,1,90,67,71,63,54,43,63,84,68,62,87,3,2,86,81,73,64,Full Stack Developer,1
34,Bachelor's,Electrical Engineering,1.8,3,2,46,40,20,52,71,44,5,66,38,69,32,3,1,71,54,38,33,Software Developer,1
21,Bachelor's,Data Science,0,0,0,80,75,71,80,66,96,80,43,46,72,42,2,4,75,46,43,60,Data Analyst,1
24,Bachelor's,Information Technology,1.5,1,2,33,30,49,33,32,18,42,44,83,32,35,3,3,51,46,44,43,Full Stack Developer,0
27,Diploma,Electrical Engineering,1.9,0,2,41,28,9,47,27,31,18,64,41,77,21,4,3,55,45,43,27,QA Engineer,0
32,Bachelor's,Data Science,4.0,1,1,34,28,13,36,26,5,27,54,51,67,19,4,2,61,38,52,57,Frontend Developer,0
33,Bachelor's,Information Technology,0.1,3,0,77,91,70,78,62,86,72,57,34,77,83,3,3,70,69,79,85,DevOps Engineer,1
40,Diploma,Other,0.9,0,0,40,32,51,30,56,41,21,60,34,71,56,4,3,54,54,58,5,DevOps Engineer,1
40,Bachelor's,Information Technology,1.1,0,1,64,59,53,48,65,32,43,56,54,62,57,4,2,69,57,50,99,Frontend Developer,1
20,Bachelor's,Information Technology,0,3,0,58,84,61,76,55,42,51,46,85,72,82,2,3,60,63,63,63,Cloud Engineer,1
38,PhD,Computer Science,1.0,0,1,61,49,68,50,63,48,50,40,52,67,46,4,1,56,46,52,59,Full Stack Developer,1
25,Master's,Data Science,4,0,3,62,71,49,70,62,61,55,31,61,85,68,5,2,62,53,70,52,Full Stack Developer,1
21,Bachelor's,Other,0,2,0,48,27,38,38,60,23,36,63,47,60,35,3,3,60,47,44,12,Backend Developer,0
22,Bachelor's,Electrical Engineering,1,1,1,91,70,83,50,69,97,73,43,60,45,47,5,2,72,44,58,87,Cloud Engineer,1
41,Master's,Computer Science,0.3,1,0,62,47,69,72,32,48,54,68,80,73,71,7,3,87,67,71,68,Backend Developer,1
40,PhD,Electrical Engineering,3.0,1,2,66,60,38,67,57,71,81,64,76,37,46,4,4,71,56,47,58,Software Developer,1
42,Bachelor's,Electrical Engineering,0.2,1,0,78,82,67,79,83,36,57,73,60,88,66,7,2,76,68,54,84,Software Developer,1
27,Master's,Other,5.9,2,3,84,64,54,50,67,58,85,12,87,75,65,6,3,58,44,69,77,Cloud Engineer,1
38,Diploma,Computer Science,1.1,2,1,60,67,66,86,47,46,37,70,93,58,43,3,2,73,54,45,73,Data Analyst,0
24,Bachelor's,Other,2.5,2,1,66,50,67,60,71,78,56,56,66,61,68,6,2,80,58,68,81,DevOps Engineer,1
39,Bachelor's,Computer Science,0.3,4,0,63,50,88,68,46,18,64,77,55,60,61,1,1,60,70,54,31,Software Developer,1
23,Bachelor's,Data Science,0.0,1,0,73,80,84,72,73,68,98,53,80,54,67,4,3,65,56,68,82,Backend Developer,1
20,Bachelor's,Other,0,1,0,83,82,98,80,100,73,100,56,94,47,100,5,2,81,75,82,67,Frontend Developer,1
20,Diploma,Other,0,1,0,7,30,35,35,8,17,5,71,56,80,13,3,2,51,46,35,60,QA Engineer,0
20,Bachelor's,Information Technology,0,1,0,49,74,84,78,74,43,70,64,45,40,72,1,2,53,64,67,27,Frontend Developer,1
25,Bachelor's,Electrical Engineering,4,3,2,65,56,70,25,70,46,57,67,100,91,46,3,1,66,61,43,36,Data Analyst,1
42,Diploma,Information Technology,2.3,2,2,38,14,36,32,30,32,16,56,60,49,17,5,3,65,46,41,45,Backend Developer,0
39,Master's,Computer Science,1.4,1,1,60,55,74,78,43,51,41,53,73,100,55,4,5,65,53,64,71,DevOps Engineer,1
32,Bachelor's,Information Technology,4.2,2,3,35,55,21,31,32,73,33,38,53,65,33,3,2,49,42,41,23,Cloud Engineer,0
26,Diploma,Computer Science,3.7,1,2,44,44,46,69,27,41,10,42,57,82,40,4,1,64,52,46,31,Full Stack Developer,0
42,Diploma,Information Technology,2.8,4,1,53,34,57,55,28,33,25,82,56,85,58,5,5,77,69,50,65,Backend Developer,1
27,Bachelor's,Data Science,2.6,1,1,52,50,25,71,61,70,34,88,38,85,64,3,4,74,69,61,28,Machine Learning Engineer,1
32,Bachelor's,Data Science,11,0,4,99,66,78,70,54,83,64,68,35,67,64,5,2,89,62,72,76,QA Engineer,1
32,Bachelor's,Information Technology,0.8,2,0,62,57,56,81,64,80,79,43,44,70,63,3,1,63,55,58,44,Cloud Engineer,1
34,Bachelor's,Information Technology,4.0,1,3,25,23,36,32,20,15,57,68,20,72,59,1,2,49,62,68,35,Frontend Developer,0
29,Bachelor's,Data Science,3.9,4,2,56,65,51,46,31,37,56,68,87,78,33,2,3,69,49,42,37,Full Stack Developer,0
30,PhD,Electrical Engineering,3.4,1,1,71,37,54,72,48,58,59,53,23,80,67,4,3,68,59,64,55,Frontend Developer,1
20,Bachelor's,Computer Science,0,0,0,51,41,56,46,53,54,54,70,60,58,62,3,4,74,63,59,57,QA Engineer,1
34,Diploma,Computer Science,2.5,1,2,32,24,17,44,28,53,16,52,49,70,38,6,1,54,45,41,27,Cloud Engineer,0
31,PhD,Electrical Engineering,3.3,0,1,62,58,84,62,54,57,58,49,69,71,83,5,4,66,62,72,55,DevOps Engineer,1
28,Master's,Data Science,0.1,3,0,59,36,81,46,39,58,45,55,64,79,60,7,3,79,61,54,90,Full Stack Developer,1
25,Bachelor's,Computer Science,0.1,0,0,52,49,41,47,56,61,40,78,64,76,62,4,1,75,62,59,70,Frontend Developer,1
21,Bachelor's,Other,0,1,0,93,100,87,87,99,59,92,59,71,85,71,5,4,71,60,67,86,Frontend Developer,1
33,PhD,Electrical Engineering,6.2,1,1,67,58,57,53,56,50,55,53,49,53,57,3,2,69,52,59,42,Data Analyst,1
28,Bachelor's,Data Science,0.1,1,0,74,81,79,83,100,65,66,58,79,70,74,6,4,76,66,55,100,Cloud Engineer,1
33,Bachelor's,Other,3.7,0,2,53,43,50,31,39,36,24,72,34,75,38,5,2,70,53,40,50,DevOps Engineer,1
29,Diploma,Electrical Engineering,2.6,2,1,74,77,70,33,70,80,72,66,31,59,87,2,5,75,76,81,38,QA Engineer,1
28,Bachelor's,Electrical Engineering,0.0,2,0,29,60,51,62,73,18,44,72,50,80,31,3,3,53,54,31,45,QA Engineer,0
24,Bachelor's,Electrical Engineering,0.7,1,0,34,52,41,34,25,32,55,71,51,55,31,2,0,61,46,33,56,Software Developer,0
41,Bachelor's,Other,1.1,1,1,81,67,68,44,45,70,74,81,76,92,75,3,3,81,75,63,96,QA Engineer,1
33,Master's,Data Science,8.6,1,5,49,23,28,34,44,26,27,61,73,71,23,6,0,72,48,45,57,Machine Learning Engineer,1
31,Bachelor's,Data Science,0.8,0,0,73,45,49,54,64,57,43,27,49,68,56,4,0,67,39,57,45,Data Analyst,1
21,Master's,Information Technology,0,0,0,45,53,64,76,52,53,35,48,77,69,68,1,2,60,63,66,15,Full Stack Developer,0
35,Diploma,Data Science,2.6,3,2,82,87,86,65,67,63,100,46,58,68,58,0,3,64,53,55,67,Machine Learning Engineer,1
41,Master's,Other,0.1,1,0,68,78,71,52,52,55,67,39,68,30,43,5,3,66,40,49,83,Software Developer,1
29,Bachelor's,Electrical Engineering,0.5,0,0,41,23,43,45,37,27,50,49,61,79,31,3,2,48,43,45,34,DevOps Engineer,0
42,Bachelor's,Information Technology,2.1,3,1,33,26,45,30,32,14,5,53,55,57,21,4,2,55,43,31,45,Full Stack Developer,0
25,Master's,Computer Science,4,0,3,99,100,73,97,92,93,99,81,35,73,69,3,4,92,66,69,62,Machine Learning Engineer,1
40,PhD,Information Technology,1.8,1,1,47,64,78,68,71,15,50,71,61,48,58,3,3,62,60,60,43,Full Stack Developer,1
40,Bachelor's,Other,4.5,1,3,100,94,73,74,59,79,62,78,64,57,99,3,2,79,82,82,51,Cloud Engineer,1
36,Bachelor's,Other,0.9,1,0,86,46,65,56,80,81,60,51,81,55,56,3,2,74,57,52,76,Software Developer,1
37,Bachelor's,Information Technology,2.1,1,1,42,57,41,49,11,49,44,52,57,57,48,2,2,53,50,51,70,Software Developer,0
41,Bachelor's,Data Science,1.0,3,1,26,37,19,30,9,24,33,100,42,83,45,3,2,68,72,61,52,Software Developer,1
30,Bachelor's,Computer Science,1.1,1,1,68,47,65,70,56,54,86,59,69,82,61,4,3,80,62,69,55,Machine Learning Engineer,1
27,Bachelor's,Other,6,2,1,53,44,11,53,27,26,48,65,68,54,29,3,3,63,55,40,40,DevOps Engineer,1
36,Bachelor's,Data Science,1.0,1,1,83,100,84,100,68,92,85,62,63,61,100,2,3,76,74,89,50,Software Developer,1
42,Diploma,Electrical Engineering,3.2,2,1,56,41,64,53,64,54,63,50,22,29,50,4,4,69,52,52,42,Cloud Engineer,1
37,Bachelor's,Electrical Engineering,0.8,1,0,66,60,34,32,64,32,62,52,65,82,58,3,5,68,55,59,57,Full Stack Developer,1
25,Bachelor's,Other,0.2,2,0,46,36,63,55,62,41,51,77,53,60,40,2,3,70,58,48,67,Frontend Developer,1
24,PhD,Computer Science,2.2,0,1,42,14,53,52,34,5,13,67,74,70,41,1,2,54,57,46,39,Backend Developer,1
32,Diploma,Information Technology,7.1,0,1,71,39,67,87,98,72,68,76,45,70,59,5,3,76,68,53,58,Backend Developer,1
28,Diploma,Information Technology,4.8,0,3,85,68,63,48,67,60,48,70,28,76,66,3,2,79,70,65,46,Full Stack Developer,1
39,Bachelor's,Electrical Engineering,2.9,1,1,41,67,53,38,59,47,61,39,61,54,69,3,2,55,54,61,91,DevOps Engineer,1
29,Bachelor's,Information Technology,7.4,0,5,50,30,34,40,5,65,47,56,81,60,28,1,2,59,48,48,57,Backend Developer,0
34,Diploma,Computer Science,2.5,1,1,60,49,48,64,42,45,51,82,61,49,66,4,0,72,73,66,67,Data Analyst,1
22,Bachelor's,Information Technology,0.8,1,0,62,62,56,56,62,46,37,55,67,58,72,6,3,71,62,75,47,Frontend Developer,1
22,Diploma,Computer Science,1,0,1,51,52,60,44,38,62,74,48,69,66,52,2,3,55,52,54,41,Software Developer,0
30,Bachelor's,Information Technology,0.2,1,0,95,76,88,94,70,99,100,59,59,53,100,4,3,82,78,85,76,Software Developer,1
21,Bachelor's,Other,0,0,0,55,67,58,70,41,60,54,58,58,75,43,3,3,58,51,53,59,Data Analyst,1
29,Bachelor's,Other,2.7,1,1,56,50,52,61,17,44,68,49,41,86,36,3,4,58,43,37,29,Cloud Engineer,0
22,PhD,Electrical Engineering,1,0,1,88,68,95,88,100,54,69,68,51,61,93,3,4,82,78,80,44,Machine Learning Engineer,1
31,Master's,Data Science,0.5,3,0,49,46,53,26,35,47,37,43,35,53,42,3,3,63,42,56,49,QA Engineer,1
30,Master's,Electrical Engineering,1.8,0,2,54,36,52,62,61,41,29,55,34,74,71,4,1,68,61,73,42,Full Stack Developer,1
37,Bachelor's,Information Technology,4.4,0,1,84,75,55,70,66,67,84,62,63,85,79,5,1,83,67,63,53,Cloud Engineer,1
20,Bachelor's,Other,0,0,0,68,72,61,47,57,68,47,44,64,83,60,1,4,60,50,66,35,Full Stack Developer,1
26,Diploma,Electrical Engineering,2.6,1,2,39,40,34,21,17,20,38,40,61,45,40,0,3,47,46,47,26,Data Analyst,0
31,Bachelor's,Information Technology,4.4,1,1,64,53,56,47,60,91,58,93,39,73,65,0,2,80,74,74,11,Data Analyst,1
22,Bachelor's,Information Technology,1,4,1,74,63,67,80,70,53,47,46,32,77,72,5,2,73,58,56,57,Software Developer,1
32,Master's,Other,7.1,4,1,42,36,49,22,27,56,36,55,54,73,39,4,2,61,41,50,82,Software Developer,1
38,Bachelor's,Computer Science,0.3,3,0,56,58,55,50,60,70,72,49,48,66,58,6,5,67,54,66,67,Machine Learning Engineer,1
22,Bachelor's,Data Science,0.4,2,0,59,62,45,29,23,22,29,63,42,66,37,4,2,77,57,53,35,Machine Learning Engineer,1
23,Bachelor's,Information Technology,2,1,2,58,47,43,48,34,53,40,40,65,54,47,3,3,61,49,53,32,Frontend Developer,1
24,Master's,Electrical Engineering,2.9,0,1,59,54,37,60,55,70,55,79,66,62,75,4,1,70,73,63,44,Cloud Engineer,1
32,Bachelor's,Information Technology,0.7,1,0,40,22,37,47,49,26,31,59,56,69,34,1,6,57,48,47,87,Backend Developer,0
33,Master's,Computer Science,5.6,0,4,97,74,79,61,57,56,96,58,62,69,83,6,4,89,70,77,88,Software Developer,1
27,Bachelor's,Information Technology,0.4,0,0,72,68,77,92,100,55,59,67,55,62,56,1,3,70,67,60,52,Data Analyst,1
30,Master's,Information Technology,0.6,4,0,84,67,97,100,86,61,94,76,35,35,78,4,3,75,80,73,75,Backend Developer,1
29,Master's,Data Science,0.3,0,0,63,55,47,53,27,64,58,55,75,69,42,4,2,70,51,42,60,Full Stack Developer,1
27,Bachelor's,Computer Science,4.0,1,3,51,59,61,61,59,73,47,36,55,96,57,6,2,61,50,51,100,Full Stack Developer,1
31,Bachelor's,Data Science,2.6,1,1,33,43,21,17,43,25,17,72,73,63,34,3,2,57,57,45,75,Backend Developer,0
22,Diploma,Information Technology,1,0,1,83,79,70,73,89,86,90,62,39,67,70,3,4,71,63,76,23,QA Engineer,1
30,Bachelor's,Information Technology,4.6,2,3,71,66,67,72,67,58,49,57,41,78,62,5,3,71,61,74,59,Backend Developer,1
38,Bachelor's,Electrical Engineering,4.7,0,3,88,98,79,86,84,52,71,69,56,71,61,2,3,80,64,61,69,Software Developer,1
32,Bachelor's,Computer Science,0.6,3,0,78,84,63,70,65,77,72,68,51,81,80,1,1,68,72,79,22,DevOps Engineer,1
31,Master's,Other,4.0,4,1,86,86,91,61,94,82,62,71,75,71,81,3,1,75,68,73,89,Backend Developer,1
25,Diploma,Information Technology,3.5,1,2,65,65,57,50,67,35,91,51,79,48,58,5,3,67,60,56,19,Backend Developer,1
32,Master's,Data Science,3.0,1,3,65,76,65,77,90,64,35,36,41,82,65,3,3,63,44,63,52,Machine Learning Engineer,1
31,Master's,Electrical Engineering,0.6,1,0,90,81,82,74,66,58,68,81,66,72,80,5,3,81,77,73,75,Frontend Developer,1
33,Bachelor's,Electrical Engineering,0.7,0,0,34,41,51,48,52,23,36,78,25,81,53,3,3,66,65,56,44,Frontend Developer,0
30,Bachelor's,Information Technology,4.2,0,3,60,64,66,40,45,60,39,70,96,66,41,3,3,61,54,43,54,Full Stack Developer,1
26,Diploma,Data Science,5,0,1,94,58,85,91,74,89,94,37,66,55,83,3,4,71,55,86,83,Software Developer,1
31,Bachelor's,Electrical Engineering,3.2,1,2,43,33,35,35,64,31,48,69,64,56,32,5,2,72,51,33,88,Data Analyst,1
41,Diploma,Electrical Engineering,0.2,1,0,50,44,70,43,45,26,37,55,50,55,55,4,3,66,56,51,67,QA Engineer,1
26,Bachelor's,Data Science,1.0,1,1,47,63,47,63,46,41,36,66,77,59,54,1,2,73,57,59,48,DevOps Engineer,0
24,Bachelor's,Data Science,3,3,3,70,55,51,80,76,63,47,44,71,45,71,2,3,63,61,75,71,Frontend Developer,1
21,Bachelor's,Other,0,2,0,90,82,55,91,100,80,100,53,41,81,74,7,3,78,60,68,81,Data Analyst,1
30,Master's,Other,2.9,0,2,91,65,68,54,59,50,61,54,35,49,73,6,3,83,59,57,91,Backend Developer,1
30,Master's,Other,1.0,0,1,54,72,47,32,42,47,36,57,51,75,56,2,3,59,57,59,62,Software Developer,1
28,Bachelor's,Data Science,2.1,0,2,61,56,51,50,28,70,38,71,26,67,52,3,4,68,63,61,61,Cloud Engineer,1
39,Bachelor's,Computer Science,2.1,1,1,79,82,65,82,34,80,78,32,61,48,77,4,2,68,58,68,67,QA Engineer,1
37,Bachelor's,Other,0.7,0,0,55,55,55,64,52,67,57,71,40,45,52,3,1,72,66,62,47,Frontend Developer,1
21,Master's,Electrical Engineering,0,1,0,34,43,58,37,36,35,19,75,80,75,55,1,2,55,62,62,40,QA Engineer,1
30,Master's,Electrical Engineering,0.4,1,0,54,52,31,45,54,47,77,43,73,81,66,3,3,53,55,60,32,Frontend Developer,1
34,Diploma,Other,7.2,4,1,80,61,46,72,59,59,53,54,57,89,73,4,1,76,67,55,70,Data Analyst,1
41,PhD,Computer Science,1.9,2,2,71,47,43,47,39,66,26,70,41,74,50,6,2,74,61,51,76,QA Engineer,1
39,Master's,Electrical Engineering,3.6,0,2,80,70,81,68,68,69,64,83,53,52,67,4,4,75,74,59,94,Machine Learning Engineer,1
30,Diploma,Electrical Engineering,0.1,2,0,53,56,66,57,34,41,36,35,73,55,72,1,2,56,50,67,16,Backend Developer,1
39,Bachelor's,Other,0.6,0,0,58,83,61,100,46,50,68,73,30,74,66,7,2,74,62,59,87,Frontend Developer,1
32,PhD,Electrical Engineering,2.2,0,1,53,53,73,55,46,37,23,54,75,76,48,4,2,64,53,48,67,Backend Developer,1
23,Master's,Information Technology,1.5,2,1,62,46,44,31,37,68,29,64,58,62,35,1,2,64,55,35,39,Full Stack Developer,1
37,Bachelor's,Data Science,9.8,0,2,53,66,39,40,37,21,44,94,49,46,41,4,2,71,61,47,25,Frontend Developer,1
24,Bachelor's,Data Science,3,2,2,51,85,62,81,41,68,54,90,54,98,82,2,0,66,76,81,46,Data Analyst,1
34,Diploma,Other,2.8,0,1,63,52,50,63,81,53,51,63,53,51,45,4,3,66,49,53,77,Frontend Developer,1
26,Diploma,Electrical Engineering,1.5,0,2,47,36,38,28,49,46,22,39,45,52,46,8,1,64,47,59,67,Backend Developer,1
39,Bachelor's,Data Science,0.0,0,0,52,52,36,34,53,51,27,49,49,82,51,5,3,62,49,67,100,Cloud Engineer,1
29,Master's,Electrical Engineering,0.4,1,0,39,10,24,60,64,52,9,56,61,59,36,6,4,62,48,50,52,Machine Learning Engineer,1
25,Bachelor's,Other,0.9,1,0,49,55,57,78,75,63,68,61,58,72,64,2,2,59,56,62,58,DevOps Engineer,1
38,Bachelor's,Data Science,4.0,0,3,75,75,58,69,74,49,57,62,53,84,62,5,2,76,63,54,90,Backend Developer,1
38,PhD,Data Science,1.7,0,2,90,65,84,55,66,100,86,57,32,78,73,4,1,85,64,62,56,DevOps Engineer,1
27,Bachelor's,Electrical Engineering,0.8,2,0,81,57,95,61,79,89,64,64,35,78,67,6,2,87,63,71,52,Cloud Engineer,1
29,Master's,Electrical Engineering,2.1,0,1,92,100,100,81,93,99,100,50,62,48,85,2,2,82,64,55,46,DevOps Engineer,1
21,Master's,Data Science,0,2,0,53,29,33,35,46,39,32,63,64,84,40,3,2,61,53,47,12,Software Developer,1
28,Bachelor's,Computer Science,2.9,3,1,38,45,46,40,48,37,35,59,58,65,46,5,1,66,55,49,45,Frontend Developer,1
41,Master's,Other,3.3,2,1,90,68,63,82,85,53,58,70,43,71,81,4,4,84,70,76,95,Machine Learning Engineer,1
31,Bachelor's,Data Science,2.0,1,2,64,81,83,58,70,38,45,53,76,75,71,3,1,72,62,73,85,Frontend Developer,1
24,Bachelor's,Information Technology,1.8,1,1,50,50,43,54,50,5,44,55,28,65,23,3,3,61,42,38,60,Full Stack Developer,1
32,Master's,Electrical Engineering,0.5,1,0,70,66,56,79,56,70,46,65,54,32,53,4,1,79,57,54,81,Full Stack Developer,1
42,Master's,Information Technology,3.7,1,3,69,60,29,52,55,22,50,71,62,70,61,3,2,72,65,57,37,Full Stack Developer,1
27,Master's,Electrical Engineering,0.8,1,0,36,50,64,55,46,45,39,71,70,55,42,1,2,67,52,59,38,QA Engineer,1
40,Bachelor's,Computer Science,5.5,2,4,77,42,52,85,60,42,79,57,60,39,74,1,3,71,67,68,19,Machine Learning Engineer,1
24,Bachelor's,Other,0.5,1,0,63,47,55,46,36,58,43,75,47,50,51,4,3,67,63,53,65,Frontend Developer,1
28,Diploma,Electrical Engineering,1.1,0,1,71,40,42,58,47,51,58,45,44,52,62,4,4,66,58,60,52,Cloud Engineer,1
41,Bachelor's,Electrical Engineering,1.2,1,1,71,71,89,54,64,52,94,73,50,75,71,4,2,75,71,67,58,Cloud Engineer,1
27,Bachelor's,Computer Science,0.5,2,0,31,27,26,38,24,7,19,90,74,55,34,2,2,63,57,42,57,QA Engineer,0
20,Bachelor's,Computer Science,0,0,0,78,53,46,63,57,68,61,34,41,41,55,5,1,70,48,58,78,Software Developer,1
39,Bachelor's,Data Science,0.9,1,0,50,42,58,59,34,29,51,61,72,62,46,3,1,60,55,44,61,QA Engineer,0
32,Bachelor's,Computer Science,4.1,1,2,66,69,75,73,73,44,47,100,59,72,52,0,2,70,72,57,33,Machine Learning Engineer,1
32,Bachelor's,Computer Science,0.6,1,0,65,70,54,75,72,55,55,67,73,76,73,2,2,72,66,56,54,Data Analyst,1
38,Master's,Information Technology,1.4,1,1,56,61,68,71,52,59,46,47,46,71,79,1,1,55,67,68,29,QA Engineer,0
23,Bachelor's,Other,2,0,1,63,56,69,64,54,68,63,69,72,64,63,4,3,77,67,64,18,Full Stack Developer,1
35,Master's,Electrical Engineering,1.2,1,1,26,26,24,25,39,24,20,60,39,61,26,4,1,56,43,34,86,Data Analyst,0
20,Bachelor's,Data Science,0,1,0,60,44,75,70,76,85,50,51,58,75,53,2,3,57,55,54,45,QA Engineer,0
36,Bachelor's,Information Technology,5.5,2,1,57,48,49,28,28,46,46,81,62,77,49,1,2,68,64,51,24,Software Developer,1
28,Bachelor's,Other,2.5,2,1,77,43,47,42,77,40,54,25,75,79,46,6,2,69,38,65,23,Software Developer,1
24,Diploma,Data Science,3,2,2,93,64,86,97,94,61,93,33,70,42,97,2,4,66,63,79,72,Frontend Developer,1
23,Bachelor's,Computer Science,2,1,2,47,52,59,36,70,48,48,62,37,48,65,1,5,64,64,61,23,Full Stack Developer,1
34,Bachelor's,Other,0.4,0,0,42,31,27,21,28,71,53,53,49,65,52,7,0,68,50,57,85,Backend Developer,1
27,Master's,Data Science,3.5,4,3,40,42,16,61,55,60,20,64,84,39,58,3,2,56,66,65,60,Backend Developer,1
28,Bachelor's,Data Science,0.5,2,0,41,31,52,56,55,18,62,61,41,70,51,3,2,55,52,41,35,Backend Developer,1
39,Bachelor's,Information Technology,4.6,0,3,60,55,57,46,72,45,61,78,68,94,63,5,5,71,63,70,77,Cloud Engineer,1
28,PhD,Computer Science,0.6,1,0,72,83,59,83,84,60,70,68,48,73,59,5,3,78,65,50,80,Backend Developer,1
39,Diploma,Information Technology,4.5,2,3,83,84,93,74,84,78,49,49,52,66,83,2,4,68,61,78,48,Data Analyst,1
31,Bachelor's,Information Technology,4.8,0,2,91,52,52,58,53,60,58,57,61,59,63,2,4,71,58,58,52,QA Engineer,1
35,Bachelor's,Other,5.3,3,2,71,37,42,43,58,50,58,50,52,83,59,3,2,55,53,61,72,QA Engineer,1
40,Bachelor's,Other,1.5,1,2,81,77,100,86,57,86,59,36,66,54,100,5,0,63,73,92,78,Cloud Engineer,1
42,Bachelor's,Data Science,7.7,1,3,62,42,41,43,31,47,41,48,56,44,38,4,3,68,54,40,44,QA Engineer,1
20,Bachelor's,Computer Science,0,4,0,67,54,60,42,67,74,88,68,55,54,72,6,5,81,66,66,65,Machine Learning Engineer,1
29,Diploma,Information Technology,8,2,3,74,27,48,48,18,27,86,74,62,66,32,4,4,77,48,49,45,Cloud Engineer,1
27,Diploma,Computer Science,0.1,2,0,65,82,72,73,83,51,84,60,83,52,91,6,3,69,67,77,86,Backend Developer,1
30,Bachelor's,Information Technology,1.5,0,1,63,47,47,35,53,48,25,62,75,61,48,4,3,65,57,60,29,Data Analyst,1
23,Bachelor's,Electrical Engineering,2,1,2,57,39,40,83,50,61,77,65,85,48,44,2,3,70,56,45,45,Backend Developer,1
27,Diploma,Data Science,6,2,3,55,41,64,64,45,37,51,45,64,93,45,7,3,64,49,49,94,Full Stack Developer,1
30,Master's,Computer Science,4.0,2,3,75,48,87,72,63,33,50,70,43,65,62,5,2,92,66,53,59,Software Developer,1
25,Master's,Electrical Engineering,4,3,1,26,33,32,44,31,87,39,60,49,63,12,0,1,45,43,39,37,Software Developer,0
32,Bachelor's,Data Science,5.1,4,1,60,76,48,35,35,47,35,75,72,57,47,2,2,69,60,43,25,Cloud Engineer,1
32,Bachelor's,Information Technology,2.3,0,1,40,20,20,18,18,12,5,60,54,74,39,0,1,56,49,52,6,Machine Learning Engineer,0
24,Diploma,Computer Science,0.2,0,0,45,48,33,48,47,60,47,50,53,49,53,5,4,55,55,56,60,Cloud Engineer,1
41,Master's,Electrical Engineering,0.5,2,0,61,65,80,76,58,50,97,71,41,70,87,4,4,68,75,81,77,Full Stack Developer,1
33,Bachelor's,Other,4.2,1,1,99,79,93,97,79,81,100,41,75,72,82,8,3,82,66,92,100,Cloud Engineer,1
36,Bachelor's,Data Science,5.2,4,1,76,70,48,51,82,38,47,59,50,74,63,1,2,69,59,68,65,Backend Developer,1
25,Bachelor's,Electrical Engineering,0.3,1,0,63,42,56,26,49,44,34,76,57,71,62,5,3,78,65,69,44,Full Stack Developer,1
22,Master's,Data Science,1,0,1,44,37,34,95,56,33,20,39,48,59,51,3,0,55,53,49,82,Software Developer,1
25,Master's,Other,2.6,0,2,75,75,70,77,55,50,79,69,75,78,59,5,3,76,67,63,86,Data Analyst,1
36,Diploma,Computer Science,2.9,0,2,45,36,42,34,23,5,37,42,68,51,53,4,0,61,50,55,78,QA Engineer,0
20,Diploma,Data Science,0,1,0,58,60,53,52,58,58,71,66,25,71,40,3,3,63,55,54,71,DevOps Engineer,1
22,Bachelor's,Other,1.0,0,1,52,46,45,69,57,50,54,67,26,64,68,2,3,58,66,68,19,Software Developer,1
42,Bachelor's,Other,2.5,0,1,49,59,46,40,60,52,34,50,59,56,35,2,3,55,48,41,31,Cloud Engineer,0
39,Bachelor's,Computer Science,2.8,0,1,28,48,50,71,9,42,5,58,54,60,60,2,3,54,58,59,35,QA Engineer,0
23,Bachelor's,Other,2,2,2,72,53,52,75,58,41,61,37,66,62,43,5,0,62,47,48,72,Backend Developer,1
38,Bachelor's,Other,1.2,0,1,67,62,85,76,61,75,57,49,37,77,94,6,2,75,75,77,73,Data Analyst,1
23,Bachelor's,Electrical Engineering,2,0,2,52,57,55,37,66,38,38,69,94,69,54,6,3,85,60,49,79,Cloud Engineer,1
24,Bachelor's,Electrical Engineering,0.2,1,0,70,73,62,86,91,64,64,50,15,83,87,3,2,59,66,80,56,Machine Learning Engineer,1
40,Bachelor's,Data Science,0.4,1,0,70,84,61,77,70,36,34,72,42,55,60,3,1,62,72,65,45,Machine Learning Engineer,1
25,Master's,Computer Science,0.2,0,0,51,42,61,64,69,62,62,36,48,58,75,4,3,52,55,64,55,Frontend Developer,1
22,Bachelor's,Information Technology,1,3,1,65,46,75,66,64,37,50,87,39,63,54,3,2,79,68,57,56,Full Stack Developer,1
32,Bachelor's,Data Science,0.1,3,0,49,63,65,52,38,38,22,56,51,58,48,0,1,48,56,56,27,QA Engineer,0
25,PhD,Information Technology,4,3,2,65,60,47,58,55,60,66,52,45,70,48,3,2,62,52,52,27,Cloud Engineer,1
20,Diploma,Other,0,2,0,51,42,55,65,71,47,55,51,81,54,69,2,3,52,59,63,33,Frontend Developer,1
38,Bachelor's,Data Science,1.8,1,2,39,45,38,62,31,20,31,50,72,64,30,3,1,60,37,36,42,Software Developer,0
28,Bachelor's,Information Technology,4.2,3,1,69,59,78,71,71,70,65,54,66,55,70,3,5,67,62,70,49,Data Analyst,1
31,Bachelor's,Data Science,8.2,1,5,72,65,73,52,51,65,41,79,33,69,53,5,3,84,62,61,84,Frontend Developer,1
38,Bachelor's,Data Science,4.4,2,2,62,39,36,63,71,9,34,55,49,68,53,4,4,69,51,51,66,DevOps Engineer,1
38,Bachelor's,Electrical Engineering,14.0,1,1,83,39,49,25,70,65,50,72,79,71,51,4,2,75,61,56,54,DevOps Engineer,1
20,Bachelor's,Computer Science,0,1,0,55,42,65,43,39,33,50,31,33,57,71,1,3,58,56,57,25,Frontend Developer,0
38,Bachelor's,Information Technology,1.6,1,1,31,35,50,17,29,10,34,61,69,77,39,5,3,59,51,50,57,QA Engineer,1
28,Master's,Data Science,0.6,1,0,46,35,36,63,19,30,61,58,39,68,19,4,2,66,42,37,7,Backend Developer,0
34,Master's,Electrical Engineering,3.2,0,2,38,35,44,22,50,30,54,53,57,88,48,0,2,42,54,58,30,Machine Learning Engineer,0
38,Bachelor's,Information Technology,0.3,2,0,84,90,99,80,73,86,84,48,39,92,75,5,1,68,64,63,100,Backend Developer,1
31,Master's,Data Science,3.4,0,3,59,46,66,63,22,38,55,52,63,96,61,7,2,69,58,71,73,Data Analyst,1
38,Bachelor's,Other,0.7,2,0,52,81,47,72,58,52,49,71,51,56,61,1,5,64,64,54,47,Data Analyst,1
20,Bachelor's,Data Science,0,3,0,59,55,24,38,48,37,66,72,57,52,56,2,1,68,62,56,8,DevOps Engineer,1
35,Bachelor's,Other,0.5,0,0,32,46,43,33,34,48,17,50,64,58,47,1,1,54,53,48,41,QA Engineer,0
39,Master's,Other,3.3,1,2,63,39,43,23,44,46,59,11,49,47,41,3,5,56,31,48,37,Software Developer,1
38,Bachelor's,Computer Science,1.4,4,1,64,63,89,60,39,53,66,62,47,79,73,4,2,69,62,70,41,Machine Learning Engineer,1
39,Bachelor's,Information Technology,0.8,2,0,86,75,91,65,95,77,79,87,66,52,77,5,1,83,77,67,96,Cloud Engineer,1
29,Diploma,Other,0.1,2,0,77,46,88,52,58,30,44,47,78,60,62,5,2,71,55,67,76,Full Stack Developer,1
38,Diploma,Computer Science,1.0,0,1,61,81,61,40,52,49,36,66,70,77,61,2,0,68,63,60,45,QA Engineer,1
40,Bachelor's,Information Technology,5.3,3,4,48,47,55,55,63,17,55,58,41,66,32,8,2,67,52,42,94,Frontend Developer,1
29,Master's,Computer Science,3.4,4,3,70,63,68,59,53,69,27,67,22,48,65,1,1,73,65,61,88,Cloud Engineer,1
38,Bachelor's,Data Science,1.8,1,2,61,41,48,64,71,52,65,55,100,74,54,5,3,73,54,63,43,QA Engineer,1
38,Bachelor's,Electrical Engineering,3.7,0,3,67,65,46,69,83,60,39,66,34,70,39,4,2,78,54,44,66,Frontend Developer,1
25,Diploma,Computer Science,4,2,2,86,90,83,70,79,89,100,27,78,60,78,5,4,66,49,74,78,Software Developer,1
28,Bachelor's,Computer Science,0.9,0,0,13,20,29,13,53,29,23,52,25,76,30,3,1,50,42,48,40,QA Engineer,0
32,Bachelor's,Electrical Engineering,5.6,0,3,73,41,49,66,35,53,67,92,47,63,58,4,4,82,69,62,76,Machine Learning Engineer,1
33,Bachelor's,Computer Science,2.3,1,2,80,67,69,59,62,63,25,64,90,85,74,3,4,72,72,65,49,Backend Developer,1
35,Master's,Other,2.4,2,1,86,85,76,73,49,64,52,67,38,58,56,4,3,80,66,51,64,DevOps Engineer,1
22,Bachelor's,Computer Science,1,0,1,65,56,69,77,59,47,64,51,46,73,47,5,1,64,50,50,82,Backend Developer,1
24,Diploma,Computer Science,3,1,3,87,61,66,72,73,75,53,27,59,53,86,7,1,75,61,65,100,Machine Learning Engineer,1
37,Bachelor's,Electrical Engineering,0.7,1,0,74,44,50,100,71,69,50,61,47,54,62,2,2,70,62,62,30,Software Developer,1
35,Bachelor's,Other,3.2,0,1,99,99,100,82,96,72,45,59,55,63,100,5,3,82,77,89,71,Backend Developer,1
31,Bachelor's,Information Technology,7.0,2,1,76,61,79,48,27,54,26,66,77,81,50,5,0,75,58,60,59,DevOps Engineer,1
22,Bachelor's,Other,1,1,1,52,68,50,60,41,60,44,65,68,56,48,2,4,60,57,59,42,DevOps Engineer,0
32,Master's,Computer Science,4.0,3,1,58,50,61,50,78,46,50,54,24,70,76,3,2,57,65,70,47,Backend Developer,1
35,Bachelor's,Information Technology,1.5,0,1,55,51,40,46,34,33,35,93,45,62,41,5,3,76,65,46,35,Backend Developer,1
29,Bachelor's,Computer Science,6.9,0,3,72,56,79,81,74,100,29,32,51,90,75,6,0,61,59,67,68,Software Developer,1
33,Master's,Computer Science,6.9,1,4,83,60,51,59,50,45,76,61,69,74,60,4,3,89,62,65,73,Machine Learning Engineer,1
40,Bachelor's,Data Science,1.1,0,1,60,88,58,49,55,49,40,46,51,42,58,2,0,67,55,57,63,Machine Learning Engineer,1
41,Bachelor's,Information Technology,2.4,1,2,55,70,76,60,52,68,86,63,49,66,67,2,3,63,70,63,41,Backend Developer,1
23,Master's,Computer Science,2,0,2,50,70,53,58,57,56,65,52,76,83,46,6,2,66,53,50,72,Cloud Engineer,1
38,Bachelor's,Information Technology,8.9,0,1,86,88,80,87,94,73,62,63,84,81,76,2,2,79,63,68,20,Data Analyst,1
27,Master's,Computer Science,3.7,1,2,67,61,56,40,42,45,59,53,60,100,45,3,2,70,53,46,56,DevOps Engineer,1
22,Master's,Electrical Engineering,1,3,1,60,60,44,68,53,51,57,43,40,52,57,2,1,57,52,60,60,Full Stack Developer,1
36,Diploma,Computer Science,0.1,2,0,71,47,53,60,67,55,69,83,35,62,49,4,2,92,63,55,85,Frontend Developer,1
23,Diploma,Data Science,1.5,1,2,64,61,65,52,56,42,69,61,39,67,65,3,3,59,62,60,5,QA Engineer,1
29,Bachelor's,Electrical Engineering,1.7,1,2,87,75,71,52,90,72,83,65,24,75,74,2,4,75,65,64,53,Data Analyst,1
33,Bachelor's,Other,1.8,0,2,73,60,71,53,93,59,83,73,65,62,76,2,1,74,69,65,91,Software Developer,1
40,Diploma,Computer Science,3.0,0,1,56,79,55,71,63,45,39,63,56,62,64,5,1,64,61,60,50,Backend Developer,1
37,Diploma,Computer Science,1.9,0,1,92,92,100,69,55,77,100,35,54,83,99,7,2,72,64,80,79,Backend Developer,1
32,Bachelor's,Data Science,0.3,0,0,43,54,60,59,66,58,60,71,98,49,25,3,2,69,43,33,5,Full Stack Developer,1
33,Bachelor's,Information Technology,4.0,0,3,90,71,80,89,96,67,67,66,65,85,94,4,4,80,72,89,34,Machine Learning Engineer,1
31,Diploma,Other,2.1,2,2,69,50,73,57,51,67,52,34,62,57,74,5,2,69,54,67,39,Backend Developer,1
33,Bachelor's,Data Science,0.2,0,0,54,68,80,78,70,87,61,71,71,70,63,6,3,73,66,59,79,Cloud Engineer,1
23,Bachelor's,Electrical Engineering,2,0,1,89,61,64,65,70,66,77,66,81,55,82,3,3,69,73,63,42,Frontend Developer,1
32,Master's,Electrical Engineering,9.0,2,2,47,37,40,46,39,29,41,66,58,100,20,2,2,75,47,44,30,QA Engineer,1
23,Bachelor's,Electrical Engineering,1.7,1,1,66,72,63,67,100,84,62,65,45,51,67,4,3,75,66,55,50,Software Developer,1
24,Bachelor's,Electrical Engineering,3,0,2,58,61,71,83,37,55,78,30,38,64,62,5,2,63,50,61,5,Data Analyst,1
40,Master's,Computer Science,1.5,1,1,78,86,60,71,86,72,80,65,66,62,67,4,4,77,62,67,60,Full Stack Developer,1
30,Master's,Computer Science,0.7,0,0,64,42,54,50,73,54,29,68,35,48,55,0,2,64,66,59,38,Software Developer,1
20,Master's,Information Technology,0,1,0,32,64,22,26,53,5,28,62,61,63,55,4,1,60,62,59,54,DevOps Engineer,1
29,Bachelor's,Other,1.0,3,1,51,49,65,41,64,23,55,40,87,70,82,1,3,56,56,65,69,QA Engineer,1
29,Bachelor's,Electrical Engineering,2.7,2,1,46,51,54,54,13,38,39,100,59,83,35,5,3,75,61,45,72,Machine Learning Engineer,1
37,Master's,Information Technology,4.9,2,4,73,64,82,92,86,100,66,59,66,82,88,5,2,79,69,72,88,Backend Developer,1
30,Bachelor's,Data Science,1.8,0,1,68,91,70,74,94,55,60,69,63,49,76,4,4,71,68,66,28,Software Developer,1
27,Bachelor's,Computer Science,2.6,0,1,78,74,43,69,80,80,50,50,75,84,100,6,2,77,66,92,98,Cloud Engineer,1
33,Bachelor's,Information Technology,0.2,0,0,68,77,70,49,60,62,72,66,80,72,51,4,3,82,57,50,58,Cloud Engineer,1
41,Master's,Electrical Engineering,3.3,3,3,90,75,79,66,60,38,71,96,50,66,100,7,0,100,89,87,93,DevOps Engineer,1
36,Bachelor's,Computer Science,2.3,3,1,59,44,53,71,74,59,61,58,65,67,55,4,1,62,55,59,81,Cloud Engineer,1
22,Diploma,Information Technology,1,1,1,75,75,68,62,70,42,78,29,48,56,52,3,3,57,47,51,63,Backend Developer,1
25,Bachelor's,Data Science,4,1,3,45,55,41,30,58,26,38,36,48,68,47,3,1,66,45,58,77,Data Analyst,1
20,Diploma,Data Science,0,1,0,40,42,36,56,21,44,38,43,57,58,47,2,2,56,51,52,59,Machine Learning Engineer,0
33,Bachelor's,Computer Science,0.6,2,0,74,76,63,84,87,64,51,77,38,58,70,1,4,70,72,77,82,Full Stack Developer,1
30,Master's,Data Science,4.1,0,3,68,74,64,93,54,42,55,52,53,43,81,2,3,68,67,63,41,DevOps Engineer,1
20,PhD,Computer Science,0,1,0,64,52,72,76,62,56,25,68,60,58,87,6,1,70,74,80,47,Cloud Engineer,1
31,Diploma,Computer Science,4.1,0,2,72,59,63,57,79,56,79,38,65,43,63,4,2,64,53,55,44,DevOps Engineer,1
42,Master's,Computer Science,0.1,4,0,70,70,55,61,74,70,69,80,72,66,70,4,3,79,72,59,100,Cloud Engineer,1
41,Master's,Data Science,0.9,0,0,74,74,78,56,80,79,52,65,49,53,78,6,4,80,65,74,59,Full Stack Developer,1
26,Master's,Computer Science,5,0,3,58,64,55,72,73,55,45,84,48,63,55,3,2,74,73,53,54,Software Developer,1
24,Bachelor's,Computer Science,1.0,0,1,10,8,35,26,18,32,5,44,73,63,19,3,0,49,38,19,21,QA Engineer,0
27,PhD,Data Science,1.2,0,1,48,40,27,64,44,48,36,54,79,53,44,2,1,49,46,53,33,DevOps Engineer,0
21,Bachelor's,Other,0,4,0,61,71,55,85,44,33,55,54,51,60,60,6,1,72,56,50,48,Software Developer,1
42,Bachelor's,Information Technology,4.2,2,2,77,95,64,70,59,78,78,59,43,43,98,4,3,81,75,76,85,Software Developer,1
28,Diploma,Electrical Engineering,1.1,3,1,10,34,5,5,5,35,17,76,39,74,14,2,1,50,44,32,32,Software Developer,0
33,Bachelor's,Other,3.3,0,3,51,47,93,59,43,52,58,65,56,92,43,2,0,58,52,46,17,Cloud Engineer,0
42,Bachelor's,Electrical Engineering,1.4,0,1,69,81,71,62,91,99,60,42,54,84,88,4,3,61,62,77,92,Cloud Engineer,1
20,Bachelor's,Other,0,1,0,58,47,50,38,56,79,47,89,71,69,63,3,1,76,73,56,45,Data Analyst,1
34,Bachelor's,Computer Science,5.1,4,1,79,65,54,48,50,37,36,55,53,73,41,3,1,67,50,44,60,Data Analyst,1
41,Bachelor's,Data Science,12.2,1,4,81,44,16,48,57,89,36,54,48,51,51,4,3,70,55,63,67,Full Stack Developer,1
36,Diploma,Information Technology,2.2,1,1,62,67,50,46,50,65,48,62,29,69,77,7,2,73,64,72,97,Cloud Engineer,1
30,Bachelor's,Other,4.7,0,4,97,100,80,96,93,82,51,40,33,54,76,6,0,83,59,68,93,Software Developer,1
28,Bachelor's,Data Science,0.2,1,0,52,72,71,57,63,58,56,49,41,62,46,4,1,57,51,55,51,Data Analyst,1
40,Diploma,Electrical Engineering,0.8,2,0,93,100,83,100,100,83,73,92,50,63,100,4,3,90,83,84,50,Data Analyst,1
26,Bachelor's,Information Technology,0.8,0,0,74,70,59,47,31,39,59,45,30,87,79,5,1,73,65,76,90,Software Developer,1
20,Bachelor's,Electrical Engineering,0,1,0,83,71,86,63,71,68,54,55,53,68,56,5,3,79,56,60,58,DevOps Engineer,1
41,Bachelor's,Information Technology,4.9,1,1,59,80,78,65,78,76,86,65,56,38,53,1,3,59,60,54,43,QA Engineer,1
35,Master's,Other,3.8,1,2,90,81,88,95,89,51,79,61,72,65,74,4,2,84,62,72,57,Backend Developer,1
28,Master's,Computer Science,1.9,0,2,77,70,94,86,100,75,95,64,75,60,75,2,3,72,67,66,31,QA Engineer,1
34,Diploma,Other,4.3,0,2,65,67,80,59,77,77,64,52,58,57,52,5,2,61,53,62,80,Cloud Engineer,1
35,Bachelor's,Data Science,0.2,1,0,47,35,54,80,68,42,40,100,55,53,50,5,3,67,71,61,41,QA Engineer,1
41,Diploma,Electrical Engineering,1.3,4,1,71,66,73,55,58,56,21,73,56,65,39,4,0,82,58,50,38,Software Developer,1
21,Bachelor's,Information Technology,0,0,0,77,77,63,71,81,87,66,54,43,68,80,6,0,81,66,75,59,QA Engineer,1
25,Bachelor's,Data Science,0.0,0,0,62,72,41,39,52,47,72,62,31,45,43,5,2,69,49,52,45,DevOps Engineer,0
40,Bachelor's,Electrical Engineering,0.7,1,0,74,51,67,49,40,51,30,66,66,59,61,4,1,72,69,63,31,Data Analyst,1
26,PhD,Information Technology,0.8,3,0,82,56,64,88,81,52,66,65,48,53,97,3,2,80,81,88,53,DevOps Engineer,1
31,Bachelor's,Computer Science,2.1,1,2,71,47,54,60,43,40,57,73,59,65,66,2,2,69,68,60,61,Data Analyst,1
38,Diploma,Computer Science,0.3,3,0,63,85,85,79,59,75,48,59,69,65,73,5,2,80,61,72,75,Cloud Engineer,1
34,Bachelor's,Other,3.7,0,2,66,71,76,54,65,29,32,56,48,59,71,3,2,58,60,79,38,Software Developer,1
39,Master's,Data Science,0.4,0,0,63,54,55,45,55,52,56,70,48,67,51,0,1,51,61,53,19,DevOps Engineer,1
35,Bachelor's,Information Technology,1.2,0,1,40,38,15,9,29,5,38,25,49,60,38,0,2,43,29,47,31,Backend Developer,0
24,PhD,Electrical Engineering,3,1,3,37,11,23,49,19,75,55,58,55,95,37,3,3,61,52,46,39,Software Developer,1
33,Diploma,Computer Science,3.6,2,2,49,38,39,58,20,62,42,39,60,60,42,5,2,60,47,51,69,Machine Learning Engineer,0
27,PhD,Information Technology,0.2,2,0,57,53,42,39,20,51,17,75,57,59,42,3,1,64,61,43,23,DevOps Engineer,1
21,Bachelor's,Data Science,0,1,0,37,33,43,37,54,42,34,68,51,78,30,3,2,70,48,35,43,Machine Learning Engineer,0
30,Bachelor's,Other,5.1,1,4,69,52,53,60,54,38,48,90,53,69,67,4,1,72,69,61,32,Cloud Engineer,1
25,Diploma,Electrical Engineering,0.7,0,0,13,24,24,26,5,5,20,39,49,57,27,0,1,45,37,44,37,QA Engineer,0
27,PhD,Computer Science,5.1,1,1,63,62,53,39,32,23,45,18,45,55,50,7,3,73,43,62,90,QA Engineer,1
42,Bachelor's,Other,4.2,0,2,51,59,55,31,58,44,41,34,46,77,28,6,2,61,36,40,59,Machine Learning Engineer,0
33,PhD,Electrical Engineering,2.1,2,1,68,61,80,79,43,54,88,71,30,77,64,7,2,82,70,48,67,DevOps Engineer,1
29,Bachelor's,Electrical Engineering,8,0,3,66,54,41,77,67,48,73,50,69,64,55,3,2,69,57,57,72,DevOps Engineer,1
28,Bachelor's,Computer Science,7,1,1,45,33,62,55,64,41,33,78,51,55,51,2,3,61,61,53,20,Cloud Engineer,1
30,Diploma,Computer Science,6.3,1,1,67,28,57,55,64,67,48,51,58,66,46,3,3,60,48,45,77,Frontend Developer,0
31,Bachelor's,Data Science,9.2,1,3,66,43,48,35,36,30,35,54,69,76,63,1,2,64,59,67,52,Machine Learning Engineer,1
41,Master's,Other,6.5,0,1,97,64,78,85,58,65,60,67,42,62,82,6,4,96,73,79,100,Cloud Engineer,1
34,Master's,Information Technology,0.6,1,0,32,23,23,5,26,44,28,65,88,64,21,5,2,65,46,32,36,Data Analyst,0
20,Master's,Computer Science,0,0,0,65,74,64,58,72,44,56,54,84,57,65,6,4,72,61,63,76,Cloud Engineer,1
23,PhD,Information Technology,0.7,1,0,57,33,43,52,34,32,37,64,35,69,63,4,2,71,63,58,63,Data Analyst,1
42,Diploma,Data Science,3.5,1,1,53,33,47,30,42,39,25,54,43,59,55,4,1,58,53,55,57,Data Analyst,1
37,Bachelor's,Information Technology,3.7,2,1,80,47,62,60,100,65,61,38,72,72,89,4,1,59,64,79,36,Full Stack Developer,1
29,Diploma,Information Technology,0.1,2,0,57,66,53,69,55,51,56,48,56,41,56,2,4,55,53,56,31,Full Stack Developer,1
27,Bachelor's,Computer Science,0.2,1,0,51,46,27,45,43,33,61,56,60,64,47,1,0,61,55,53,54,QA Engineer,0
26,Bachelor's,Computer Science,0.2,1,0,43,68,35,61,44,19,24,77,76,68,60,4,2,65,63,61,54,Machine Learning Engineer,0
28,Bachelor's,Information Technology,3.0,1,1,65,62,59,46,43,50,49,83,48,48,47,2,2,77,63,41,40,Data Analyst,1
30,Bachelor's,Other,7.0,2,2,61,63,57,52,53,38,45,70,57,55,79,4,1,65,71,74,88,Machine Learning Engineer,1
40,Bachelor's,Computer Science,0.6,4,0,87,77,75,95,63,100,82,76,30,68,96,5,3,82,79,83,57,Data Analyst,1
38,Bachelor's,Other,1.7,1,1,69,65,56,70,53,64,67,56,65,61,69,2,3,70,63,69,53,Data Analyst,1
39,Diploma,Data Science,0.5,2,0,57,77,55,72,62,83,47,60,43,65,75,1,3,58,57,74,45,Machine Learning Engineer,1
41,Bachelor's,Data Science,0.9,2,0,33,54,47,51,45,28,31,69,54,71,15,4,2,52,42,29,25,Machine Learning Engineer,0
34,Master's,Information Technology,3.9,2,2,33,53,52,43,47,14,58,64,56,68,34,1,0,60,48,50,49,Cloud Engineer,1
42,Bachelor's,Other,4.5,3,1,54,48,35,46,49,19,57,72,49,58,39,3,1,73,63,47,77,Data Analyst,1
29,Bachelor's,Electrical Engineering,0.4,0,0,75,66,64,85,78,65,91,55,92,64,83,2,2,69,63,76,47,Machine Learning Engineer,1
38,Diploma,Electrical Engineering,0.6,1,0,26,6,42,14,28,56,45,63,51,50,34,3,2,52,47,41,30,Full Stack Developer,0
27,PhD,Other,0.1,0,0,58,60,70,56,41,34,72,38,49,77,85,8,3,63,59,70,68,Data Analyst,1
42,Bachelor's,Other,1.3,1,1,55,71,74,41,69,66,45,66,42,38,46,3,2,52,55,50,53,Frontend Developer,1
28,Diploma,Other,0.2,2,0,47,48,65,55,39,50,12,28,87,65,41,6,0,60,42,58,82,Frontend Developer,0
41,PhD,Information Technology,2.1,1,2,36,22,33,15,5,26,27,41,59,71,37,3,3,54,44,40,21,Full Stack Developer,1
25,PhD,Computer Science,4,1,3,43,29,55,42,26,54,49,100,66,47,37,3,1,80,66,43,70,QA Engineer,1
20,Bachelor's,Other,0,4,0,36,10,32,14,28,22,5,56,39,72,16,4,3,63,36,49,62,Software Developer,0
36,Bachelor's,Electrical Engineering,0.9,0,0,50,36,69,26,57,59,61,66,48,92,55,2,1,64,56,63,65,DevOps Engineer,1
25,Bachelor's,Other,2.0,1,2,98,100,96,96,71,100,95,69,75,70,93,6,4,83,71,71,100,Machine Learning Engineer,1
27,Master's,Electrical Engineering,0.0,3,0,71,67,63,79,59,71,58,50,40,74,78,5,1,69,60,65,98,Data Analyst,1
31,Bachelor's,Electrical Engineering,5.2,3,4,84,69,100,76,77,50,71,64,28,66,71,5,0,81,70,71,100,Full Stack Developer,1
27,Bachelor's,Computer Science,3.6,2,3,57,58,67,70,66,56,57,58,59,75,63,1,1,56,61,58,37,Software Developer,1
22,Master's,Computer Science,0.4,1,0,44,23,29,33,31,57,27,44,57,56,29,5,1,56,43,40,46,Data Analyst,0
23,Bachelor's,Information Technology,1.3,2,1,34,44,30,15,14,35,49,59,40,63,39,5,5,72,52,58,81,QA Engineer,1
39,Master's,Information Technology,6.9,1,5,67,65,71,44,70,34,17,68,28,56,39,4,2,64,57,47,41,Frontend Developer,1
32,Bachelor's,Electrical Engineering,3.0,0,2,54,21,24,29,38,51,19,76,56,65,30,3,2,73,55,44,34,Frontend Developer,1
27,Bachelor's,Electrical Engineering,6,1,2,55,39,62,66,49,28,64,57,70,69,31,4,4,62,47,52,68,Full Stack Developer,1
34,Bachelor's,Information Technology,8.0,1,4,84,53,52,76,75,58,64,48,42,65,78,9,1,85,63,63,100,Machine Learning Engineer,1
37,Bachelor's,Information Technology,2.1,1,1,54,47,26,29,40,33,21,39,53,57,39,2,2,64,45,44,24,Backend Developer,0
29,Bachelor's,Other,7.1,2,3,80,60,50,60,57,70,43,54,79,52,47,0,0,63,56,46,53,Frontend Developer,0
30,Diploma,Data Science,0.4,3,0,33,32,29,5,17,19,5,32,35,55,23,2,2,46,34,41,19,QA Engineer,0
32,Diploma,Computer Science,0.5,1,0,54,32,51,33,30,53,33,51,60,89,46,5,1,68,52,52,77,Cloud Engineer,1
21,Diploma,Other,0,1,0,74,66,87,71,72,58,92,64,71,51,77,4,1,69,63,67,70,Cloud Engineer,1
27,Bachelor's,Data Science,3.7,2,2,78,49,63,47,48,38,88,67,50,76,61,3,1,81,59,65,54,Cloud Engineer,1
27,Master's,Computer Science,2.1,1,1,30,13,36,77,37,33,25,77,32,69,30,0,1,50,53,51,9,Backend Developer,0
38,Bachelor's,Data Science,0.4,3,0,52,38,29,36,44,20,50,43,49,64,29,4,2,60,43,42,80,Software Developer,0
26,Master's,Data Science,3.5,2,3,30,33,30,33,38,20,26,61,42,43,47,6,2,67,51,54,63,Software Developer,1
41,Bachelor's,Other,0.2,3,0,55,63,43,63,52,57,41,30,89,62,62,1,2,44,57,52,12,Cloud Engineer,0
22,Bachelor's,Computer Science,1,1,1,39,35,32,47,46,41,8,66,23,51,20,3,2,58,50,36,16,Cloud Engineer,0
21,Diploma,Data Science,0,0,0,31,32,34,21,66,35,53,34,49,46,30,2,0,42,35,46,46,Machine Learning Engineer,0
21,Diploma,Computer Science,0,2,0,49,88,55,65,54,59,32,76,27,59,47,2,2,73,62,55,32,QA Engineer,0
38,Diploma,Data Science,5.9,0,4,80,58,48,39,45,62,27,52,32,41,43,6,1,77,51,50,95,Cloud Engineer,1
20,Master's,Electrical Engineering,0,1,0,87,64,56,68,85,61,70,49,46,78,75,5,2,85,68,64,87,QA Engineer,1
36,PhD,Electrical Engineering,1.1,3,1,77,74,78,87,76,82,74,45,65,65,77,4,3,65,54,66,93,Backend Developer,1
35,Bachelor's,Electrical Engineering,3.0,0,2,62,78,85,71,49,63,64,72,50,60,94,3,3,70,72,86,55,DevOps Engineer,1
29,Bachelor's,Data Science,2.6,3,2,34,38,13,10,42,19,28,50,64,73,34,3,0,48,46,53,45,Software Developer,0
42,Master's,Other,3.5,0,1,84,88,93,99,59,78,77,78,33,41,82,3,3,88,72,70,39,Data Analyst,1
37,Diploma,Information Technology,0.5,3,0,55,40,37,43,49,61,19,51,55,59,47,4,3,66,46,60,68,Frontend Developer,1
34,Master's,Data Science,2.1,1,2,44,35,69,36,46,41,58,23,54,79,56,6,2,58,45,58,57,Machine Learning Engineer,1
22,Bachelor's,Data Science,1,4,1,79,70,61,84,54,63,64,60,54,79,46,5,2,71,46,48,64,Software Developer,1
36,Diploma,Electrical Engineering,1.7,2,1,81,73,47,54,73,65,73,60,46,79,77,7,3,79,59,70,100,Machine Learning Engineer,1
23,Bachelor's,Data Science,0.0,1,0,90,97,58,62,71,89,74,70,81,75,84,4,4,88,74,85,94,Machine Learning Engineer,1
34,Bachelor's,Computer Science,0.5,1,0,64,67,79,65,75,46,49,54,31,74,45,2,1,61,51,58,41,Frontend Developer,1
24,Bachelor's,Other,0.4,1,0,69,79,79,58,55,62,86,33,57,72,71,5,2,63,59,70,89,Data Analyst,1
41,Master's,Other,0.4,1,0,54,59,77,71,56,49,62,38,76,78,63,6,3,51,54,69,97,Full Stack Developer,1
25,Diploma,Information Technology,4,1,1,43,71,63,71,54,66,29,70,57,74,71,0,2,52,63,61,6,Cloud Engineer,0
21,PhD,Computer Science,0,1,0,8,22,20,9,6,28,10,57,34,71,15,4,1,58,40,31,50,Data Analyst,0
32,Diploma,Computer Science,4.0,1,3,60,59,68,79,54,48,74,68,47,76,44,7,1,74,52,60,91,Data Analyst,1
35,Bachelor's,Electrical Engineering,2.4,0,1,71,65,68,60,80,49,67,47,49,60,70,5,2,52,59,71,77,Full Stack Developer,1
20,Master's,Information Technology,0,2,0,19,5,21,33,40,12,14,54,58,62,23,3,2,52,45,37,45,QA Engineer,0
28,Bachelor's,Other,2.0,0,1,98,73,83,90,72,92,55,71,33,92,88,7,2,89,75,84,89,Software Developer,1
32,Bachelor's,Information Technology,1.7,3,2,30,61,41,44,60,49,49,69,47,85,65,3,1,62,72,61,65,QA Engineer,1
35,Bachelor's,Data Science,0.3,2,0,48,61,42,67,65,39,66,68,39,45,51,4,5,58,62,48,45,DevOps Engineer,1
37,Master's,Computer Science,5.8,2,4,73,83,73,82,43,91,82,39,61,55,74,6,4,79,56,81,93,Cloud Engineer,1
24,Master's,Data Science,1.9,2,2,57,67,54,61,57,43,44,33,23,65,57,5,0,62,53,68,45,QA Engineer,1
24,Bachelor's,Electrical Engineering,0.8,2,0,38,37,35,17,37,12,28,70,45,56,50,3,2,58,60,53,68,Backend Developer,1
31,Bachelor's,Data Science,0.7,0,0,47,42,43,39,42,44,40,84,41,75,51,4,5,72,65,67,56,QA Engineer,1
42,Diploma,Information Technology,0.9,0,0,84,93,70,83,78,86,78,75,52,79,72,0,4,71,70,68,51,QA Engineer,1
24,Bachelor's,Data Science,3,0,3,63,82,63,30,42,76,61,81,58,50,59,1,2,67,67,57,64,Frontend Developer,1
38,PhD,Computer Science,2.9,0,1,59,53,58,39,42,33,61,54,59,77,73,2,1,55,61,62,56,QA Engineer,1
32,Master's,Computer Science,5.6,1,4,100,79,67,91,90,92,100,55,59,66,90,5,4,78,73,73,78,DevOps Engineer,1
26,Master's,Electrical Engineering,5,0,4,38,52,36,34,15,19,14,42,64,54,53,1,1,55,53,54,36,Software Developer,0
29,Master's,Information Technology,1.7,2,1,32,18,34,44,15,25,24,57,67,71,36,3,2,59,51,50,29,Data Analyst,1
28,Bachelor's,Other,0.8,3,0,32,17,30,42,30,30,8,53,44,86,33,4,2,62,40,47,18,Machine Learning Engineer,0
30,Master's,Computer Science,0.5,1,0,90,59,54,60,63,59,59,67,95,69,68,4,5,77,67,69,71,Machine Learning Engineer,1
23,Master's,Electrical Engineering,2,0,1,72,65,86,97,59,55,30,48,68,65,72,6,0,71,60,58,60,Full Stack Developer,1
21,Master's,Computer Science,0,3,0,61,72,60,59,77,70,50,61,37,56,65,5,0,76,67,59,90,Full Stack Developer,1
31,Diploma,Information Technology,5.6,1,4,100,79,87,95,67,100,73,60,40,80,80,2,3,71,73,78,51,Cloud Engineer,1
36,Bachelor's,Other,0.4,1,0,60,53,65,59,54,71,37,48,54,63,40,5,0,64,47,48,84,Machine Learning Engineer,1
30,Bachelor's,Data Science,0.1,3,0,72,53,78,38,61,74,35,58,30,64,63,2,2,64,60,55,31,Machine Learning Engineer,1
31,Master's,Computer Science,2.4,0,2,76,73,46,66,52,40,45,65,56,62,72,1,5,65,66,65,30,Backend Developer,1
23,Master's,Electrical Engineering,1.6,0,2,44,46,41,66,58,20,20,65,55,62,29,6,5,60,45,42,57,Frontend Developer,1
22,Bachelor's,Information Technology,1,2,1,99,83,83,67,100,75,90,57,70,94,80,4,4,82,68,87,71,Data Analyst,1
41,Bachelor's,Computer Science,1.9,4,2,57,34,49,37,55,25,59,63,52,54,53,4,4,64,53,52,83,Cloud Engineer,1
34,Master's,Other,2.5,0,2,69,61,81,100,66,88,67,58,52,76,80,4,1,69,66,69,72,Full Stack Developer,1
21,Bachelor's,Information Technology,0,2,0,71,58,59,62,80,45,72,48,42,52,99,2,4,67,71,88,71,Full Stack Developer,1
23,Bachelor's,Information Technology,2,1,2,72,78,64,73,100,78,83,62,38,57,80,4,2,75,67,70,55,Data Analyst,1
35,Bachelor's,Data Science,2.6,1,1,65,59,27,53,43,64,51,73,49,67,58,3,3,69,65,51,52,Cloud Engineer,1
30,Bachelor's,Information Technology,1.1,1,1,70,52,82,69,40,87,52,56,95,54,75,6,2,77,64,73,75,Data Analyst,1
24,Bachelor's,Information Technology,0.8,2,0,73,89,81,84,69,77,68,35,70,70,78,3,0,69,54,53,79,Data Analyst,1
27,Bachelor's,Other,0.2,0,0,26,35,63,34,27,26,16,41,76,47,44,6,2,49,51,54,73,QA Engineer,0
28,Bachelor's,Electrical Engineering,2.9,3,2,41,38,27,40,26,34,30,71,68,68,50,4,1,66,59,42,62,Full Stack Developer,1
22,Bachelor's,Computer Science,1,0,1,48,40,50,46,29,14,28,93,53,76,23,0,2,70,56,42,31,Machine Learning Engineer,0
42,Bachelor's,Other,0.1,0,0,62,59,81,56,55,50,56,56,50,71,68,4,0,70,62,52,34,Frontend Developer,1
31,Bachelor's,Information Technology,2.8,0,1,44,66,40,52,75,31,40,49,85,54,36,5,1,62,46,53,72,Machine Learning Engineer,1
24,Bachelor's,Data Science,0.3,1,0,88,80,94,85,88,77,81,81,44,69,96,5,2,89,84,83,44,Full Stack Developer,1
31,Bachelor's,Data Science,1.2,0,1,59,73,40,43,36,64,29,75,75,66,50,7,1,84,56,61,67,Machine Learning Engineer,1
30,PhD,Computer Science,1.8,0,1,74,70,75,50,77,21,41,80,45,60,61,3,1,73,63,59,45,Cloud Engineer,1
33,Bachelor's,Information Technology,1.1,2,1,65,75,81,83,93,53,79,43,87,62,79,6,3,65,66,70,68,Backend Developer,1
21,Bachelor's,Information Technology,0,0,0,32,46,39,78,42,44,24,82,46,74,15,3,4,63,52,31,46,Data Analyst,0
34,Diploma,Electrical Engineering,7.6,0,2,71,65,73,79,91,72,59,83,37,67,79,6,1,83,75,64,49,Software Developer,1
34,Bachelor's,Computer Science,1.4,1,1,81,69,66,55,93,71,90,57,49,36,54,3,2,69,56,65,49,DevOps Engineer,1
32,Bachelor's,Computer Science,1.0,1,1,56,24,23,61,24,51,36,68,84,45,47,6,0,73,57,52,82,QA Engineer,1
40,Bachelor's,Other,1.1,0,1,49,70,82,56,46,32,57,55,37,59,73,1,4,58,65,66,51,Backend Developer,1
22,Master's,Computer Science,1,2,1,96,100,88,82,94,100,89,67,33,50,87,3,3,84,74,73,61,DevOps Engineer,1
23,Bachelor's,Other,0.3,1,0,63,66,55,64,56,77,38,77,36,26,66,3,1,79,73,50,46,QA Engineer,1
38,Bachelor's,Other,7.8,2,3,71,47,65,54,26,47,35,46,58,70,59,6,3,71,57,66,73,Backend Developer,1
39,Bachelor's,Data Science,7.5,2,3,53,46,36,37,48,34,46,63,64,70,40,0,1,61,56,57,39,Full Stack Developer,1
33,Bachelor's,Computer Science,9.4,1,2,62,35,44,69,55,27,41,58,27,58,56,4,1,67,56,54,52,Full Stack Developer,1
35,Bachelor's,Other,2.0,0,1,54,64,37,58,56,54,42,57,43,52,38,7,2,65,49,56,86,Full Stack Developer,1
40,Bachelor's,Electrical Engineering,3.0,1,2,56,54,64,80,51,62,78,63,67,70,60,3,1,72,62,65,41,DevOps Engineer,1
21,Bachelor's,Data Science,0,0,0,45,33,68,80,68,76,45,68,63,51,76,3,2,64,67,67,52,DevOps Engineer,1
28,Master's,Computer Science,0.9,0,0,67,51,32,48,57,40,63,88,82,78,57,6,3,80,67,65,59,Software Developer,1
40,Bachelor's,Data Science,2.5,1,2,92,81,100,96,93,82,65,64,35,43,90,3,4,75,71,81,100,Cloud Engineer,1
29,PhD,Information Technology,1.5,0,1,38,38,38,57,59,42,63,76,34,65,61,3,4,74,69,57,35,Machine Learning Engineer,1
21,Diploma,Information Technology,0,0,0,52,46,13,66,41,57,42,65,37,48,50,3,3,68,60,57,71,Cloud Engineer,1
39,Bachelor's,Data Science,1.2,0,1,73,70,77,66,64,19,56,32,34,58,77,4,1,69,58,75,75,Data Analyst,1
21,Master's,Other,0,0,0,68,79,71,44,69,62,25,46,54,72,61,4,4,71,59,58,44,Backend Developer,1
26,Bachelor's,Information Technology,2.5,0,1,78,84,80,55,92,90,95,47,54,58,99,0,3,59,72,83,49,Software Developer,1
39,Bachelor's,Data Science,0.4,2,0,61,48,51,73,75,71,38,85,51,47,59,4,2,81,71,57,39,Frontend Developer,1
37,Bachelor's,Other,4.2,3,1,93,94,88,92,72,90,99,38,74,29,62,7,6,74,58,73,82,Data Analyst,1
34,Bachelor's,Data Science,4.6,2,4,72,61,65,58,65,53,49,55,69,57,64,5,4,75,63,54,61,Backend Developer,1
21,Master's,Computer Science,0,1,0,65,79,63,60,56,41,30,36,37,73,57,5,0,67,51,54,74,Software Developer,1
41,Bachelor's,Electrical Engineering,12.8,1,2,92,39,66,59,48,56,68,82,58,57,83,4,4,82,82,72,75,QA Engineer,1
40,Bachelor's,Information Technology,1.6,0,1,70,70,69,62,64,70,95,57,31,48,63,3,2,66,63,62,58,Machine Learning Engineer,1
40,Diploma,Other,0.0,1,0,81,51,48,56,45,42,38,75,37,70,61,3,2,74,71,56,76,Cloud Engineer,1
39,Bachelor's,Data Science,4.3,0,2,81,63,71,77,42,55,37,49,45,77,73,3,1,77,58,69,59,Backend Developer,1
23,Bachelor's,Data Science,2,4,2,77,61,70,66,68,91,67,55,54,80,58,1,3,61,58,58,39,Software Developer,1
41,Bachelor's,Information Technology,0.5,1,0,66,67,49,47,47,58,44,74,37,64,40,3,3,73,56,53,82,Cloud Engineer,1
35,Bachelor's,Information Technology,6.3,0,1,68,52,67,54,22,71,63,65,58,41,45,3,3,69,57,44,53,Full Stack Developer,1
42,Bachelor's,Computer Science,1.5,1,2,81,65,89,77,72,83,71,65,54,55,61,1,3,74,67,59,73,Software Developer,1
20,Diploma,Information Technology,0,0,0,59,55,61,51,66,61,38,83,60,54,59,4,2,73,70,63,45,Data Analyst,1
38,Master's,Information Technology,1.0,0,1,40,36,64,64,48,34,29,62,49,41,46,5,1,59,53,41,47,Backend Developer,0
34,Bachelor's,Electrical Engineering,7.1,3,2,80,69,48,59,45,49,41,39,73,69,64,5,3,73,51,68,100,Frontend Developer,1
22,Bachelor's,Other,1,2,1,62,77,57,51,68,51,46,55,49,83,46,1,2,63,51,60,40,Cloud Engineer,1
24,Master's,Other,0.1,3,0,75,58,57,81,72,72,54,70,75,41,100,4,2,64,82,87,40,Full Stack Developer,1
25,Bachelor's,Data Science,0.2,3,0,46,56,87,68,46,71,47,47,46,29,65,5,1,65,50,68,86,Machine Learning Engineer,1
23,Bachelor's,Information Technology,2,0,1,20,14,15,5,15,5,17,67,35,77,6,4,1,46,39,42,73,Software Developer,0
29,Bachelor's,Data Science,2.3,1,1,80,69,58,84,63,57,45,55,58,78,37,2,2,73,49,41,83,Data Analyst,1
27,Diploma,Electrical Engineering,4.4,0,1,46,21,26,25,51,18,33,55,61,89,34,7,1,67,43,46,88,QA Engineer,0
38,Bachelor's,Computer Science,2.4,0,1,64,79,55,79,69,59,46,64,60,64,74,3,3,66,67,61,61,Data Analyst,1
20,Master's,Data Science,0,0,0,46,40,64,31,44,43,57,24,51,56,51,4,2,50,46,62,54,Full Stack Developer,1
23,Bachelor's,Computer Science,2,3,1,69,64,48,72,89,55,66,80,66,63,83,1,4,64,71,74,28,QA Engineer,1
24,Master's,Computer Science,1.1,1,1,66,55,68,58,69,50,59,42,63,55,75,6,3,69,61,68,92,Machine Learning Engineer,1
31,Master's,Other,0.2,0,0,67,71,75,50,62,71,47,47,18,63,51,4,2,62,50,61,53,Data Analyst,1
41,Master's,Data Science,2.0,1,2,71,42,73,56,59,81,41,61,47,95,55,3,2,69,53,62,60,Data Analyst,1
38,Bachelor's,Other,2.2,1,1,91,56,82,82,61,50,57,68,36,88,63,4,1,79,63,73,76,QA Engineer,1
31,Bachelor's,Other,0.8,4,0,75,65,81,69,29,25,59,88,54,49,53,4,3,80,73,52,61,QA Engineer,1
23,Diploma,Computer Science,2,2,1,37,60,48,49,41,64,48,59,64,53,54,2,1,64,60,52,32,Full Stack Developer,0
29,Bachelor's,Data Science,2.7,2,2,67,40,73,84,62,42,75,44,74,46,59,4,3,75,55,57,75,DevOps Engineer,1
26,Bachelor's,Computer Science,1.4,2,1,45,28,13,33,37,26,14,56,49,72,43,0,1,58,51,58,20,DevOps Engineer,0
39,Bachelor's,Data Science,0.5,1,0,51,65,21,36,56,54,49,50,58,56,32,2,2,69,45,52,53,Machine Learning Engineer,0
24,Bachelor's,Other,3,1,1,100,95,95,82,100,89,83,67,76,65,100,1,2,70,76,97,49,Backend Developer,1
22,Diploma,Computer Science,1,1,1,92,99,81,83,82,81,97,18,76,71,92,3,5,56,57,81,54,Machine Learning Engineer,1
28,Bachelor's,Information Technology,7,2,5,16,13,17,25,15,6,39,65,55,67,33,1,1,56,46,50,43,DevOps Engineer,0
25,Bachelor's,Other,0.8,4,0,47,39,51,70,56,10,54,49,40,68,32,4,2,58,46,54,34,QA Engineer,0
33,Master's,Electrical Engineering,5.7,3,3,100,94,89,96,98,70,97,41,66,41,93,4,5,68,73,73,62,Machine Learning Engineer,1
29,Master's,Electrical Engineering,2.8,3,1,62,54,71,73,55,67,54,58,56,58,55,7,3,80,57,52,100,QA Engineer,1
28,Master's,Data Science,6.8,0,4,85,82,93,74,92,99,48,60,39,65,81,2,2,69,64,64,45,Full Stack Developer,1
31,PhD,Computer Science,2.2,1,1,30,53,24,47,51,33,48,69,57,83,15,2,2,62,47,35,5,Software Developer,0
23,Master's,Data Science,1.6,0,1,77,88,76,71,91,58,62,76,63,52,79,0,1,79,70,73,46,Full Stack Developer,1
27,Bachelor's,Information Technology,3.2,3,1,59,47,36,75,95,45,54,69,82,69,39,4,0,66,56,50,57,Machine Learning Engineer,1
32,Master's,Data Science,1.4,0,1,59,60,59,66,61,67,50,78,16,71,51,3,2,66,63,59,48,DevOps Engineer,1
34,Bachelor's,Computer Science,5.7,2,1,65,48,49,42,42,50,42,57,67,69,28,2,0,52,48,38,35,QA Engineer,1
41,Bachelor's,Electrical Engineering,3.7,2,2,71,52,71,49,61,69,56,88,50,58,63,5,4,82,69,61,90,QA Engineer,1
22,Bachelor's,Other,0.8,2,0,71,74,66,85,74,66,65,70,76,46,44,3,3,72,57,50,25,DevOps Engineer,1
26,Bachelor's,Data Science,5,0,1,81,33,70,43,58,57,41,58,37,60,45,4,3,72,52,53,72,Cloud Engineer,1
31,Master's,Electrical Engineering,1.7,1,2,43,16,16,52,20,31,22,57,29,65,25,5,1,61,49,30,76,Machine Learning Engineer,1
29,Bachelor's,Other,2.4,1,2,19,5,17,14,23,5,20,38,47,49,23,1,1,42,34,27,22,Cloud Engineer,0
35,PhD,Information Technology,0.4,1,0,65,85,71,69,70,76,66,78,65,59,68,4,4,71,66,64,51,Software Developer,1
37,Bachelor's,Data Science,1.1,1,1,76,62,75,54,75,62,79,70,52,79,73,2,2,69,66,76,42,Machine Learning Engineer,1
33,Bachelor's,Information Technology,7.0,1,2,100,80,90,73,85,94,72,64,79,91,92,5,4,90,73,78,93,Cloud Engineer,1
24,Bachelor's,Electrical Engineering,0.9,1,0,52,62,76,48,39,62,64,55,61,80,52,1,3,63,49,66,49,QA Engineer,1
35,Bachelor's,Other,4.8,1,1,76,43,74,38,72,88,47,62,74,83,64,2,1,67,66,57,29,Machine Learning Engineer,1
28,Diploma,Data Science,1.5,0,1,49,40,47,37,36,39,42,65,61,66,54,3,2,69,60,52,83,QA Engineer,1
22,Diploma,Data Science,1,3,1,25,47,20,41,11,41,22,50,81,40,5,2,0,41,31,23,45,Cloud Engineer,0
29,Master's,Computer Science,7.5,0,1,49,43,50,31,24,52,18,39,57,68,47,2,3,56,47,43,78,DevOps Engineer,1
23,Master's,Electrical Engineering,1.0,3,1,86,85,70,80,73,40,73,68,50,66,73,5,4,84,69,72,91,QA Engineer,1
38,Bachelor's,Other,0.1,0,0,24,29,12,31,53,5,8,44,42,80,28,4,2,54,43,35,34,Machine Learning Engineer,0
41,Diploma,Computer Science,7.2,3,2,63,42,54,68,37,11,37,47,56,66,43,5,0,73,46,53,70,QA Engineer,1
38,Bachelor's,Information Technology,4.7,1,1,47,62,68,60,42,28,41,55,56,44,27,6,1,64,48,53,81,Software Developer,1
26,Diploma,Computer Science,0.1,0,0,89,100,72,100,51,95,100,47,52,78,71,5,2,75,58,67,68,QA Engineer,1
40,Bachelor's,Electrical Engineering,0.7,0,0,14,21,12,5,27,29,14,60,29,57,44,1,2,48,53,56,25,Machine Learning Engineer,0
35,Bachelor's,Other,1.4,2,1,38,22,29,26,33,5,27,26,50,50,25,4,3,43,28,38,72,Machine Learning Engineer,0
25,Bachelor's,Data Science,4,0,1,46,24,51,30,39,16,33,58,68,76,33,5,2,58,49,45,82,Machine Learning Engineer,1
23,Bachelor's,Information Technology,0.0,2,0,87,65,71,71,74,69,67,38,68,61,71,5,2,78,51,70,62,Data Analyst,1
39,Bachelor's,Information Technology,0.2,1,0,49,57,56,72,54,60,64,46,62,48,47,4,5,63,45,47,50,Data Analyst,0
41,Bachelor's,Data Science,3.9,3,1,56,71,63,70,61,64,51,52,65,42,47,6,3,71,56,49,100,Backend Developer,1
42,Bachelor's,Data Science,2.7,0,1,89,66,62,70,99,52,72,67,57,83,66,4,2,85,66,60,69,DevOps Engineer,1
36,PhD,Data Science,3.4,4,3,29,22,59,28,33,14,19,33,43,78,27,4,1,50,34,36,78,Data Analyst,0
27,Bachelor's,Other,3.4,0,1,88,78,86,52,60,52,47,71,95,45,61,3,1,80,63,59,54,Software Developer,1
32,Bachelor's,Computer Science,0.7,1,0,53,50,62,61,65,56,57,46,56,55,75,4,2,60,60,71,58,Software Developer,1
33,Bachelor's,Data Science,1.9,0,1,79,100,100,77,90,100,71,83,57,58,73,2,1,82,76,76,29,Software Developer,1
25,Bachelor's,Information Technology,4,2,3,54,31,35,42,35,50,26,63,33,69,53,2,1,64,63,68,75,Cloud Engineer,1
21,PhD,Other,0,0,0,62,70,61,66,51,70,75,77,70,79,72,2,2,73,75,64,46,Software Developer,1
42,Bachelor's,Computer Science,1.7,0,1,50,46,29,50,42,29,62,53,63,77,41,3,2,55,48,48,13,Backend Developer,1
37,Bachelor's,Computer Science,1.5,0,1,75,64,71,41,73,61,63,54,52,52,39,3,4,81,50,58,62,Machine Learning Engineer,1
22,Bachelor's,Data Science,0.2,1,0,57,65,72,77,81,55,64,77,55,80,48,4,1,69,66,53,38,Software Developer,1
21,Bachelor's,Computer Science,0,1,0,49,57,63,59,47,40,25,53,52,54,24,4,3,64,43,41,44,Frontend Developer,0
32,Bachelor's,Information Technology,2.2,0,1,74,65,75,69,60,46,83,52,52,50,58,3,2,76,53,61,41,Data Analyst,1
26,Master's,Electrical Engineering,2.8,0,2,65,42,27,33,48,52,52,96,93,76,50,6,1,77,70,48,78,Software Developer,1
24,Diploma,Electrical Engineering,0.9,1,0,59,63,62,75,98,81,78,48,58,58,76,4,5,64,60,73,25,Software Developer,1
34,Bachelor's,Computer Science,1.8,0,1,36,47,52,28,37,40,61,18,55,84,38,4,2,44,32,38,56,Machine Learning Engineer,0
28,Bachelor's,Other,0.1,2,0,58,54,49,50,62,43,54,68,35,70,63,6,1,78,66,65,97,QA Engineer,1
33,Bachelor's,Data Science,3.1,1,1,63,96,56,70,70,81,78,61,83,81,86,5,4,70,68,74,52,Full Stack Developer,1
32,Bachelor's,Information Technology,0.5,3,0,59,68,53,66,41,68,48,29,65,62,74,1,3,54,49,79,36,Full Stack Developer,1
30,Bachelor's,Other,1.9,0,1,82,65,76,78,76,66,69,75,53,65,50,5,3,80,63,48,62,Data Analyst,1
26,Bachelor's,Other,1.1,2,1,53,80,72,67,72,67,63,58,24,60,47,4,5,60,61,57,66,Frontend Developer,1
28,Diploma,Other,1.1,0,1,77,59,96,68,51,46,26,72,50,64,33,2,0,73,53,35,68,Frontend Developer,0
32,Bachelor's,Electrical Engineering,4.7,1,4,68,59,89,97,100,82,50,47,69,68,54,5,2,71,51,55,82,Data Analyst,1
24,Diploma,Data Science,3,0,2,100,90,99,65,66,100,70,81,50,72,80,1,2,82,81,69,53,Software Developer,1
32,Master's,Electrical Engineering,4.1,1,3,73,57,78,54,60,69,56,71,73,66,66,3,2,68,62,68,48,Cloud Engineer,1
36,Bachelor's,Other,3.5,2,3,53,32,47,68,26,33,20,65,65,56,56,1,1,56,58,61,24,Data Analyst,0
40,Bachelor's,Data Science,0.3,1,0,66,66,61,92,31,43,45,83,53,37,45,3,1,70,66,50,81,Cloud Engineer,1
26,Diploma,Electrical Engineering,1.3,2,1,63,79,77,71,88,62,57,66,44,67,76,4,0,69,70,53,60,Machine Learning Engineer,1
32,Bachelor's,Electrical Engineering,1.3,1,1,55,22,40,74,48,30,40,47,58,50,55,7,2,77,53,52,85,DevOps Engineer,1
22,Master's,Other,0.5,3,0,42,35,30,20,12,32,5,72,38,59,28,3,3,66,49,44,39,Data Analyst,0
41,Diploma,Information Technology,5.9,4,1,54,48,60,45,46,26,32,25,52,79,44,2,1,60,38,50,73,Cloud Engineer,0
39,Bachelor's,Other,5.8,1,2,60,43,26,51,47,39,44,63,45,69,43,2,2,60,54,41,45,Data Analyst,1
26,Bachelor's,Other,3.1,2,1,16,29,28,23,28,65,20,38,82,75,25,3,1,41,33,29,49,Frontend Developer,0
20,Diploma,Electrical Engineering,0,3,0,29,31,29,5,17,5,32,76,47,50,36,3,3,60,53,44,59,Cloud Engineer,0
26,Diploma,Data Science,0.8,4,0,93,100,86,81,100,87,86,73,63,90,68,4,4,89,71,78,86,Data Analyst,1
22,Bachelor's,Computer Science,1,2,1,76,80,74,74,71,46,77,36,100,65,63,5,1,75,57,67,61,DevOps Engineer,1
28,Bachelor's,Computer Science,3.1,1,3,98,93,75,84,100,83,86,52,53,41,84,6,1,85,68,81,64,Backend Developer,1
37,Master's,Data Science,2.6,0,2,53,36,36,34,21,23,59,53,44,62,48,3,3,60,52,58,59,Frontend Developer,1
36,Bachelor's,Computer Science,1.3,1,1,59,67,49,68,67,54,56,47,80,56,52,2,2,61,49,51,57,Frontend Developer,1
36,Bachelor's,Computer Science,3.4,0,3,41,40,21,30,60,39,31,51,61,58,52,2,1,54,52,59,30,DevOps Engineer,0
31,Master's,Other,1.0,0,1,50,69,64,72,64,66,74,52,61,63,58,5,2,60,53,62,74,QA Engineer,1
38,Bachelor's,Information Technology,6.3,4,5,82,44,79,49,78,77,75,64,76,57,62,6,5,86,60,55,97,QA Engineer,1
24,Master's,Data Science,2.9,1,2,74,46,51,72,56,73,57,42,42,56,66,6,3,71,57,71,76,Cloud Engineer,1
38,Master's,Other,5.9,4,2,63,57,51,36,52,68,33,71,65,88,47,6,3,79,57,61,72,Frontend Developer,1
31,Bachelor's,Information Technology,0.7,1,0,50,57,37,58,37,29,26,64,54,57,37,2,4,65,56,38,41,Backend Developer,0
25,Bachelor's,Other,1.8,0,1,50,51,44,54,42,45,40,52,69,78,64,3,2,61,66,74,51,Backend Developer,1
38,PhD,Computer Science,1.1,2,1,31,62,63,34,38,28,50,52,71,73,22,1,3,54,40,40,7,Cloud Engineer,0
29,Bachelor's,Data Science,1.9,1,1,62,63,75,41,43,43,35,64,55,67,69,2,3,65,64,68,76,Cloud Engineer,1
42,Bachelor's,Computer Science,1.7,2,2,68,56,52,39,38,58,29,54,78,74,51,2,1,74,53,62,66,Machine Learning Engineer,1
39,Master's,Computer Science,8.9,0,5,74,38,55,51,58,42,51,70,42,69,46,5,2,86,63,52,62,Frontend Developer,1
28,Master's,Information Technology,3.5,1,1,52,49,54,43,68,25,46,47,26,68,42,4,2,58,42,46,48,Data Analyst,1
21,Diploma,Data Science,0,1,0,38,46,52,59,74,74,44,37,83,57,49,4,0,50,45,57,69,Machine Learning Engineer,0
30,Bachelor's,Other,3.2,1,3,77,61,68,62,87,38,78,49,36,59,68,4,3,64,53,70,55,Software Developer,1
25,Bachelor's,Data Science,4,0,2,90,55,74,57,65,58,58,35,73,54,64,5,2,68,53,60,93,Cloud Engineer,1
22,Bachelor's,Data Science,1,2,1,85,63,57,51,86,55,73,64,72,62,81,6,1,94,72,79,96,Data Analyst,1
33,Bachelor's,Other,0.4,0,0,40,40,49,64,30,24,64,47,44,65,47,5,3,69,51,56,62,Software Developer,0
32,Bachelor's,Electrical Engineering,1.7,2,1,61,70,37,46,55,50,47,56,70,76,68,3,3,67,67,74,49,Data Analyst,1
41,Bachelor's,Computer Science,2.2,0,1,100,83,81,80,97,82,63,70,73,73,91,3,2,83,72,78,55,Frontend Developer,1
37,Bachelor's,Electrical Engineering,3.5,2,2,61,46,56,66,35,35,47,60,67,98,40,6,0,69,50,49,58,Software Developer,1
42,Bachelor's,Electrical Engineering,3.0,0,1,90,64,58,90,54,65,58,60,43,66,73,7,4,79,63,71,97,Full Stack Developer,1
35,Master's,Electrical Engineering,2.0,0,2,45,54,74,51,60,31,28,44,59,62,71,7,3,64,57,67,43,DevOps Engineer,1
25,Bachelor's,Computer Science,0.8,2,0,45,58,55,51,61,5,41,50,65,69,37,4,2,63,44,46,72,QA Engineer,0
27,Bachelor's,Data Science,1.7,2,2,39,19,38,44,50,34,15,74,22,43,39,0,1,59,62,42,21,Data Analyst,1
27,Diploma,Electrical Engineering,4.4,1,2,71,72,53,68,60,79,15,81,56,72,73,7,1,85,76,67,71,QA Engineer,1
33,Bachelor's,Data Science,0.2,3,0,62,68,64,77,67,65,69,57,52,77,64,4,4,60,59,51,84,QA Engineer,1
32,Master's,Information Technology,0.6,1,0,89,93,69,82,98,77,69,53,61,80,89,3,1,66,70,68,68,Backend Developer,1
26,Bachelor's,Data Science,2.9,0,2,85,84,94,82,71,80,100,35,58,57,84,0,5,66,66,71,42,DevOps Engineer,1
42,PhD,Electrical Engineering,0.0,3,0,55,44,63,55,37,32,49,71,37,53,67,6,0,81,69,68,74,Backend Developer,1
25,Bachelor's,Data Science,2.0,1,1,60,72,66,44,49,66,31,72,40,57,65,4,2,63,69,65,71,Software Developer,1
37,Bachelor's,Electrical Engineering,1.1,0,1,42,61,40,55,68,56,30,69,74,58,42,0,2,57,58,46,38,Software Developer,0
21,Bachelor's,Information Technology,0,0,0,48,39,54,76,46,47,48,49,69,54,32,2,0,64,44,52,54,Cloud Engineer,1
21,Bachelor's,Computer Science,0,0,0,43,5,49,51,32,21,40,82,67,53,32,0,0,63,57,48,20,QA Engineer,0
20,Diploma,Electrical Engineering,0,1,0,50,31,52,42,49,47,43,61,65,72,46,2,3,55,58,46,52,QA Engineer,0
29,Bachelor's,Electrical Engineering,0.9,4,0,44,17,50,49,38,52,46,83,30,61,70,3,1,63,77,67,46,Cloud Engineer,1
20,Bachelor's,Data Science,0,2,0,67,76,72,63,64,54,41,67,55,78,77,3,2,65,72,73,58,Software Developer,1
22,Master's,Information Technology,0.5,3,0,48,71,77,74,90,58,50,62,45,37,57,3,2,68,54,55,47,Data Analyst,1
33,Master's,Computer Science,0.5,4,0,41,8,56,60,35,31,29,53,56,100,43,1,2,50,50,56,63,DevOps Engineer,1
37,Bachelor's,Information Technology,0.7,4,0,43,53,64,46,75,31,38,50,53,82,47,1,0,52,53,52,45,DevOps Engineer,0
20,Master's,Other,0,0,0,38,33,53,45,14,26,29,62,60,67,42,4,1,59,54,51,82,DevOps Engineer,1
42,Bachelor's,Electrical Engineering,0.0,0,0,40,45,79,33,63,35,46,57,67,55,58,4,2,54,61,60,18,Cloud Engineer,1
24,Diploma,Electrical Engineering,0.0,0,0,37,38,59,68,58,55,61,53,66,65,46,4,2,59,48,46,33,Cloud Engineer,0
24,Bachelor's,Other,3,1,3,83,53,69,48,61,75,81,49,51,66,75,4,4,77,59,69,55,Software Developer,1
31,Bachelor's,Electrical Engineering,0.8,1,0,70,78,75,87,89,48,84,51,60,60,79,7,1,75,61,73,80,Software Developer,1
40,Master's,Other,1.7,1,2,42,27,40,27,62,52,36,44,57,60,40,5,1,59,43,46,70,Software Developer,1
38,Master's,Computer Science,0.3,0,0,52,29,21,47,28,50,44,58,77,41,55,0,0,56,54,59,59,Data Analyst,1
38,Bachelor's,Electrical Engineering,2.5,1,2,64,70,59,33,97,64,43,67,52,73,64,3,2,73,61,69,80,Full Stack Developer,1
35,Bachelor's,Information Technology,4.1,1,3,45,41,73,61,67,48,64,74,46,49,44,4,2,68,58,46,37,Data Analyst,1
23,PhD,Computer Science,2,1,2,60,59,59,35,56,81,75,65,55,65,62,2,3,71,67,63,48,DevOps Engineer,1
21,Bachelor's,Other,0,4,0,72,77,76,61,96,58,67,75,58,76,97,4,1,73,84,92,91,QA Engineer,1
39,Bachelor's,Data Science,1.9,0,2,33,5,21,34,5,54,5,61,79,91,8,3,0,65,38,34,65,Data Analyst,0
42,Bachelor's,Electrical Engineering,4.7,1,3,52,37,41,52,48,38,50,54,60,64,41,4,4,68,52,43,76,Software Developer,1
20,Master's,Other,0,4,0,77,71,61,50,85,50,100,41,60,63,70,3,5,62,53,65,40,DevOps Engineer,1
34,Bachelor's,Computer Science,0.1,2,0,65,54,73,77,77,92,83,55,29,78,72,5,3,68,60,60,64,QA Engineer,1
42,Diploma,Information Technology,6.8,1,3,77,84,71,78,67,69,56,61,50,71,56,2,3,67,62,53,80,QA Engineer,1
40,PhD,Data Science,0.3,3,0,60,82,80,61,61,64,59,59,49,63,81,3,4,64,68,77,57,Full Stack Developer,1
37,Bachelor's,Data Science,4.0,3,3,65,67,66,21,78,49,69,46,55,84,58,2,4,51,52,59,58,Machine Learning Engineer,1
41,Bachelor's,Data Science,2.5,2,2,44,48,35,51,57,41,47,80,61,67,53,0,3,57,66,55,13,Cloud Engineer,0
36,Diploma,Information Technology,0.8,1,0,57,77,46,52,80,47,39,37,56,90,80,3,2,57,61,66,91,DevOps Engineer,1
30,Diploma,Data Science,0.8,2,0,57,46,72,66,55,48,52,72,34,72,38,3,3,63,58,46,23,DevOps Engineer,1
29,Master's,Electrical Engineering,2.3,2,1,92,77,78,100,81,65,90,35,37,55,94,5,3,74,64,82,100,Cloud Engineer,1
37,Bachelor's,Information Technology,5.2,0,1,86,62,72,53,72,42,36,31,66,10,81,6,1,70,62,63,100,Machine Learning Engineer,1
29,Master's,Information Technology,6.7,4,4,98,75,66,68,75,73,67,65,44,47,76,6,1,85,66,73,90,Cloud Engineer,1
20,Master's,Electrical Engineering,0,0,0,47,68,33,59,69,64,36,83,75,55,61,4,1,68,71,62,28,Machine Learning Engineer,1
32,Bachelor's,Other,1.0,0,1,87,96,64,85,100,72,40,100,63,95,73,6,2,90,81,73,72,QA Engineer,1
38,Bachelor's,Data Science,1.3,2,1,37,52,54,44,25,38,23,96,40,63,25,0,3,57,56,40,5,Cloud Engineer,0
23,Bachelor's,Other,2,0,2,84,50,56,83,64,69,73,54,53,71,78,5,2,79,69,64,8,Full Stack Developer,1
35,Bachelor's,Information Technology,5.1,2,1,80,56,35,53,60,49,39,89,81,68,45,2,2,83,64,54,86,Cloud Engineer,1
40,Diploma,Information Technology,0.9,0,0,80,93,93,95,63,100,72,40,30,51,89,4,1,67,62,90,80,Backend Developer,1
29,Bachelor's,Electrical Engineering,0.0,0,0,74,76,87,83,58,72,59,50,61,93,73,3,3,70,61,76,65,Cloud Engineer,1
35,Bachelor's,Data Science,1.9,2,2,57,73,55,27,52,53,57,76,46,62,57,3,2,71,70,56,31,DevOps Engineer,1
29,Master's,Data Science,0.6,2,0,47,69,47,36,41,43,28,60,38,70,65,2,4,57,61,60,38,DevOps Engineer,1
40,Master's,Data Science,0.2,4,0,78,64,58,63,66,67,51,39,62,100,88,1,1,63,65,87,31,QA Engineer,1
42,Bachelor's,Computer Science,1.0,1,1,48,37,40,51,24,14,62,67,37,69,42,3,2,59,56,43,57,Frontend Developer,0
38,Bachelor's,Electrical Engineering,8.2,3,4,63,56,47,73,58,65,65,69,62,51,51,3,3,71,61,47,57,Cloud Engineer,1
21,Diploma,Computer Science,0,1,0,92,79,71,69,68,43,70,82,31,67,63,2,2,75,67,65,46,Cloud Engineer,1
36,PhD,Computer Science,0.6,0,0,79,71,66,55,48,65,91,61,67,53,76,2,3,67,67,68,22,DevOps Engineer,1
30,Bachelor's,Computer Science,2.2,1,1,78,94,73,80,100,73,100,74,33,45,98,5,5,84,80,82,100,Software Developer,1
32,Master's,Data Science,6.2,4,5,100,80,73,100,98,68,81,46,67,74,56,5,2,78,54,68,65,DevOps Engineer,1
31,Bachelor's,Data Science,1.1,1,1,37,49,50,49,30,42,45,80,67,40,45,5,2,55,66,55,79,Software Developer,1
40,Bachelor's,Information Technology,4.4,0,2,59,77,40,49,79,54,75,62,34,83,66,2,5,50,69,69,54,Frontend Developer,1
23,Bachelor's,Computer Science,2,0,1,60,72,95,69,77,65,59,91,63,71,62,1,3,69,77,57,42,DevOps Engineer,0
40,Master's,Electrical Engineering,0.8,1,0,49,47,53,45,66,68,60,40,53,67,47,6,2,66,45,54,27,Backend Developer,1
25,Diploma,Information Technology,4,3,1,90,98,100,100,66,88,64,62,61,66,66,5,2,81,62,64,93,Full Stack Developer,1
22,Diploma,Other,1,0,1,53,48,69,76,59,54,56,55,41,77,77,1,2,65,60,74,69,Machine Learning Engineer,1
42,Master's,Data Science,0.6,3,0,57,62,61,61,64,51,67,41,39,74,73,5,2,71,57,73,62,Backend Developer,1
41,Diploma,Computer Science,0.5,1,0,96,94,91,64,86,75,92,47,90,63,97,4,2,74,67,83,73,Frontend Developer,1
41,Master's,Data Science,5.0,1,4,52,46,50,63,49,23,33,64,38,78,38,4,3,65,54,41,56,Data Analyst,1
27,Master's,Information Technology,0.6,1,0,49,45,79,49,68,63,63,62,68,46,63,3,6,75,64,66,60,Backend Developer,1
28,Bachelor's,Other,1.8,2,1,84,83,69,93,42,86,71,61,29,60,76,5,1,77,64,85,77,QA Engineer,1
26,Bachelor's,Data Science,2.7,1,2,49,48,72,53,63,69,66,23,46,63,79,2,2,52,51,68,40,Cloud Engineer,0
35,Bachelor's,Information Technology,0.9,1,0,51,60,49,65,70,31,61,57,35,60,50,3,0,62,47,50,59,Full Stack Developer,1
39,Master's,Data Science,0.1,2,0,59,58,57,46,64,70,52,70,60,62,59,1,4,64,60,63,40,Software Developer,1
21,Bachelor's,Information Technology,0,2,0,99,89,91,76,63,96,100,40,71,67,100,3,3,71,68,84,47,Machine Learning Engineer,1
40,Master's,Electrical Engineering,1.1,1,1,28,21,37,11,23,5,5,60,72,63,23,1,1,42,45,53,10,Full Stack Developer,0
41,Bachelor's,Electrical Engineering,2.9,0,2,33,28,7,8,56,25,33,61,75,57,28,0,3,55,46,42,23,Backend Developer,0
30,Bachelor's,Computer Science,2.8,2,2,51,25,33,77,35,28,44,48,40,61,29,4,1,55,35,39,43,Frontend Developer,0
26,Bachelor's,Electrical Engineering,3.4,2,2,57,50,51,63,49,44,57,36,70,63,66,0,1,55,55,73,20,Machine Learning Engineer,1
37,Diploma,Information Technology,0.8,1,0,64,64,82,84,58,73,76,79,50,61,79,5,3,81,73,72,72,DevOps Engineer,1
26,Bachelor's,Other,0.1,1,0,63,52,67,47,65,60,54,74,46,77,66,3,0,80,65,61,57,Full Stack Developer,1
30,Master's,Electrical Engineering,1.0,2,1,64,75,63,74,84,66,42,47,43,83,72,6,1,67,59,63,91,DevOps Engineer,1
40,Bachelor's,Computer Science,0.5,1,0,32,25,43,36,53,17,18,56,41,77,45,5,2,57,49,45,64,Software Developer,0
40,Bachelor's,Data Science,1.0,2,1,96,84,100,100,94,78,80,45,57,80,79,7,3,79,66,68,79,Software Developer,1
40,Master's,Electrical Engineering,5.0,3,2,37,32,13,39,33,44,7,58,36,67,39,4,2,51,53,41,50,Full Stack Developer,1
39,Bachelor's,Other,2.8,2,2,52,61,70,80,49,79,59,77,37,77,50,3,1,70,65,51,77,Software Developer,1
21,Bachelor's,Computer Science,0,1,0,86,50,70,76,65,81,53,56,56,68,86,3,2,76,69,78,80,DevOps Engineer,1
30,PhD,Data Science,0.9,1,0,66,52,69,69,69,39,54,61,46,66,34,3,3,68,46,43,70,DevOps Engineer,1
38,Diploma,Information Technology,3.0,1,2,72,65,31,60,70,57,28,84,81,78,61,2,3,73,71,57,61,Full Stack Developer,1
28,Bachelor's,Electrical Engineering,1.0,1,1,49,71,65,30,43,69,21,68,36,65,70,4,1,59,64,68,38,Data Analyst,0
25,Bachelor's,Computer Science,1.1,0,1,37,55,34,47,38,20,37,45,66,74,35,4,2,57,45,55,43,DevOps Engineer,0
22,Diploma,Data Science,0.7,0,0,62,55,52,85,87,50,61,58,55,51,69,2,1,63,68,74,36,Machine Learning Engineer,0
24,Bachelor's,Information Technology,1.4,0,1,46,67,64,54,58,65,60,69,40,73,76,2,2,72,68,76,34,Full Stack Developer,1
40,Bachelor's,Electrical Engineering,5.3,2,4,57,42,46,31,34,50,62,49,41,91,48,3,1,54,50,43,31,Data Analyst,1
32,Bachelor's,Information Technology,3.0,3,3,59,62,66,38,52,52,43,61,55,69,55,6,2,75,55,48,52,Software Developer,1
23,Bachelor's,Computer Science,2,0,2,66,64,60,44,49,66,32,37,34,70,57,2,3,57,47,45,54,Backend Developer,1
22,Diploma,Electrical Engineering,1,1,1,78,68,75,88,60,72,70,62,75,54,71,3,4,71,63,65,75,QA Engineer,1
40,Master's,Electrical Engineering,4.3,4,1,86,68,100,87,87,77,85,79,32,78,75,3,2,78,67,76,72,Frontend Developer,1
25,Bachelor's,Data Science,4,1,2,57,42,24,36,19,29,45,57,93,74,35,4,0,64,51,47,60,Software Developer,1
39,Bachelor's,Computer Science,0.0,3,0,61,63,80,74,73,77,87,57,68,78,50,2,3,58,54,56,60,Machine Learning Engineer,0
30,Bachelor's,Other,8.0,0,2,74,56,64,52,77,71,65,51,43,40,57,7,2,79,58,62,87,DevOps Engineer,1
28,Master's,Other,1.7,0,2,53,46,62,83,55,53,81,46,73,63,59,4,2,62,57,71,66,Backend Developer,1
21,Bachelor's,Electrical Engineering,0,0,0,73,72,64,35,80,52,63,60,57,90,49,5,2,75,58,55,100,Backend Developer,1
41,Bachelor's,Information Technology,0.6,3,0,61,90,66,52,82,75,100,60,47,45,83,4,4,70,69,70,57,Software Developer,1
22,Bachelor's,Data Science,1,0,1,61,67,54,46,67,58,58,59,70,45,51,6,3,69,52,63,89,Software Developer,1
31,Bachelor's,Information Technology,0.3,2,0,85,94,79,89,41,74,57,65,55,45,86,6,2,84,74,80,68,Data Analyst,1
38,Bachelor's,Information Technology,0.1,1,0,88,91,70,52,90,62,83,35,79,100,76,6,4,71,62,62,58,Backend Developer,1
32,Diploma,Computer Science,4.8,1,2,69,70,66,63,71,53,41,91,54,80,60,6,3,85,73,59,37,Machine Learning Engineer,1
38,Bachelor's,Data Science,6.3,0,4,68,44,60,54,50,43,44,92,38,45,61,3,3,75,71,63,63,Data Analyst,1
41,Bachelor's,Computer Science,0.4,0,0,33,39,43,43,55,25,30,66,44,83,45,1,0,64,53,50,42,Cloud Engineer,0
34,Diploma,Electrical Engineering,2.3,4,2,70,81,76,93,54,28,62,50,69,65,58,5,2,72,55,55,74,Data Analyst,1
40,Diploma,Computer Science,1.6,4,2,49,34,46,53,10,39,30,54,34,67,68,2,2,66,62,64,58,Frontend Developer,1
23,Bachelor's,Data Science,2,2,2,81,100,86,83,100,100,30,69,34,38,86,3,0,81,74,78,44,Software Developer,1
37,Bachelor's,Other,2.6,2,2,50,60,57,5,36,35,61,47,83,63,53,3,4,59,56,50,70,Machine Learning Engineer,1
27,Diploma,Electrical Engineering,1.6,1,1,44,33,62,32,63,48,27,34,50,75,55,3,1,53,47,50,32,Cloud Engineer,0
42,Bachelor's,Computer Science,1.7,1,2,44,44,67,36,56,31,49,52,58,61,57,6,2,59,53,59,73,Machine Learning Engineer,1
39,Bachelor's,Electrical Engineering,1.2,0,1,46,35,88,62,79,50,67,66,63,88,66,5,5,75,64,66,32,Cloud Engineer,1
25,Bachelor's,Electrical Engineering,0.7,4,0,45,52,26,49,70,68,27,67,62,58,45,4,2,64,58,47,38,DevOps Engineer,1
35,Bachelor's,Computer Science,0.8,1,0,70,67,69,73,44,46,63,74,49,65,66,3,1,85,62,46,87,Data Analyst,1
30,Bachelor's,Computer Science,0.7,3,0,53,33,26,10,15,22,24,55,46,70,54,2,2,60,54,67,38,Machine Learning Engineer,1
22,Bachelor's,Computer Science,0.8,0,0,67,64,78,69,51,80,91,68,38,75,89,3,4,64,76,75,75,Full Stack Developer,1
25,Diploma,Electrical Engineering,0.7,0,0,44,38,23,66,53,41,19,68,84,78,52,7,1,66,58,48,70,Full Stack Developer,1
23,Diploma,Computer Science,1.6,3,1,100,70,57,59,54,78,78,67,43,62,55,3,3,78,64,57,63,Cloud Engineer,1
27,Bachelor's,Data Science,2.2,0,1,56,40,55,32,53,45,42,89,37,50,73,0,2,73,75,70,40,Data Analyst,1
25,Diploma,Information Technology,2.4,2,2,59,70,76,53,73,47,50,49,69,71,57,3,4,56,54,68,51,Cloud Engineer,1
33,Bachelor's,Electrical Engineering,1.5,3,1,55,76,72,73,65,60,58,73,52,65,56,3,3,71,64,56,40,Full Stack Developer,1
34,Bachelor's,Information Technology,0.0,3,0,44,70,37,44,67,46,69,51,64,67,65,4,2,73,57,68,16,Software Developer,1
27,Master's,Computer Science,0.5,3,0,82,72,79,72,100,57,100,40,63,83,100,8,3,78,67,80,100,QA Engineer,1
27,Diploma,Other,1.1,4,1,28,31,45,13,15,28,45,55,49,76,27,0,2,39,45,29,11,Frontend Developer,0
25,Diploma,Data Science,0.1,1,0,90,100,85,72,100,85,100,63,62,52,100,3,5,77,76,86,64,Frontend Developer,1
22,Bachelor's,Electrical Engineering,1,0,1,23,27,39,26,26,37,30,100,88,67,46,3,0,70,70,58,29,Software Developer,1
37,Bachelor's,Data Science,4.7,1,3,56,48,63,44,64,54,50,76,59,62,55,4,2,70,63,59,43,Cloud Engineer,1
37,Bachelor's,Data Science,3.2,1,2,66,62,23,54,58,18,38,81,48,50,52,1,4,69,69,48,48,Full Stack Developer,1
21,Master's,Information Technology,0,3,0,78,64,72,66,84,56,72,56,70,53,76,6,2,80,63,69,71,Full Stack Developer,1
36,Master's,Information Technology,6.4,0,1,55,41,48,27,52,8,24,47,58,50,41,0,4,60,49,46,5,DevOps Engineer,0
29,Bachelor's,Electrical Engineering,0.1,0,0,63,77,89,95,60,86,92,33,44,47,77,2,2,57,59,63,24,Machine Learning Engineer,1
38,Bachelor's,Data Science,1.8,0,1,60,76,72,52,40,72,47,54,39,71,38,5,2,61,50,48,72,Backend Developer,1
32,Diploma,Electrical Engineering,5.2,0,2,70,64,73,76,60,67,69,45,71,64,67,5,2,62,49,55,72,DevOps Engineer,1
35,Bachelor's,Data Science,9.7,3,1,59,25,42,32,13,59,37,61,46,73,34,3,3,60,47,39,38,DevOps Engineer,1
31,Bachelor's,Data Science,1.4,1,1,67,47,72,23,62,72,43,67,84,51,27,7,2,69,60,52,54,Cloud Engineer,1
25,Bachelor's,Information Technology,1.8,2,1,31,41,19,33,55,38,19,54,64,62,59,0,2,47,54,63,22,DevOps Engineer,0
40,Bachelor's,Data Science,0.6,1,0,34,40,5,40,25,29,27,80,50,60,39,2,3,65,57,44,37,Data Analyst,0
29,Bachelor's,Electrical Engineering,2.4,0,1,80,62,52,61,49,45,71,72,42,81,45,4,2,78,57,51,55,Machine Learning Engineer,1
29,Bachelor's,Electrical Engineering,5.0,1,2,87,40,71,72,83,52,52,83,56,56,46,6,1,94,66,47,75,Data Analyst,1
22,PhD,Computer Science,1,1,1,49,60,36,87,53,47,54,70,65,44,66,4,6,63,64,56,56,Data Analyst,1
29,Bachelor's,Data Science,5.0,1,2,75,70,81,71,63,53,53,49,78,100,75,5,3,74,57,75,81,Data Analyst,1
25,Bachelor's,Information Technology,1.3,3,1,55,70,60,91,50,42,56,49,39,68,52,3,2,55,52,62,40,QA Engineer,0
28,Master's,Electrical Engineering,5.6,0,2,86,66,88,53,80,65,63,38,77,69,52,7,0,74,49,55,79,DevOps Engineer,1
41,Diploma,Computer Science,2.1,0,2,68,70,83,76,72,53,57,45,65,64,59,5,4,72,54,65,92,Software Developer,1
31,Diploma,Computer Science,0.7,0,0,43,35,46,61,25,15,41,56,30,86,41,3,3,63,49,47,50,Machine Learning Engineer,0
25,PhD,Electrical Engineering,4,2,3,59,61,40,44,55,48,54,59,35,37,47,3,4,69,48,48,63,Full Stack Developer,1
41,Bachelor's,Information Technology,6.5,0,1,65,44,37,42,54,26,20,72,53,53,65,5,0,83,69,63,63,Cloud Engineer,1
30,Bachelor's,Computer Science,0.2,3,0,12,14,44,13,36,5,50,74,33,67,28,5,4,51,56,40,30,Frontend Developer,0
21,Bachelor's,Data Science,0,0,0,77,78,69,75,81,63,69,50,48,65,55,4,0,71,51,57,74,QA Engineer,1
35,Bachelor's,Computer Science,0.3,0,0,78,66,61,57,31,51,35,89,64,67,41,4,3,79,66,50,57,QA Engineer,1
28,Master's,Electrical Engineering,3.9,1,2,64,41,54,62,55,58,44,49,35,94,56,3,3,53,47,61,58,DevOps Engineer,1
41,Bachelor's,Electrical Engineering,2.0,0,1,83,76,82,73,76,57,52,73,50,56,68,1,1,79,67,60,64,Cloud Engineer,1
22,Bachelor's,Computer Science,1,0,1,55,31,20,64,36,46,19,65,67,55,44,5,3,75,54,56,70,DevOps Engineer,1
25,Bachelor's,Computer Science,4,0,1,76,91,57,59,53,71,65,73,44,66,43,5,3,77,56,38,68,Data Analyst,1
41,Master's,Data Science,4.2,1,3,35,19,26,56,38,53,46,73,78,66,35,3,3,67,55,50,49,DevOps Engineer,1
22,Bachelor's,Electrical Engineering,1,3,1,50,56,46,63,37,74,55,65,41,70,71,4,3,71,72,56,39,Full Stack Developer,1
26,Master's,Information Technology,1.4,4,1,50,50,51,55,58,42,47,26,43,84,50,5,2,58,39,58,100,QA Engineer,1
23,Bachelor's,Data Science,2,1,1,46,7,33,30,36,48,28,97,85,59,42,0,2,67,70,49,36,Frontend Developer,1
40,Bachelor's,Electrical Engineering,3.6,0,3,57,48,35,25,61,34,54,56,52,71,33,2,2,62,48,36,49,Software Developer,1
33,Bachelor's,Computer Science,0.9,0,0,78,52,67,58,40,34,49,75,52,74,43,3,1,76,58,55,39,Machine Learning Engineer,1
20,Bachelor's,Computer Science,0,1,0,22,37,52,41,47,42,47,54,56,50,49,0,0,40,57,66,58,Machine Learning Engineer,0
36,Bachelor's,Computer Science,2.9,0,1,48,42,36,16,21,37,48,63,61,64,26,4,3,62,48,33,53,Data Analyst,0
32,Bachelor's,Other,2.4,3,2,63,57,61,45,84,47,50,75,60,61,66,5,3,77,67,55,71,DevOps Engineer,1
40,Bachelor's,Electrical Engineering,1.1,4,1,50,53,57,69,46,69,67,81,89,44,59,1,3,60,63,64,18,QA Engineer,1
38,Bachelor's,Information Technology,1.1,0,1,36,15,25,38,26,29,27,64,67,69,29,4,0,53,48,48,66,Frontend Developer,0
20,Bachelor's,Computer Science,0,2,0,74,59,59,85,86,36,42,66,73,69,60,4,3,78,62,52,76,Data Analyst,1
36,PhD,Information Technology,0.1,0,0,81,47,72,86,100,88,76,82,71,58,73,4,3,80,71,54,61,Cloud Engineer,1
36,Master's,Electrical Engineering,3.1,3,3,55,67,66,58,56,49,22,77,53,67,63,0,3,59,69,61,52,Full Stack Developer,1
21,Bachelor's,Other,0,3,0,52,59,47,58,51,54,55,77,68,75,7,2,3,68,45,30,68,Data Analyst,1
31,PhD,Other,6.2,0,5,85,51,55,92,59,65,64,52,37,80,73,3,2,74,63,77,58,Software Developer,1
42,Diploma,Other,1.6,2,2,46,40,38,49,47,39,28,79,94,69,30,4,1,74,59,47,39,DevOps Engineer,1
22,Bachelor's,Computer Science,1,4,1,61,56,63,54,84,95,72,41,48,70,49,4,4,62,48,56,71,Full Stack Developer,1
27,Master's,Electrical Engineering,3.7,0,3,62,54,56,69,45,46,34,80,39,57,66,2,3,76,73,55,51,QA Engineer,1
24,Diploma,Data Science,1.1,1,1,50,34,49,54,11,11,63,96,36,74,63,4,5,84,75,66,71,Cloud Engineer,1
27,PhD,Other,2.3,2,1,56,60,54,62,73,56,54,45,34,71,79,3,2,61,64,63,53,Backend Developer,1
26,Master's,Other,1.9,3,2,64,77,69,68,66,67,89,73,44,71,52,6,2,75,60,65,41,Backend Developer,1
20,Bachelor's,Other,0,0,0,64,52,41,59,50,27,38,42,69,80,30,5,1,71,45,46,59,Machine Learning Engineer,1
41,Bachelor's,Information Technology,3.2,1,2,33,51,57,62,30,62,61,49,76,79,64,3,1,46,58,64,32,Software Developer,1
28,Diploma,Computer Science,0.0,0,0,62,45,60,59,47,63,33,61,39,74,67,3,1,75,56,61,92,QA Engineer,1
22,Bachelor's,Data Science,1,0,1,44,14,61,42,34,42,30,45,73,57,47,2,2,47,50,50,48,Full Stack Developer,0
25,Bachelor's,Data Science,4,0,1,90,53,53,68,71,73,64,62,44,71,49,3,2,75,53,66,52,Full Stack Developer,1
42,Master's,Electrical Engineering,0.2,4,0,33,51,26,41,28,23,45,42,31,64,29,5,3,55,44,36,61,Backend Developer,1
38,Bachelor's,Information Technology,1.7,0,1,87,83,83,88,88,62,90,65,54,86,69,4,5,86,65,58,74,Full Stack Developer,1
36,PhD,Electrical Engineering,3.9,0,3,92,68,81,72,76,79,96,70,48,49,96,5,4,96,78,87,69,Machine Learning Engineer,1
34,Master's,Other,2.2,2,2,55,49,36,62,64,35,32,65,68,87,84,2,2,63,75,67,38,Software Developer,1
34,Master's,Electrical Engineering,0.2,0,0,20,15,32,16,48,24,34,76,60,75,24,0,3,51,51,41,42,Software Developer,0
36,Diploma,Other,0.2,2,0,32,6,24,43,56,26,38,34,67,46,38,3,1,48,42,43,23,Full Stack Developer,0
31,Bachelor's,Electrical Engineering,1.7,2,1,21,16,5,33,33,25,5,56,71,58,25,0,4,45,42,43,30,Backend Developer,0
22,Diploma,Information Technology,1,1,1,58,61,67,75,44,68,48,54,49,73,43,4,1,61,50,44,44,Data Analyst,1
41,Diploma,Computer Science,7.1,3,4,55,43,32,54,22,9,36,50,54,64,59,1,3,53,54,57,16,Machine Learning Engineer,0
41,PhD,Data Science,0.5,3,0,55,75,50,50,61,82,69,66,66,70,45,5,4,65,57,52,72,QA Engineer,1
40,Bachelor's,Other,2.7,2,1,48,39,34,14,49,21,48,70,59,76,76,2,2,60,63,70,59,QA Engineer,1
27,Diploma,Electrical Engineering,3.1,1,2,64,44,52,50,49,59,52,51,41,67,56,3,3,63,59,45,78,Software Developer,1
32,PhD,Data Science,3.7,2,1,71,57,86,65,75,61,53,49,45,73,50,6,4,65,47,60,97,Software Developer,1
38,Diploma,Computer Science,2.9,1,2,83,61,63,80,70,73,93,51,86,66,70,3,4,76,60,71,72,Machine Learning Engineer,1
34,Diploma,Information Technology,0.7,2,0,56,62,66,42,75,57,26,70,74,72,45,3,3,63,58,50,38,Data Analyst,1
21,Bachelor's,Data Science,0,2,0,62,48,44,67,45,35,38,76,68,62,70,2,1,67,67,65,67,Software Developer,1
39,Bachelor's,Electrical Engineering,5.7,1,1,58,60,47,67,45,56,56,70,46,77,50,3,1,53,57,56,11,Cloud Engineer,1
27,Diploma,Electrical Engineering,0.0,2,0,64,74,53,64,73,92,62,63,44,57,70,3,2,66,68,64,9,Frontend Developer,1
37,Master's,Data Science,0.6,0,0,72,67,68,84,59,63,86,84,57,71,88,3,3,91,82,79,83,Frontend Developer,1
22,Bachelor's,Electrical Engineering,1,1,1,97,84,86,91,81,85,100,52,37,56,100,5,4,84,76,100,32,Software Developer,1
39,Bachelor's,Computer Science,10.8,0,5,41,5,8,5,24,5,33,42,53,70,26,2,2,50,35,41,56,Cloud Engineer,1
25,Diploma,Computer Science,4,1,2,49,53,62,59,56,39,39,55,34,59,39,6,6,68,49,49,71,Machine Learning Engineer,1
22,Bachelor's,Information Technology,1,1,1,19,16,18,29,45,17,5,45,79,40,32,4,1,48,48,44,50,Data Analyst,0
28,Bachelor's,Electrical Engineering,7,2,2,87,65,88,64,75,48,50,59,42,61,63,4,2,77,60,68,87,DevOps Engineer,1
28,Master's,Computer Science,4.3,2,2,69,58,64,82,80,66,82,53,82,67,65,3,0,69,59,60,70,Full Stack Developer,1
28,Diploma,Information Technology,0.8,2,0,55,52,58,71,60,68,59,61,58,55,68,2,0,62,62,73,27,Machine Learning Engineer,1
21,Bachelor's,Electrical Engineering,0,2,0,82,96,81,91,96,100,58,68,62,59,72,2,4,72,65,72,41,Backend Developer,1
41,Bachelor's,Computer Science,0.4,0,0,74,78,74,76,81,92,59,70,54,63,79,5,2,83,70,68,86,QA Engineer,1
41,Bachelor's,Electrical Engineering,1.6,2,1,32,42,52,24,46,26,49,92,5,50,45,0,1,53,72,50,5,Cloud Engineer,1
34,Master's,Electrical Engineering,3.3,1,1,70,69,67,64,53,52,53,81,50,70,36,5,1,81,57,37,58,QA Engineer,1
34,Master's,Computer Science,0.2,2,0,57,62,76,89,69,70,45,79,63,86,68,3,3,76,73,65,49,QA Engineer,1
36,Master's,Information Technology,1.3,1,1,37,34,57,33,28,32,45,44,38,56,52,4,3,49,49,46,36,QA Engineer,1
37,Master's,Computer Science,6.3,2,5,87,69,64,59,51,48,76,54,82,69,56,4,1,64,54,53,72,Cloud Engineer,1
35,Bachelor's,Electrical Engineering,0.4,0,0,89,93,100,100,82,100,93,53,38,68,81,6,2,86,66,57,91,DevOps Engineer,1
36,Bachelor's,Other,3.6,0,1,99,88,82,71,85,83,100,51,62,70,70,6,2,85,60,69,88,Software Developer,1
35,Bachelor's,Information Technology,2.1,1,1,48,39,43,55,50,40,36,66,86,75,51,4,1,61,61,54,55,Backend Developer,1
21,Diploma,Other,0,3,0,64,60,50,76,74,75,69,61,51,66,79,4,4,63,71,76,97,Backend Developer,1
28,Master's,Computer Science,1.4,1,1,27,33,38,23,28,10,5,84,56,82,13,4,1,64,52,47,56,DevOps Engineer,0
30,Bachelor's,Computer Science,9,0,5,59,66,39,46,40,23,43,81,71,68,49,7,4,76,64,50,98,DevOps Engineer,1
22,Bachelor's,Information Technology,1,0,1,47,34,59,13,44,33,44,44,42,67,46,6,2,61,50,49,49,Full Stack Developer,1
33,Bachelor's,Computer Science,2.1,1,2,70,74,41,35,74,49,55,36,70,61,64,2,4,62,52,49,64,Software Developer,1
20,Diploma,Other,0,4,0,59,59,37,72,70,45,68,41,85,64,32,1,4,51,41,49,44,Cloud Engineer,0
41,Bachelor's,Data Science,0.4,1,0,42,25,34,57,42,16,48,41,57,57,43,3,4,44,46,49,60,Full Stack Developer,0
41,Master's,Computer Science,1.2,0,1,63,79,50,35,60,37,43,57,66,74,47,3,2,65,53,57,75,Data Analyst,1
38,Bachelor's,Data Science,1.2,1,1,67,43,53,55,57,52,56,57,46,64,52,6,4,79,54,50,81,Backend Developer,1
20,Diploma,Electrical Engineering,0,0,0,73,52,88,72,85,70,83,51,58,66,68,3,2,72,60,64,51,Software Developer,1
39,Bachelor's,Information Technology,0.1,2,0,100,100,100,100,84,80,85,55,58,30,100,3,3,74,72,79,77,Cloud Engineer,1
21,Bachelor's,Data Science,0,3,0,60,85,100,100,82,88,94,59,70,65,90,6,1,69,76,82,51,QA Engineer,1
20,Bachelor's,Electrical Engineering,0,1,0,63,53,38,35,60,54,43,52,51,58,53,7,1,66,54,50,59,Frontend Developer,1
23,Master's,Information Technology,2,1,1,67,79,51,84,66,87,73,60,58,60,69,6,3,74,63,65,49,Cloud Engineer,1
24,Master's,Computer Science,3,3,3,59,82,73,49,74,60,17,64,56,52,61,3,0,71,68,60,54,Software Developer,1
33,Bachelor's,Data Science,1.8,1,2,52,33,68,31,31,45,53,69,71,70,52,4,4,71,66,49,42,Machine Learning Engineer,1
32,Master's,Data Science,4.1,2,1,61,47,70,59,30,49,63,76,39,64,55,3,2,67,69,53,38,Frontend Developer,1
35,Bachelor's,Information Technology,4.5,0,3,56,57,50,58,62,54,59,70,55,76,63,2,1,68,60,64,54,QA Engineer,1
34,Bachelor's,Data Science,1.4,3,1,79,89,95,72,91,100,100,52,59,51,86,7,4,78,69,79,61,DevOps Engineer,1
32,Diploma,Other,1.5,1,1,68,70,70,49,72,62,55,49,67,29,56,6,1,71,55,57,70,Data Analyst,1
29,Bachelor's,Information Technology,8,2,2,75,59,54,52,72,43,56,87,58,60,38,3,2,79,66,41,49,QA Engineer,1
20,Bachelor's,Other,0,0,0,61,65,61,41,66,50,42,54,40,68,49,4,4,60,48,57,78,Full Stack Developer,1
37,Bachelor's,Other,0.2,1,0,32,49,39,71,51,42,38,62,56,82,56,4,2,53,62,58,29,Backend Developer,1
35,Bachelor's,Other,0.5,3,0,76,87,74,56,80,74,82,61,77,69,88,3,4,73,76,84,68,Cloud Engineer,1
25,Diploma,Electrical Engineering,4,1,3,99,100,98,79,84,86,100,51,64,67,87,6,5,87,64,85,71,Machine Learning Engineer,1
25,Bachelor's,Electrical Engineering,0.8,0,0,86,79,95,93,81,100,74,14,35,64,95,8,3,79,63,83,100,Cloud Engineer,1
36,Bachelor's,Other,1.1,0,1,74,62,79,100,80,54,50,73,65,64,88,2,1,67,73,81,36,QA Engineer,1
35,Bachelor's,Electrical Engineering,1.0,2,1,68,69,89,76,56,89,79,59,66,49,70,2,3,60,61,65,67,QA Engineer,1
41,Bachelor's,Data Science,7.6,1,2,92,46,70,82,68,59,67,69,70,65,72,3,3,81,64,68,42,Cloud Engineer,1
38,Master's,Computer Science,2.3,3,2,50,44,27,69,43,10,36,72,51,59,43,4,3,73,51,44,55,Full Stack Developer,1
36,Master's,Computer Science,1.5,3,2,77,49,71,89,61,50,58,57,42,43,59,3,3,70,61,57,50,DevOps Engineer,1
29,Bachelor's,Computer Science,2.1,0,1,36,48,33,54,36,36,49,55,28,69,40,3,2,61,50,46,52,DevOps Engineer,1
22,Bachelor's,Electrical Engineering,1,0,1,42,31,35,51,20,19,38,63,61,88,56,1,4,47,58,62,39,Software Developer,0
20,Master's,Information Technology,0,0,0,69,79,57,73,57,53,28,48,47,86,74,5,0,67,57,69,47,QA Engineer,1
40,Bachelor's,Data Science,0.1,1,0,52,63,73,77,73,68,56,76,64,68,45,0,2,63,58,47,42,Cloud Engineer,1
41,Bachelor's,Data Science,0.5,2,0,59,47,53,56,71,41,83,61,37,69,67,1,1,56,68,71,39,Machine Learning Engineer,1
23,Bachelor's,Electrical Engineering,2,0,1,64,70,57,70,50,53,66,68,67,62,58,3,1,71,59,60,7,DevOps Engineer,1
24,Bachelor's,Computer Science,0.1,1,0,33,26,12,45,67,17,29,47,46,64,42,2,1,50,51,43,48,Backend Developer,0
20,Bachelor's,Other,0,1,0,65,56,48,54,37,40,62,53,67,69,54,5,3,71,56,60,62,Frontend Developer,1
37,Bachelor's,Information Technology,1.5,0,2,29,5,33,31,16,27,27,63,44,27,14,3,2,54,46,25,27,Cloud Engineer,0
40,Bachelor's,Electrical Engineering,3.0,1,2,66,57,46,39,65,33,56,72,72,62,24,0,4,65,48,47,27,Machine Learning Engineer,1
35,Bachelor's,Electrical Engineering,4.3,0,2,45,45,61,56,65,41,46,49,52,72,53,3,2,55,49,55,51,DevOps Engineer,1
28,Bachelor's,Data Science,2.4,1,2,94,69,87,41,67,59,84,76,51,68,71,4,4,86,68,66,71,Data Analyst,1
37,Bachelor's,Information Technology,0.0,0,0,53,34,47,28,52,19,20,66,57,70,46,6,3,74,58,64,58,Software Developer,1
34,Bachelor's,Other,1.1,2,1,74,67,73,53,77,40,76,39,59,75,68,5,4,66,55,64,58,QA Engineer,1
30,Bachelor's,Information Technology,1.7,4,1,80,81,77,69,73,51,44,49,56,71,85,5,1,70,63,71,36,Machine Learning Engineer,1
24,Master's,Other,3,2,1,89,72,78,71,83,84,100,34,56,46,80,3,1,62,55,62,80,Data Analyst,1
40,Bachelor's,Electrical Engineering,0.9,0,0,59,82,51,58,54,69,62,61,27,76,67,3,0,68,61,65,23,Backend Developer,1
22,Bachelor's,Other,1,2,1,61,58,45,88,63,40,51,66,52,67,52,2,5,73,58,45,24,Backend Developer,1
24,Diploma,Other,1.1,2,1,56,52,29,46,76,47,47,50,77,100,63,4,0,65,61,64,56,Data Analyst,0
20,Bachelor's,Computer Science,0,1,0,62,71,59,42,83,48,64,73,69,67,49,5,2,63,60,48,79,Software Developer,1
39,Bachelor's,Electrical Engineering,2.0,1,2,35,53,32,28,33,43,46,57,49,49,44,3,1,53,52,61,16,Cloud Engineer,1
30,Bachelor's,Other,1.9,2,1,82,63,47,54,69,36,34,46,39,63,66,2,3,68,55,75,64,Full Stack Developer,1
32,Master's,Electrical Engineering,2.9,0,1,84,74,84,73,89,85,62,68,57,36,87,4,2,79,79,75,66,Frontend Developer,1
38,Bachelor's,Other,0.1,1,0,51,63,58,58,54,82,68,37,73,66,51,2,4,57,44,48,53,Data Analyst,1
26,Bachelor's,Computer Science,4.0,1,1,40,64,30,59,51,52,35,45,64,81,41,2,1,48,47,55,62,QA Engineer,0
41,Diploma,Computer Science,6.6,2,2,71,55,66,52,67,60,51,58,65,51,78,5,4,68,65,85,66,Frontend Developer,1
29,Bachelor's,Electrical Engineering,0.5,3,0,68,75,63,61,23,54,59,74,60,33,76,4,5,65,70,72,75,DevOps Engineer,1
34,Bachelor's,Data Science,0.5,1,0,42,37,53,56,62,56,65,65,41,75,65,2,2,65,61,65,10,DevOps Engineer,0
27,Bachelor's,Data Science,1.5,1,2,87,96,93,78,85,69,71,66,84,54,96,4,1,84,81,77,66,DevOps Engineer,1
26,Bachelor's,Computer Science,0.1,1,0,50,48,66,78,37,47,35,63,49,46,56,1,3,62,57,57,67,DevOps Engineer,1
24,Bachelor's,Data Science,3,1,1,82,100,58,88,62,75,48,82,40,65,58,7,1,84,64,50,80,Cloud Engineer,1
22,Bachelor's,Data Science,0.3,2,0,24,18,17,33,33,6,14,61,60,70,21,3,0,50,50,34,89,Data Analyst,0
33,Diploma,Information Technology,10.4,3,2,49,24,30,27,29,11,33,53,45,91,27,5,3,65,50,44,46,QA Engineer,1
34,Bachelor's,Electrical Engineering,1.0,0,1,39,48,45,41,30,51,40,42,74,75,47,4,3,61,47,59,57,QA Engineer,0
41,Bachelor's,Computer Science,3.7,3,2,57,43,98,82,77,45,77,59,46,76,70,4,2,66,60,64,43,DevOps Engineer,1
42,Bachelor's,Other,1.2,2,1,59,57,54,32,20,29,50,58,65,86,43,3,2,60,57,54,57,Data Analyst,1
38,Bachelor's,Information Technology,2.2,1,1,71,58,65,62,85,52,32,39,55,97,54,4,3,63,53,62,74,Data Analyst,1
37,Bachelor's,Data Science,1.9,0,1,62,78,66,76,64,70,37,62,64,62,66,3,1,62,60,60,42,DevOps Engineer,1
24,Bachelor's,Information Technology,1.4,1,1,51,52,27,61,42,35,51,60,63,39,58,3,5,58,59,63,79,Machine Learning Engineer,1
32,Bachelor's,Information Technology,2.1,1,1,88,88,96,95,76,65,79,71,31,71,88,4,5,82,71,80,58,Frontend Developer,1
35,Bachelor's,Computer Science,1.5,1,2,47,52,58,22,47,48,61,39,49,70,42,3,3,59,39,46,47,Full Stack Developer,1
31,Bachelor's,Data Science,4.7,1,4,36,53,55,53,35,33,29,50,60,37,25,2,3,48,43,33,15,Data Analyst,0
30,Bachelor's,Information Technology,2.1,0,1,54,36,54,59,57,15,5,70,83,84,50,3,0,56,60,54,92,DevOps Engineer,1
37,Master's,Data Science,2.6,0,1,51,46,49,79,79,58,54,76,42,88,48,2,4,64,63,51,56,Frontend Developer,1
25,Bachelor's,Data Science,4,0,1,100,100,74,88,90,85,85,75,47,86,100,6,1,85,78,79,65,Cloud Engineer,1
26,PhD,Other,0.0,0,0,74,59,64,33,73,84,26,67,49,69,65,5,2,77,61,59,39,Frontend Developer,1
41,Bachelor's,Information Technology,6.4,1,2,74,73,69,68,100,76,94,56,40,43,72,3,2,67,61,64,81,Data Analyst,1
27,Bachelor's,Electrical Engineering,6,1,5,82,50,60,81,45,34,69,69,53,62,49,7,2,85,58,50,74,Backend Developer,1
38,Diploma,Electrical Engineering,2.6,2,2,52,64,55,55,35,37,26,55,86,70,49,7,3,75,52,56,88,Machine Learning Engineer,1
35,Master's,Other,0.9,0,0,36,52,51,8,35,55,71,64,29,31,52,1,2,51,58,53,46,Backend Developer,0
26,Bachelor's,Information Technology,5,2,3,68,50,22,43,23,51,32,57,84,65,32,3,3,74,51,41,64,Backend Developer,1
40,Bachelor's,Computer Science,11.4,0,4,74,43,42,43,57,30,55,78,56,61,65,3,1,77,70,67,44,Backend Developer,1
32,Diploma,Other,0.8,3,0,59,51,53,33,35,47,45,54,40,63,67,2,1,53,60,67,41,Full Stack Developer,1
20,Bachelor's,Data Science,0,3,0,50,84,67,11,53,20,71,48,26,89,42,4,4,65,41,44,69,DevOps Engineer,0
33,Bachelor's,Information Technology,4.1,0,3,72,34,44,50,45,28,49,57,86,66,55,3,2,69,61,52,57,QA Engineer,1
42,Bachelor's,Electrical Engineering,3.4,1,2,66,45,36,73,43,31,34,57,49,58,45,1,1,68,51,55,54,Full Stack Developer,1
23,Bachelor's,Other,2,0,1,65,76,72,84,78,67,57,63,42,71,67,5,1,82,63,56,65,DevOps Engineer,1
27,Bachelor's,Other,3.3,1,2,91,76,59,80,59,70,69,45,35,79,73,3,1,73,57,77,59,Full Stack Developer,1
29,Bachelor's,Data Science,0.6,2,0,34,38,58,77,58,54,40,100,75,77,54,4,1,75,76,59,22,Backend Developer,1
31,Bachelor's,Data Science,2.2,4,2,60,63,64,61,75,69,50,58,62,89,69,2,1,61,63,69,47,Machine Learning Engineer,1
38,Bachelor's,Computer Science,3.6,0,2,69,28,55,59,10,56,34,62,41,75,49,6,3,77,59,57,79,Backend Developer,1
21,Diploma,Electrical Engineering,0,2,0,66,40,46,80,62,68,58,59,30,36,62,0,3,69,59,63,29,Software Developer,1
37,Bachelor's,Computer Science,3.1,1,1,40,50,69,47,18,51,42,67,63,53,62,5,3,66,61,57,72,Machine Learning Engineer,1
27,Master's,Data Science,1.2,2,1,56,21,58,28,42,30,28,63,64,72,48,4,0,59,58,57,51,Software Developer,1
21,Bachelor's,Other,0,0,0,69,55,68,49,74,47,55,59,66,51,56,2,2,65,57,54,65,Full Stack Developer,1
26,Bachelor's,Electrical Engineering,5,0,2,50,43,43,62,50,41,30,64,43,83,31,5,0,67,46,35,53,Software Developer,0
32,Bachelor's,Information Technology,5.8,1,2,80,75,64,56,46,77,37,70,41,78,47,4,4,77,59,47,38,Data Analyst,1
24,Bachelor's,Computer Science,3,4,1,28,13,5,13,41,5,13,84,64,73,17,3,1,69,53,38,59,Backend Developer,1
42,Bachelor's,Electrical Engineering,0.2,0,0,65,63,61,60,56,44,40,38,45,66,76,4,3,58,60,63,64,Cloud Engineer,1
42,Master's,Data Science,2.1,1,2,53,31,63,34,51,23,45,56,67,70,40,3,1,64,45,56,52,Software Developer,1
35,Bachelor's,Information Technology,8.5,3,3,100,89,78,85,89,68,95,44,50,50,86,2,3,72,62,73,62,QA Engineer,1
25,Bachelor's,Information Technology,0.6,0,0,52,64,76,98,57,83,66,80,64,66,58,1,3,62,73,58,59,Full Stack Developer,1
28,Master's,Information Technology,1.0,0,1,68,55,59,48,40,57,76,79,41,58,66,6,2,78,68,59,59,Backend Developer,1
30,Bachelor's,Other,2.3,2,1,64,80,70,96,79,50,66,51,57,47,81,2,1,63,69,76,62,DevOps Engineer,1
35,Bachelor's,Information Technology,0.4,0,0,60,37,71,42,53,45,81,47,66,46,63,2,4,65,58,61,5,Software Developer,1
37,Bachelor's,Information Technology,2.9,1,1,84,48,58,49,65,70,52,35,38,49,73,4,4,74,60,60,57,DevOps Engineer,1
40,Bachelor's,Electrical Engineering,1.0,0,1,68,79,46,89,43,67,49,59,59,73,94,4,3,71,68,84,61,QA Engineer,1
27,Diploma,Information Technology,0.4,1,0,74,50,82,48,73,58,66,64,62,56,64,3,4,75,66,59,56,Data Analyst,1
31,Diploma,Information Technology,0.8,4,0,69,75,58,58,62,57,61,41,63,57,74,2,2,62,57,78,48,Backend Developer,1
21,Diploma,Data Science,0,2,0,58,59,46,72,66,52,53,43,50,45,69,4,3,63,61,64,33,Data Analyst,1
42,Bachelor's,Other,0.2,2,0,71,69,70,82,68,71,62,75,63,60,63,4,2,78,64,64,64,Backend Developer,1
37,Master's,Electrical Engineering,1.1,1,1,37,31,38,49,51,29,48,62,54,72,35,3,3,62,51,51,59,Machine Learning Engineer,1
23,Bachelor's,Electrical Engineering,0.2,2,0,72,50,51,63,58,76,22,71,56,60,44,5,1,83,61,43,71,Frontend Developer,1
34,Bachelor's,Data Science,0.4,2,0,69,44,61,65,40,54,77,64,51,58,63,3,3,72,59,50,34,Machine Learning Engineer,1
38,Master's,Computer Science,0.8,0,0,58,43,48,79,76,64,41,47,6,47,49,5,1,60,50,61,48,Data Analyst,1
28,Bachelor's,Data Science,2.8,2,2,84,70,61,85,59,74,66,40,74,44,88,3,3,67,67,81,36,Machine Learning Engineer,1
42,Bachelor's,Electrical Engineering,6.0,0,3,49,37,48,31,38,13,32,69,47,83,42,3,3,63,50,51,79,DevOps Engineer,1
38,Bachelor's,Electrical Engineering,0.6,1,0,80,76,65,65,31,75,78,82,51,71,78,6,3,84,73,59,58,QA Engineer,1
23,Bachelor's,Computer Science,2,3,1,32,47,55,54,34,43,28,38,70,40,52,4,4,41,43,61,55,Full Stack Developer,0
33,Bachelor's,Other,0.0,2,0,84,80,100,79,98,88,66,71,39,81,77,3,6,81,77,67,76,Software Developer,1
22,Master's,Data Science,1,2,1,50,31,58,25,31,5,19,54,58,80,56,6,3,63,61,59,89,Full Stack Developer,1
24,Bachelor's,Computer Science,3,0,2,67,48,59,63,53,35,65,62,32,66,68,7,2,82,61,58,88,Frontend Developer,1
30,Master's,Electrical Engineering,0.2,1,0,79,100,95,87,100,100,60,46,58,72,100,7,2,77,74,91,82,Software Developer,1
35,Diploma,Other,0.0,0,0,95,75,98,100,98,83,89,68,68,53,99,4,5,87,83,84,92,Software Developer,1
35,Diploma,Electrical Engineering,3.5,1,2,68,67,54,59,80,51,81,55,78,76,53,7,4,80,58,65,78,QA Engineer,1
23,Bachelor's,Computer Science,0.1,0,0,52,50,61,38,44,73,39,71,59,70,42,3,0,64,62,42,24,Backend Developer,0
26,Bachelor's,Other,3.2,1,2,53,33,44,27,61,39,54,57,24,53,30,5,2,66,46,44,62,Frontend Developer,1
34,Diploma,Information Technology,2.6,1,1,80,85,81,72,54,54,40,54,61,73,47,6,2,78,60,50,100,Data Analyst,1
35,Diploma,Computer Science,1.5,0,2,73,64,97,54,81,67,61,49,67,43,67,4,5,69,62,73,71,QA Engineer,1
20,Bachelor's,Information Technology,0,3,0,40,31,35,75,55,30,38,61,54,84,33,3,1,56,48,48,36,Cloud Engineer,0
27,Diploma,Computer Science,5.7,1,2,80,83,82,76,97,60,76,74,57,41,78,5,0,82,82,72,67,DevOps Engineer,1
40,Bachelor's,Information Technology,3.9,1,1,55,50,41,33,50,39,38,73,65,60,54,3,2,73,60,49,59,DevOps Engineer,1
33,Diploma,Data Science,1.7,3,2,73,78,49,54,53,62,46,47,66,68,83,3,5,65,64,67,85,Full Stack Developer,1
24,Bachelor's,Other,2.7,1,1,47,33,36,47,27,44,39,74,43,78,41,6,4,76,57,50,53,Backend Developer,1
39,Diploma,Other,1.4,0,1,61,53,22,33,18,33,29,73,69,40,25,2,2,68,51,41,90,Backend Developer,0
31,Bachelor's,Computer Science,0.3,0,0,45,55,50,66,69,31,64,58,59,85,48,3,1,63,51,62,80,Backend Developer,1
38,Bachelor's,Data Science,2.9,1,1,63,42,77,52,54,31,38,45,84,51,51,1,2,61,54,56,8,Machine Learning Engineer,1
40,Master's,Computer Science,1.8,2,1,71,49,51,80,72,42,84,72,57,48,56,8,3,80,65,63,80,Data Analyst,1
42,Bachelor's,Information Technology,0.8,1,0,85,88,78,97,63,69,88,37,51,80,68,6,3,81,55,55,100,Data Analyst,1
25,Diploma,Data Science,1.9,1,2,24,24,29,9,18,34,29,47,72,71,16,4,3,56,36,30,40,DevOps Engineer,0
26,Bachelor's,Electrical Engineering,5,1,1,58,40,35,43,29,19,29,26,60,76,63,2,2,40,49,60,40,Frontend Developer,0
37,Diploma,Electrical Engineering,1.6,0,2,55,48,47,52,69,67,48,67,100,52,56,3,4,66,63,67,56,Frontend Developer,1
28,Bachelor's,Computer Science,1.2,0,1,59,74,49,67,44,51,33,35,65,80,47,5,2,55,38,43,45,Frontend Developer,1
32,Bachelor's,Information Technology,6.6,0,2,79,58,62,64,65,72,59,94,54,29,65,3,3,85,74,69,44,QA Engineer,1
22,Master's,Electrical Engineering,1.0,1,1,68,65,64,46,74,73,73,62,60,62,92,3,4,73,68,82,21,DevOps Engineer,1
27,Bachelor's,Data Science,1.6,1,2,44,20,39,45,28,11,43,68,40,73,47,4,4,66,58,48,70,Data Analyst,1
24,Diploma,Information Technology,2.7,3,1,32,7,5,12,33,5,5,70,73,64,6,3,2,60,42,18,42,Data Analyst,0
39,Bachelor's,Computer Science,6.1,3,1,47,31,38,52,13,64,66,68,52,67,52,5,3,68,61,51,76,Machine Learning Engineer,1
33,Diploma,Data Science,2.1,0,1,72,85,65,75,79,73,62,72,54,55,87,3,1,67,73,67,63,Full Stack Developer,1
39,Bachelor's,Data Science,4.6,0,1,67,69,83,63,94,66,49,74,45,63,47,6,5,78,63,52,66,Frontend Developer,1
22,PhD,Electrical Engineering,1,4,1,45,40,41,54,41,41,64,61,60,74,39,5,2,61,56,58,58,Software Developer,1
31,Bachelor's,Other,9.6,2,3,82,50,88,60,39,53,54,79,71,69,48,3,1,92,65,56,61,Cloud Engineer,1
29,Master's,Electrical Engineering,0.1,1,0,98,76,82,69,79,84,100,40,43,71,75,4,3,85,51,79,100,Data Analyst,1
36,Bachelor's,Information Technology,5.4,1,1,61,52,65,50,41,29,62,80,62,39,44,5,3,84,62,50,54,Data Analyst,1
35,Diploma,Other,0.7,0,0,47,35,49,33,24,5,29,69,60,87,36,2,3,63,53,48,46,Cloud Engineer,1
42,Diploma,Data Science,1.4,1,1,79,64,62,54,76,43,59,40,48,65,84,3,2,64,60,78,52,Cloud Engineer,1
31,Master's,Other,1.6,0,1,57,61,39,49,47,55,57,44,55,87,69,2,5,63,61,71,51,Cloud Engineer,1
41,Bachelor's,Electrical Engineering,1.5,0,1,63,78,83,76,88,80,86,100,72,67,70,3,5,78,77,70,55,Data Analyst,1
40,Bachelor's,Computer Science,4.6,4,4,74,65,54,35,58,52,74,100,71,19,56,4,1,93,74,52,83,Data Analyst,1
28,Bachelor's,Information Technology,0.5,1,0,57,68,38,44,38,22,5,68,59,68,58,3,4,62,62,46,26,QA Engineer,1
22,Bachelor's,Data Science,1,1,1,46,45,44,57,54,36,42,63,37,60,43,1,2,61,54,62,56,Backend Developer,1
23,Diploma,Data Science,2,0,2,66,45,84,84,67,61,53,45,53,55,62,7,2,73,56,61,84,Machine Learning Engineer,1
29,Bachelor's,Electrical Engineering,5.1,0,3,44,59,45,37,31,40,11,63,54,57,37,3,0,52,56,38,52,Cloud Engineer,1
42,Bachelor's,Data Science,0.6,1,0,59,54,61,33,54,25,38,66,40,70,53,5,2,72,60,58,80,Frontend Developer,1
21,Bachelor's,Information Technology,0,2,0,68,78,47,80,31,59,52,74,51,56,62,2,0,73,70,63,39,Software Developer,1
22,Bachelor's,Data Science,1,1,1,80,78,92,92,58,71,72,65,67,74,67,4,3,78,65,67,42,QA Engineer,1
36,Diploma,Electrical Engineering,1.5,0,2,51,60,42,78,53,49,22,34,65,48,59,3,2,53,46,56,27,Backend Developer,1
35,Diploma,Information Technology,2.1,1,2,87,57,70,71,72,81,63,54,24,87,72,6,0,90,61,68,63,DevOps Engineer,1
36,Bachelor's,Information Technology,0.5,1,0,58,55,59,54,65,56,45,64,100,52,53,2,0,66,58,51,55,Data Analyst,1
30,Bachelor's,Data Science,0.9,2,0,78,77,100,90,88,77,99,47,66,48,65,7,3,77,55,63,92,DevOps Engineer,1
35,Bachelor's,Information Technology,0.5,1,0,56,50,50,31,66,50,38,64,49,46,50,3,3,70,56,63,37,Cloud Engineer,1
29,Master's,Computer Science,0.5,2,0,53,54,57,47,43,40,49,72,46,31,51,3,2,73,64,56,70,Backend Developer,1
31,PhD,Computer Science,0.1,1,0,46,19,20,56,43,17,36,44,68,71,31,2,0,59,40,42,60,Machine Learning Engineer,0
28,Diploma,Computer Science,0.2,3,0,82,73,50,71,60,100,55,66,67,90,92,7,2,84,72,85,96,Backend Developer,1
20,Bachelor's,Data Science,0,1,0,62,79,61,65,51,53,47,51,58,75,67,1,0,67,54,55,31,Full Stack Developer,0
37,Master's,Electrical Engineering,3.7,0,2,60,62,35,59,65,57,55,56,41,82,34,2,1,62,49,44,32,Cloud Engineer,1
28,Bachelor's,Information Technology,1.0,1,1,69,45,47,47,62,78,74,63,62,63,45,3,2,67,54,45,47,Backend Developer,1
29,Bachelor's,Computer Science,3.2,0,2,80,85,100,94,96,60,51,24,54,71,83,1,2,64,56,71,38,Data Analyst,1
21,Bachelor's,Information Technology,0,0,0,81,96,85,74,65,100,78,79,56,76,79,6,4,90,75,72,50,Full Stack Developer,1
32,Diploma,Electrical Engineering,1.9,0,1,68,74,61,62,43,70,49,52,53,72,82,6,0,65,65,78,60,Cloud Engineer,1
35,Bachelor's,Electrical Engineering,9.7,1,4,88,74,59,39,61,90,55,58,56,57,60,6,2,73,58,62,63,Backend Developer,1
23,Master's,Electrical Engineering,1.2,1,1,80,98,100,94,75,85,81,64,83,73,77,4,1,71,68,69,65,Cloud Engineer,1
24,Bachelor's,Computer Science,2.3,0,1,70,66,54,70,48,40,50,44,37,87,62,1,1,59,56,66,19,Data Analyst,1
27,Bachelor's,Data Science,6,2,5,75,60,71,64,93,60,56,55,69,57,79,5,1,71,65,63,65,Software Developer,1
20,Bachelor's,Electrical Engineering,0,0,0,85,83,91,67,88,92,94,67,32,61,72,5,4,86,58,68,91,Backend Developer,1
38,Bachelor's,Electrical Engineering,0.6,3,0,41,46,37,31,35,12,39,61,33,79,38,5,2,66,52,53,60,Data Analyst,1
30,Bachelor's,Electrical Engineering,5.0,1,2,46,24,61,62,60,59,47,69,55,64,51,3,1,68,59,53,54,QA Engineer,1
38,PhD,Computer Science,3.4,3,2,56,69,43,78,52,75,59,54,70,61,71,2,1,65,63,71,70,QA Engineer,1
38,Master's,Information Technology,4.5,1,1,40,51,62,56,43,52,49,53,58,42,49,3,1,58,54,55,61,DevOps Engineer,1
42,PhD,Computer Science,4.5,2,2,71,52,60,71,73,65,39,52,57,83,76,4,2,75,65,70,62,Software Developer,1
26,PhD,Data Science,1.1,1,1,80,90,82,70,70,80,69,69,30,64,91,3,0,78,74,86,51,Full Stack Developer,1
29,Bachelor's,Information Technology,0.3,2,0,75,60,74,80,36,37,39,76,91,73,65,3,3,80,64,59,78,Backend Developer,1
40,Bachelor's,Data Science,2.1,0,1,77,69,81,77,74,48,62,64,39,55,47,5,3,79,54,53,92,Full Stack Developer,1
42,Diploma,Data Science,5.1,1,1,83,62,71,54,62,62,77,77,64,48,72,2,1,83,74,73,47,DevOps Engineer,1
21,Bachelor's,Information Technology,0,1,0,9,10,5,5,16,5,27,74,49,63,56,5,2,63,67,54,36,Frontend Developer,1
30,Master's,Electrical Engineering,1.1,0,1,46,54,60,21,44,51,46,54,45,74,39,4,2,60,48,52,39,Frontend Developer,1
21,Bachelor's,Computer Science,0,1,0,34,46,52,38,41,35,50,77,54,70,57,1,5,51,64,53,51,Full Stack Developer,1
34,Bachelor's,Other,1.5,1,2,57,60,42,35,31,41,32,64,49,65,57,0,0,64,63,57,36,Backend Developer,0
26,Bachelor's,Other,2.7,3,1,42,35,30,34,41,45,19,57,30,53,42,2,1,50,49,50,27,Cloud Engineer,0
38,Bachelor's,Data Science,3.5,0,1,69,65,64,79,93,96,59,69,41,97,58,6,2,71,56,62,92,Software Developer,1
34,Diploma,Electrical Engineering,1.6,3,1,36,31,54,42,38,29,20,73,23,57,31,0,2,59,53,44,20,DevOps Engineer,0
42,Bachelor's,Information Technology,3.9,1,3,57,48,37,67,46,44,50,81,82,72,56,4,4,68,62,60,75,Backend Developer,1
31,Bachelor's,Computer Science,1.1,0,1,20,21,47,27,44,14,23,65,45,73,59,3,0,44,59,68,16,Data Analyst,0
21,Bachelor's,Computer Science,0,0,0,78,79,88,79,95,77,76,39,53,40,86,4,3,64,68,75,82,Cloud Engineer,1
35,Bachelor's,Information Technology,3.8,1,1,85,93,75,57,75,80,71,65,47,72,65,6,1,71,60,76,98,Software Developer,1
36,Master's,Computer Science,0.3,0,0,71,37,77,87,79,49,98,27,40,37,64,3,4,53,42,66,59,Cloud Engineer,1
29,Diploma,Information Technology,0.9,0,0,67,46,37,51,90,43,37,68,33,68,69,5,2,76,70,64,74,Machine Learning Engineer,1
39,Master's,Information Technology,2.9,2,2,93,68,71,71,100,65,77,55,36,80,79,6,1,81,68,70,90,Cloud Engineer,1
37,Bachelor's,Electrical Engineering,3.2,3,3,41,52,64,29,47,28,41,80,66,80,48,5,1,71,60,49,88,QA Engineer,1
39,Diploma,Computer Science,0.4,1,0,61,43,72,50,64,70,36,64,48,60,57,1,0,55,56,57,94,Cloud Engineer,1
25,Bachelor's,Information Technology,0.0,0,0,88,83,79,77,58,78,84,67,43,42,100,5,4,83,79,85,57,DevOps Engineer,1
26,Bachelor's,Data Science,0.7,0,0,40,50,56,31,62,72,27,61,64,71,43,5,1,57,49,39,100,Frontend Developer,0
32,Bachelor's,Data Science,0.5,1,0,29,32,45,36,19,53,18,51,60,48,40,2,0,47,51,46,58,Software Developer,0
35,Bachelor's,Electrical Engineering,1.6,1,2,46,62,67,23,63,49,41,40,83,52,59,4,1,54,58,75,45,Software Developer,1
20,Bachelor's,Other,0,0,0,52,54,51,58,33,48,50,74,50,41,53,4,1,73,63,47,72,DevOps Engineer,1
40,Bachelor's,Information Technology,2.9,0,1,97,100,86,88,67,70,76,83,20,93,100,2,2,87,84,72,56,Frontend Developer,1
38,Bachelor's,Information Technology,5.5,1,3,78,45,50,66,53,85,21,63,74,55,40,3,0,67,50,43,67,Machine Learning Engineer,1
40,Diploma,Electrical Engineering,3.0,2,1,75,63,42,44,30,35,34,79,55,70,68,6,1,85,73,59,71,Machine Learning Engineer,1
21,Bachelor's,Data Science,0,0,0,50,39,32,58,52,56,36,34,57,73,79,5,2,58,55,76,64,QA Engineer,1
29,Bachelor's,Electrical Engineering,4.8,3,2,68,63,47,63,58,59,50,65,63,65,68,4,1,76,65,65,73,Machine Learning Engineer,1
38,PhD,Electrical Engineering,14.0,2,1,92,71,80,68,77,72,56,67,47,72,64,5,1,86,61,66,94,Frontend Developer,1
39,Bachelor's,Computer Science,5.4,3,4,64,76,77,52,62,60,50,59,52,66,68,5,3,64,67,66,79,Machine Learning Engineer,1
38,Bachelor's,Electrical Engineering,3.5,1,1,46,63,41,70,43,52,63,44,47,62,36,5,3,59,37,34,55,Full Stack Developer,1
40,Bachelor's,Computer Science,4.4,2,3,80,84,62,89,76,74,65,69,85,80,84,4,3,75,69,75,56,Full Stack Developer,1
36,Master's,Computer Science,1.9,2,1,52,52,31,62,50,60,53,53,83,66,64,2,1,64,56,58,52,Full Stack Developer,1
21,Bachelor's,Data Science,0,4,0,80,66,54,52,70,70,63,63,75,83,48,1,3,77,59,57,43,Software Developer,1
21,Diploma,Data Science,0,3,0,42,47,40,47,56,36,46,52,60,68,49,5,0,53,48,47,61,DevOps Engineer,0
25,Bachelor's,Computer Science,0.2,1,0,74,80,89,59,66,79,65,46,50,84,56,6,1,79,56,65,78,QA Engineer,1
21,Bachelor's,Data Science,0,0,0,31,57,32,26,51,32,24,66,43,95,24,3,3,63,46,38,25,QA Engineer,0
24,Bachelor's,Data Science,3,2,2,74,61,67,80,72,68,66,75,66,72,72,6,3,76,65,66,76,Backend Developer,1
24,Bachelor's,Electrical Engineering,3,1,3,53,47,24,43,28,47,28,52,52,66,51,4,3,54,48,51,76,Data Analyst,1
35,Bachelor's,Data Science,6.5,0,4,60,40,75,76,87,33,51,60,44,63,46,2,1,64,60,50,53,Data Analyst,1
29,Bachelor's,Electrical Engineering,7.0,1,3,74,56,66,37,45,38,51,89,33,74,92,7,5,77,83,82,100,Software Developer,1
37,Master's,Information Technology,6.4,2,4,80,74,96,74,92,54,58,55,30,64,48,2,2,64,57,47,44,Frontend Developer,1
37,Bachelor's,Information Technology,0.4,2,0,84,67,77,63,58,44,33,45,80,69,82,3,0,71,59,70,52,Data Analyst,1
41,Bachelor's,Information Technology,8.2,0,2,52,17,47,41,30,14,17,67,52,75,20,1,0,54,47,40,5,Software Developer,0
20,Diploma,Information Technology,0,0,0,29,41,24,24,25,42,47,44,47,69,22,3,0,49,42,38,48,Machine Learning Engineer,0
22,Diploma,Other,1,2,1,62,73,82,81,75,63,82,72,67,69,92,3,2,71,82,87,58,DevOps Engineer,1
30,PhD,Computer Science,5.3,1,1,61,32,42,39,63,56,33,48,39,75,35,2,0,61,41,47,32,Full Stack Developer,1
21,Bachelor's,Computer Science,0,0,0,70,75,79,63,83,81,77,71,51,65,86,1,3,67,73,79,50,Cloud Engineer,1
34,Bachelor's,Information Technology,3.2,1,1,47,58,28,32,67,37,29,40,76,59,48,1,4,53,47,50,46,Backend Developer,1
29,Bachelor's,Data Science,0.5,3,0,43,69,58,51,40,65,39,71,42,50,56,5,2,56,62,53,61,QA Engineer,1
31,Bachelor's,Other,2.6,1,1,46,43,48,62,13,42,36,53,44,65,28,0,2,58,45,45,43,DevOps Engineer,0
38,Diploma,Data Science,2.6,0,1,93,77,88,88,85,71,68,44,61,44,73,5,1,76,56,76,66,Data Analyst,1
36,Bachelor's,Data Science,3.0,3,2,42,17,37,33,16,44,45,79,44,62,29,3,1,63,56,35,50,Cloud Engineer,1
41,Bachelor's,Electrical Engineering,2.1,0,2,100,86,97,100,100,100,75,56,33,73,100,4,2,82,78,82,81,DevOps Engineer,1
25,Bachelor's,Other,4,1,1,57,43,51,65,33,41,23,68,24,59,42,6,3,76,53,53,75,Backend Developer,1
27,Diploma,Data Science,1.3,0,1,76,100,67,66,70,44,68,55,71,70,63,7,1,84,60,71,88,QA Engineer,1
38,Diploma,Computer Science,0.9,0,0,70,91,74,73,74,70,100,44,44,44,81,0,4,63,64,70,35,Full Stack Developer,1
29,Diploma,Electrical Engineering,1.5,0,1,66,67,55,57,75,65,46,76,58,52,76,2,2,71,77,64,52,DevOps Engineer,1
35,Diploma,Information Technology,0.2,0,0,67,59,49,71,100,48,50,62,51,88,53,4,0,78,55,46,50,Backend Developer,1
32,Master's,Computer Science,7.1,1,5,65,45,47,47,59,11,56,59,59,72,54,4,1,75,62,49,81,Software Developer,1
32,Diploma,Electrical Engineering,0.4,1,0,61,53,85,69,46,58,63,67,66,63,39,5,3,75,54,42,95,Software Developer,1
42,Diploma,Information Technology,1.8,1,2,62,61,55,40,55,64,52,82,46,57,27,5,4,67,56,43,44,Data Analyst,1
39,Diploma,Other,4.6,0,2,43,32,16,19,57,35,47,43,49,67,33,6,1,58,41,40,28,QA Engineer,0
33,Bachelor's,Other,0.5,1,0,82,70,70,71,78,68,73,43,68,64,85,4,3,80,61,81,66,QA Engineer,1
33,Bachelor's,Electrical Engineering,1.2,1,1,59,32,55,58,77,17,42,61,46,67,44,2,2,68,53,50,22,Frontend Developer,1
39,Bachelor's,Data Science,4.2,0,2,85,75,78,59,85,82,71,74,41,89,91,4,3,79,79,78,78,Data Analyst,1
27,Bachelor's,Electrical Engineering,1.0,4,1,50,62,64,30,35,31,51,46,57,49,38,1,0,64,44,47,38,QA Engineer,0
34,Master's,Electrical Engineering,2.9,0,1,95,85,84,91,98,74,82,53,48,71,94,5,3,86,73,85,100,DevOps Engineer,1
30,Bachelor's,Other,0.1,2,0,63,60,79,68,46,65,57,62,49,54,56,4,2,64,54,57,64,DevOps Engineer,1
24,Bachelor's,Data Science,3,2,2,69,76,73,74,66,60,90,34,75,47,65,4,3,62,51,73,51,Backend Developer,1
39,PhD,Data Science,2.0,3,2,82,61,71,49,72,63,51,72,55,60,58,6,2,86,70,49,79,Frontend Developer,1
24,Master's,Computer Science,3,2,2,58,61,64,83,51,51,46,83,72,60,73,1,1,74,77,64,32,Machine Learning Engineer,1
29,Bachelor's,Data Science,1.2,2,1,63,55,75,54,64,63,40,33,50,52,71,4,2,57,57,61,56,Backend Developer,1
39,Bachelor's,Data Science,0.6,2,0,91,68,97,78,72,66,64,71,60,77,64,2,1,84,60,66,53,Full Stack Developer,1
25,Bachelor's,Electrical Engineering,4,0,2,100,95,89,88,97,91,100,46,49,86,81,4,3,82,64,71,86,Software Developer,1
22,PhD,Other,1,0,1,52,74,43,57,85,36,56,48,77,50,64,5,2,58,52,56,73,Full Stack Developer,1
23,Bachelor's,Other,1.6,2,1,72,54,69,62,75,60,54,54,67,53,81,5,4,61,68,74,69,Backend Developer,1
23,PhD,Electrical Engineering,2,1,2,68,94,70,87,77,58,94,79,68,72,63,2,3,74,64,69,55,Cloud Engineer,1
42,Bachelor's,Electrical Engineering,3.4,2,3,88,69,55,75,64,56,51,56,61,63,66,2,3,74,57,56,68,Full Stack Developer,1
30,Diploma,Electrical Engineering,8.8,1,2,90,49,73,34,70,49,60,81,50,79,83,2,2,83,78,80,62,Data Analyst,1
31,Master's,Electrical Engineering,0.7,2,0,79,64,90,81,62,100,91,73,87,57,86,6,3,87,76,72,66,Full Stack Developer,1
24,Bachelor's,Electrical Engineering,1.6,3,2,49,76,60,70,73,49,66,44,54,74,54,6,3,61,49,58,77,Machine Learning Engineer,1
32,Diploma,Information Technology,0.1,0,0,67,67,79,79,68,73,90,54,48,70,76,1,2,54,61,77,38,Software Developer,1
33,Bachelor's,Data Science,1.2,0,1,53,53,21,49,38,54,61,39,61,70,48,3,3,62,47,60,96,DevOps Engineer,0
32,Bachelor's,Electrical Engineering,5.9,1,1,76,48,50,79,53,69,68,54,27,31,66,5,1,70,63,70,66,Full Stack Developer,1
36,Bachelor's,Data Science,6.0,1,4,65,74,50,67,64,47,53,45,24,59,71,4,4,71,60,67,38,Frontend Developer,1
29,Bachelor's,Electrical Engineering,8,1,5,58,47,40,50,58,14,42,71,55,85,48,4,2,69,62,46,54,Data Analyst,1
31,Bachelor's,Information Technology,0.2,2,0,65,52,81,71,45,70,34,37,51,56,54,4,0,64,48,59,55,Data Analyst,1
36,Bachelor's,Computer Science,5.2,3,2,50,36,28,29,5,17,17,68,42,68,5,4,0,70,37,35,28,Software Developer,0
34,Bachelor's,Computer Science,5.5,1,3,100,76,91,85,69,73,90,35,9,60,97,5,2,67,69,84,65,Software Developer,1
25,Bachelor's,Information Technology,1.9,2,2,80,53,68,81,51,89,79,75,47,69,50,6,2,78,61,50,100,Software Developer,1
39,Bachelor's,Computer Science,3.8,1,3,43,55,10,49,48,22,22,44,74,57,46,2,2,61,48,49,17,Frontend Developer,0
26,Bachelor's,Electrical Engineering,5,2,4,99,86,91,100,96,100,77,50,75,94,94,6,2,89,72,87,90,Cloud Engineer,1
27,Bachelor's,Other,0.7,0,0,73,76,71,56,50,57,73,62,49,100,65,2,3,63,67,66,65,Machine Learning Engineer,1
37,Bachelor's,Electrical Engineering,1.7,0,2,87,82,67,66,65,81,75,64,86,60,82,3,1,80,76,63,51,Backend Developer,1
31,Bachelor's,Computer Science,0.8,3,0,42,47,57,43,52,43,46,66,53,62,41,4,4,58,54,44,63,Software Developer,1
24,Diploma,Other,1.1,0,1,64,80,52,72,54,77,47,56,16,60,39,3,2,68,50,56,84,DevOps Engineer,0
42,Master's,Computer Science,1.2,0,1,54,44,62,60,48,30,49,48,50,69,71,2,3,58,57,63,32,DevOps Engineer,1
35,Master's,Other,0.2,1,0,52,75,38,65,77,51,41,86,74,56,63,1,1,70,76,69,16,QA Engineer,1
35,PhD,Computer Science,0.0,3,0,68,72,48,52,65,64,46,74,68,64,65,6,4,79,63,63,100,Software Developer,1
29,Bachelor's,Computer Science,1.6,4,2,48,43,29,29,25,30,57,59,53,64,32,1,4,53,50,41,28,Cloud Engineer,0
35,Bachelor's,Electrical Engineering,2.2,2,2,96,100,87,100,89,87,74,60,64,75,87,5,3,84,66,82,72,Machine Learning Engineer,1
20,Bachelor's,Electrical Engineering,0,2,0,89,98,100,73,84,66,61,51,60,41,73,5,2,79,61,71,89,Full Stack Developer,1
41,Bachelor's,Other,4.1,0,3,26,20,20,20,20,7,30,50,63,42,33,4,2,58,42,47,18,Full Stack Developer,0
36,Bachelor's,Electrical Engineering,2.5,1,2,34,40,33,47,34,29,18,87,62,47,17,2,1,58,52,34,22,Full Stack Developer,0
20,Master's,Other,0,1,0,78,74,75,83,50,51,57,51,38,61,79,4,2,67,57,69,48,QA Engineer,1
34,PhD,Information Technology,4.7,1,4,100,99,95,86,83,100,80,67,22,66,98,5,4,91,78,86,78,DevOps Engineer,1
27,Bachelor's,Electrical Engineering,0.5,4,0,72,79,55,69,88,82,57,68,60,83,84,4,1,79,72,80,71,Full Stack Developer,1
35,Bachelor's,Data Science,4.1,2,3,74,84,59,76,53,58,48,64,27,84,70,2,1,63,67,65,43,Software Developer,1
30,Master's,Other,3.3,3,1,46,65,46,33,35,32,43,72,58,55,39,4,2,66,59,50,76,Software Developer,1
34,Bachelor's,Data Science,1.7,0,1,56,85,55,57,61,54,54,46,59,90,66,5,0,71,56,64,37,QA Engineer,1
37,Bachelor's,Information Technology,3.4,3,1,44,58,74,49,19,39,63,91,69,68,50,3,1,64,67,52,36,Cloud Engineer,1
31,Master's,Information Technology,7.5,0,5,75,58,76,70,74,82,75,40,50,64,71,2,1,57,54,72,43,Backend Developer,1
21,Bachelor's,Data Science,0,0,0,43,53,41,32,34,33,62,61,62,52,68,5,3,59,62,65,69,Software Developer,1
22,Bachelor's,Other,1,0,1,60,61,69,13,82,37,55,43,45,77,74,4,2,59,55,72,63,Full Stack Developer,1
32,Bachelor's,Other,5.7,1,2,74,68,56,80,27,97,41,55,40,53,49,4,4,70,54,68,73,Frontend Developer,1
29,Master's,Computer Science,1.8,1,1,71,54,57,51,62,79,57,56,25,64,58,3,2,62,53,51,85,Machine Learning Engineer,1
41,Diploma,Electrical Engineering,4.3,0,2,98,74,100,98,58,100,58,41,69,49,79,3,0,75,61,82,25,Machine Learning Engineer,1
38,Bachelor's,Information Technology,0.3,1,0,80,54,60,66,77,56,41,29,40,44,85,4,2,55,59,75,74,DevOps Engineer,1
25,Bachelor's,Computer Science,0.8,2,0,32,11,38,41,26,13,11,61,41,52,32,0,1,50,52,39,38,Frontend Developer,0
25,Master's,Computer Science,0.8,1,0,61,62,77,43,53,57,61,44,92,77,47,4,2,61,46,51,59,Full Stack Developer,1
38,Master's,Other,3.1,3,3,22,44,27,20,34,26,22,78,44,42,16,4,1,60,45,35,74,Frontend Developer,0
39,Master's,Other,7.5,3,3,68,29,27,51,50,32,40,43,43,65,56,7,3,68,53,65,48,Frontend Developer,1
31,Bachelor's,Electrical Engineering,1.0,2,1,56,71,60,77,61,56,58,55,57,76,72,3,4,59,63,64,17,Full Stack Developer,1
36,Bachelor's,Electrical Engineering,5.4,1,1,72,37,43,48,58,61,32,60,44,62,41,5,4,76,55,54,30,Frontend Developer,1
36,Bachelor's,Other,1.0,0,1,40,59,55,71,55,40,48,54,45,38,29,2,1,60,43,35,72,Full Stack Developer,0
41,Bachelor's,Data Science,0.6,0,0,63,48,60,58,45,27,49,38,68,58,60,2,2,61,48,56,48,DevOps Engineer,1
23,Bachelor's,Data Science,0.3,0,0,84,79,62,57,62,68,72,57,53,65,89,3,4,76,73,72,44,Machine Learning Engineer,1
23,Bachelor's,Data Science,1.0,1,1,91,83,91,68,96,56,100,74,54,56,89,1,5,76,82,81,60,Backend Developer,1
20,Bachelor's,Electrical Engineering,0,1,0,40,36,38,54,37,49,53,43,42,86,21,2,2,53,38,34,18,Frontend Developer,0
36,Master's,Other,0.1,0,0,51,20,39,34,5,36,36,57,53,87,34,3,1,62,48,45,51,Frontend Developer,0
42,Diploma,Computer Science,3.7,2,3,48,48,61,50,52,32,69,59,46,67,49,2,0,64,60,58,60,Cloud Engineer,1
21,Bachelor's,Data Science,0,0,0,58,34,65,63,48,59,86,66,42,74,83,2,3,64,74,77,72,Full Stack Developer,1
29,Bachelor's,Computer Science,0.4,0,0,29,27,25,42,54,17,52,72,57,96,34,3,4,62,56,47,33,Software Developer,0
21,Bachelor's,Data Science,0,4,0,62,77,69,46,60,55,53,50,54,76,52,2,1,53,49,51,84,Data Analyst,1
30,Master's,Data Science,0.2,1,0,44,45,43,58,51,58,65,37,45,48,48,5,1,56,43,56,49,Backend Developer,1
20,Diploma,Information Technology,0,0,0,31,18,16,30,35,21,42,66,42,54,12,3,1,52,41,25,26,Cloud Engineer,0
37,Master's,Information Technology,3.4,1,2,32,25,25,39,30,16,30,62,71,100,33,1,3,43,46,47,11,Software Developer,0
42,Bachelor's,Computer Science,3.8,0,3,52,46,43,74,53,49,42,69,56,71,48,0,1,62,59,56,11,Machine Learning Engineer,0
37,PhD,Information Technology,1.3,0,1,76,53,30,96,76,72,49,90,73,78,68,5,1,81,77,59,67,QA Engineer,1
22,Bachelor's,Electrical Engineering,1,1,1,62,63,71,60,67,47,70,69,58,48,68,3,2,76,62,57,63,Cloud Engineer,1
37,Bachelor's,Electrical Engineering,0.3,0,0,68,56,72,49,78,64,67,76,79,68,71,6,3,74,62,66,61,Cloud Engineer,1
35,PhD,Other,3.4,1,3,26,81,38,60,59,16,26,69,33,64,45,3,3,51,55,56,45,Full Stack Developer,1
30,Master's,Electrical Engineering,2.1,1,1,65,71,66,61,38,58,47,51,39,71,75,2,3,55,62,71,20,Full Stack Developer,1
21,Bachelor's,Computer Science,0,2,0,48,34,59,75,45,44,38,61,58,55,65,1,0,51,52,64,18,Data Analyst,0
40,Bachelor's,Other,2.3,1,2,39,33,63,47,56,60,67,71,56,57,65,4,4,56,63,66,34,DevOps Engineer,1
39,Bachelor's,Computer Science,6.4,0,1,73,45,52,71,47,39,40,70,61,63,63,3,0,69,59,63,45,Frontend Developer,1
33,Bachelor's,Other,1.0,0,1,52,60,63,46,56,40,83,66,31,71,50,5,3,75,57,45,76,Backend Developer,1
30,Bachelor's,Information Technology,4.0,0,2,42,33,37,26,76,29,40,59,64,65,36,3,2,68,50,36,53,Software Developer,0
31,Bachelor's,Computer Science,5.8,0,3,50,50,46,46,37,26,43,77,36,68,67,4,2,78,73,61,64,DevOps Engineer,1
34,Bachelor's,Data Science,0.3,0,0,61,66,81,51,70,66,45,49,59,72,54,4,2,67,54,53,67,Full Stack Developer,1
42,Bachelor's,Data Science,1.0,0,1,80,76,89,64,97,72,65,49,44,61,70,5,1,82,58,60,89,Data Analyst,1
33,Diploma,Data Science,6.1,2,3,88,62,61,83,53,71,47,56,64,62,55,3,2,74,62,53,79,Machine Learning Engineer,1
40,Bachelor's,Electrical Engineering,0.7,0,0,79,67,82,69,77,69,54,35,46,55,79,4,4,66,64,72,69,Software Developer,1
32,Diploma,Information Technology,0.6,1,0,45,59,34,71,71,35,35,92,39,81,71,3,1,79,72,66,64,Data Analyst,1
33,Bachelor's,Electrical Engineering,2.0,3,2,72,63,55,50,61,80,68,59,61,44,75,5,1,70,67,60,100,DevOps Engineer,1
34,Bachelor's,Electrical Engineering,0.0,1,0,40,41,61,26,26,33,51,45,59,75,54,4,2,54,58,60,51,Frontend Developer,1
25,Bachelor's,Electrical Engineering,4,4,2,67,66,88,63,46,71,50,67,62,59,46,7,2,78,54,50,95,Frontend Developer,1
20,Master's,Information Technology,0,2,0,32,53,32,77,49,54,52,57,56,69,49,3,4,57,51,49,37,Data Analyst,1
41,PhD,Computer Science,0.4,1,0,57,59,55,43,52,39,51,78,52,60,43,0,0,54,56,45,5,DevOps Engineer,1
37,Bachelor's,Electrical Engineering,5.0,1,2,100,99,87,100,96,88,98,63,26,66,72,4,4,79,61,62,88,QA Engineer,1
24,Bachelor's,Other,3,1,1,100,75,100,100,86,87,95,45,57,66,100,5,4,78,71,87,100,Data Analyst,1
23,Bachelor's,Information Technology,2,0,2,77,86,73,90,67,51,93,54,85,68,77,5,2,68,62,80,73,Full Stack Developer,1
28,Diploma,Electrical Engineering,4.1,0,2,100,91,98,85,100,99,94,18,80,84,90,4,3,72,46,79,72,Full Stack Developer,1
41,Bachelor's,Information Technology,1.0,0,1,45,31,32,30,48,44,18,54,54,54,40,0,1,56,51,50,5,Backend Developer,0
35,Bachelor's,Other,0.3,0,0,70,63,75,71,63,59,49,82,76,55,65,4,3,81,72,64,71,Software Developer,1
32,Bachelor's,Information Technology,0.1,0,0,35,38,48,38,40,38,43,66,61,66,56,3,1,61,58,59,52,Machine Learning Engineer,0
36,Master's,Other,6.5,1,3,77,50,59,47,64,46,17,60,55,52,69,5,2,68,54,68,95,DevOps Engineer,1
25,Bachelor's,Computer Science,4,0,1,66,47,46,69,53,59,70,56,70,46,67,3,5,64,60,54,40,Data Analyst,1
22,Bachelor's,Data Science,1,1,1,64,60,47,74,60,58,79,64,59,61,77,4,4,75,64,76,71,Software Developer,1
42,Master's,Other,2.2,3,1,77,45,64,74,70,51,72,77,76,65,77,3,4,80,71,70,49,DevOps Engineer,1
33,Bachelor's,Other,5.5,2,4,22,47,47,27,61,9,5,63,59,61,28,2,3,55,43,46,47,Frontend Developer,0
34,Master's,Other,0.4,2,0,60,69,88,69,64,69,47,66,19,63,64,4,2,66,65,56,89,Full Stack Developer,1
33,Diploma,Electrical Engineering,1.1,1,1,70,47,69,77,68,48,33,41,36,48,55,5,0,71,52,47,78,Frontend Developer,1
30,Diploma,Computer Science,0.4,1,0,88,57,60,60,57,74,52,38,54,55,56,4,1,75,49,57,80,Full Stack Developer,1
35,Bachelor's,Computer Science,2.2,0,1,43,32,27,31,44,54,34,65,26,67,27,4,3,54,46,33,92,Frontend Developer,1
21,Bachelor's,Information Technology,0,1,0,44,30,21,25,29,29,30,81,42,55,37,4,3,75,60,44,50,Machine Learning Engineer,1
33,Bachelor's,Information Technology,6.1,1,5,23,16,47,41,19,36,56,54,31,71,24,4,2,46,41,25,54,QA Engineer,0
39,Bachelor's,Other,0.3,3,0,71,90,85,82,80,67,79,34,65,69,77,0,2,54,58,69,50,DevOps Engineer,1
22,Bachelor's,Other,1,4,1,91,82,91,82,71,73,100,73,58,60,88,4,3,92,78,67,79,Machine Learning Engineer,1
25,Master's,Data Science,2.3,2,1,65,43,57,52,31,69,21,66,70,81,78,4,3,68,68,69,75,Software Developer,1
27,PhD,Computer Science,6,0,1,77,85,64,67,48,70,74,84,18,71,65,4,4,77,66,51,46,Machine Learning Engineer,1
36,Bachelor's,Electrical Engineering,5.3,2,3,49,33,41,58,42,18,51,69,71,61,40,6,2,69,54,55,71,Frontend Developer,1
42,Master's,Data Science,1.2,0,1,58,53,58,27,45,38,62,47,70,55,27,5,3,64,43,46,54,Data Analyst,1
37,Bachelor's,Electrical Engineering,0.7,2,0,72,55,68,64,30,57,53,55,45,74,60,5,2,73,55,47,79,Software Developer,1
35,Bachelor's,Other,2.7,0,2,56,57,65,66,41,44,33,44,35,64,63,4,0,69,57,59,49,Machine Learning Engineer,1
34,Bachelor's,Other,2.3,1,2,69,56,67,44,30,36,37,50,67,78,69,0,2,59,60,58,44,Backend Developer,1
22,Bachelor's,Electrical Engineering,0.9,1,0,90,100,98,77,92,85,93,59,73,72,100,0,4,69,71,85,41,DevOps Engineer,1
33,Bachelor's,Electrical Engineering,3.1,1,3,57,75,58,82,62,43,68,57,65,71,46,3,4,71,55,58,29,Data Analyst,1
22,Bachelor's,Information Technology,1.0,0,1,59,53,83,70,61,37,35,72,66,60,75,1,2,63,75,70,34,Cloud Engineer,1
33,Bachelor's,Information Technology,1.8,0,2,59,79,82,66,49,61,66,59,40,50,54,4,0,69,56,53,57,Backend Developer,1
34,Diploma,Computer Science,3.6,0,3,70,70,51,52,47,9,48,100,43,90,43,6,2,95,70,57,79,Software Developer,1
26,PhD,Other,0.4,2,0,46,38,31,27,38,33,35,57,76,71,27,6,4,62,46,39,83,Full Stack Developer,1
40,Diploma,Data Science,0.6,0,0,71,52,55,78,61,57,73,66,63,48,56,4,4,75,63,55,21,QA Engineer,1
36,Bachelor's,Information Technology,6.5,3,5,76,83,39,76,68,41,27,58,51,80,52,2,1,72,52,57,58,Data Analyst,1
22,Bachelor's,Other,1,0,1,75,71,64,78,78,41,56,52,55,67,68,1,1,67,60,66,58,Machine Learning Engineer,1
33,Master's,Electrical Engineering,0.1,0,0,51,31,71,67,50,50,74,65,58,68,50,3,4,72,55,56,38,Cloud Engineer,1
35,Bachelor's,Other,0.8,2,0,28,24,18,5,5,5,6,58,65,95,8,0,3,58,36,34,16,Backend Developer,0
39,Bachelor's,Computer Science,0.5,0,0,100,87,72,78,73,97,87,44,39,85,83,3,1,72,68,76,54,Data Analyst,1
40,Bachelor's,Computer Science,2.6,1,1,52,25,29,51,35,38,49,63,45,73,25,2,3,58,46,45,40,Machine Learning Engineer,1
42,Bachelor's,Information Technology,0.3,0,0,42,43,38,47,53,44,26,69,39,72,47,3,2,66,58,54,15,Machine Learning Engineer,1
37,PhD,Data Science,0.1,0,0,62,54,57,33,33,28,42,53,65,46,53,3,1,58,53,59,27,DevOps Engineer,1
25,Diploma,Other,0.2,0,0,63,78,63,67,68,68,62,60,50,49,55,1,5,69,59,63,47,DevOps Engineer,1
20,Master's,Information Technology,0,0,0,72,45,79,54,71,65,41,62,59,51,77,4,0,71,64,77,66,Data Analyst,1
26,Master's,Data Science,0.4,0,0,73,67,64,81,35,72,73,63,50,57,49,6,5,84,54,61,68,Software Developer,1
30,Bachelor's,Electrical Engineering,1.6,0,2,73,98,91,91,83,80,100,61,80,67,92,8,2,82,69,79,100,Data Analyst,1
27,Diploma,Other,2.0,0,1,74,62,54,57,33,59,66,56,62,62,74,2,3,86,64,67,55,Full Stack Developer,1
31,Bachelor's,Electrical Engineering,2.6,3,1,55,47,48,48,62,86,67,55,43,60,77,6,2,65,66,68,100,Backend Developer,1
31,Bachelor's,Other,2.9,2,1,56,34,40,37,33,44,29,59,46,67,43,3,1,64,56,49,50,DevOps Engineer,1
22,PhD,Data Science,0.8,1,0,32,35,33,33,29,40,31,64,26,70,51,2,2,65,57,53,28,Frontend Developer,1
21,Master's,Electrical Engineering,0,2,0,77,69,68,74,78,51,48,49,84,82,59,3,0,68,55,64,73,Frontend Developer,1
31,Diploma,Other,1.4,3,1,54,54,58,57,39,53,46,73,56,62,47,3,2,72,61,55,80,Backend Developer,0
36,Bachelor's,Electrical Engineering,2.8,1,1,49,40,58,50,63,42,65,51,64,62,44,1,4,48,48,48,24,Frontend Developer,0
21,Bachelor's,Computer Science,0,2,0,82,70,60,56,81,88,100,77,74,69,86,3,2,77,82,70,81,Cloud Engineer,1
34,Master's,Electrical Engineering,3.7,0,2,60,38,61,54,54,72,49,66,52,62,56,5,2,72,61,57,77,Cloud Engineer,1
27,Bachelor's,Data Science,1.6,1,2,44,57,37,54,79,50,51,60,60,56,75,4,1,56,65,76,94,Frontend Developer,1
22,Bachelor's,Other,0.3,2,0,85,58,69,83,80,75,36,59,67,51,80,4,3,66,66,76,58,Backend Developer,1
31,Bachelor's,Electrical Engineering,6.7,1,2,50,37,42,46,81,40,55,71,54,44,31,2,2,63,50,42,80,Machine Learning Engineer,1
32,Bachelor's,Other,1.2,0,1,53,43,61,47,47,45,28,52,51,62,39,3,2,66,43,38,66,QA Engineer,0
29,Master's,Electrical Engineering,7.5,2,3,96,77,98,78,78,86,68,37,50,65,83,5,3,70,61,83,81,DevOps Engineer,1
27,Bachelor's,Information Technology,2.4,0,2,44,44,27,20,46,5,24,59,71,64,19,5,4,76,43,38,71,QA Engineer,1
34,Bachelor's,Computer Science,3.3,1,3,80,56,73,52,63,41,54,32,33,79,72,5,3,77,57,69,67,Backend Developer,1
42,Bachelor's,Information Technology,3.2,2,1,62,52,41,74,63,35,73,79,55,78,41,3,3,70,55,53,75,Frontend Developer,1
32,Bachelor's,Computer Science,0.8,0,0,54,53,22,18,41,5,32,62,48,60,34,3,3,62,52,40,63,Data Analyst,0
21,Diploma,Electrical Engineering,0,3,0,56,60,38,39,48,50,47,72,22,77,45,3,2,70,60,59,51,Frontend Developer,1
26,Bachelor's,Data Science,5,1,1,85,61,59,37,62,89,54,70,95,86,89,3,3,76,73,74,78,Frontend Developer,1
39,Bachelor's,Computer Science,0.3,2,0,54,41,55,47,51,33,49,62,65,74,27,8,2,78,49,35,94,Full Stack Developer,1
39,Bachelor's,Computer Science,1.6,2,2,38,47,31,46,47,16,8,70,82,75,42,6,0,64,57,54,66,Full Stack Developer,0
28,Master's,Other,0.1,3,0,44,47,37,50,39,49,40,80,60,41,36,0,3,64,57,46,5,Backend Developer,1
20,Bachelor's,Information Technology,0,1,0,63,97,86,84,80,90,70,51,57,99,68,4,3,66,57,63,61,Software Developer,1
42,PhD,Computer Science,5.7,1,3,41,32,31,40,33,28,45,27,52,85,31,3,3,47,35,40,50,Backend Developer,0
35,Diploma,Information Technology,2.8,0,2,50,75,38,48,40,22,49,67,49,72,42,0,2,51,60,48,12,Full Stack Developer,0
42,Bachelor's,Computer Science,7.6,3,1,65,84,77,48,59,52,53,52,53,61,79,4,2,68,65,67,63,Data Analyst,1
40,Master's,Information Technology,5.8,4,4,79,74,72,74,54,69,79,43,34,79,73,5,2,89,63,64,94,Backend Developer,1
35,Bachelor's,Computer Science,1.2,0,1,53,48,49,37,51,41,28,49,79,69,64,2,1,62,53,63,31,DevOps Engineer,0
38,Bachelor's,Data Science,1.3,3,1,83,84,81,81,44,78,56,66,53,59,66,5,3,80,66,58,92,DevOps Engineer,1
29,Bachelor's,Other,2.3,1,2,52,66,34,36,25,65,41,37,47,76,33,4,2,57,35,49,38,Backend Developer,0
21,Bachelor's,Computer Science,0,0,0,47,40,56,65,43,35,46,60,64,68,68,2,0,53,65,65,75,Software Developer,1
25,Master's,Information Technology,0.5,1,0,60,74,47,77,63,69,42,59,43,69,81,4,2,68,68,81,61,Machine Learning Engineer,1
27,Diploma,Data Science,1.9,1,2,71,50,66,70,29,52,35,52,59,58,52,2,3,69,54,52,64,Software Developer,1
32,Bachelor's,Electrical Engineering,9.4,0,5,34,37,34,13,40,36,27,69,39,49,27,2,0,60,45,40,29,Data Analyst,0
28,Bachelor's,Other,2.1,0,1,39,43,45,44,35,76,38,52,68,42,38,0,1,40,42,40,31,DevOps Engineer,0
38,Diploma,Electrical Engineering,1.0,2,1,52,40,37,65,57,53,75,77,42,90,71,4,4,78,69,71,65,Frontend Developer,1
40,PhD,Data Science,12.2,1,1,68,48,58,57,68,70,66,79,46,43,41,3,2,82,61,51,53,Full Stack Developer,1
38,Bachelor's,Electrical Engineering,1.2,1,1,62,57,64,45,59,75,49,54,35,72,57,6,4,71,58,57,87,QA Engineer,1
28,Diploma,Other,7,1,3,92,81,53,70,74,61,58,62,52,75,48,3,4,80,56,58,60,Cloud Engineer,1
39,Bachelor's,Data Science,0.7,4,0,36,64,49,26,43,26,27,50,53,100,21,3,3,48,37,32,57,Software Developer,1
42,Bachelor's,Data Science,0.8,0,0,58,51,68,63,57,62,42,53,50,69,74,0,0,52,65,69,40,Software Developer,1
38,Bachelor's,Information Technology,0.9,2,0,77,78,60,70,59,95,40,59,73,40,70,4,1,66,62,74,67,Full Stack Developer,1
32,Bachelor's,Computer Science,11,2,2,69,38,50,36,17,25,18,65,52,53,46,3,3,75,58,44,67,DevOps Engineer,1
33,Diploma,Computer Science,0.3,1,0,90,86,98,66,95,86,82,59,78,90,100,2,1,73,76,81,71,DevOps Engineer,1
34,Diploma,Electrical Engineering,2.4,4,2,73,92,45,44,93,75,63,57,84,41,55,7,2,87,53,61,91,Frontend Developer,1
23,Master's,Information Technology,1.6,0,2,48,42,28,34,16,31,30,71,53,78,25,1,2,72,50,35,57,Software Developer,1
31,Bachelor's,Electrical Engineering,4.0,2,2,64,79,49,47,69,60,64,66,75,82,56,4,4,67,56,68,81,Full Stack Developer,1
40,Bachelor's,Other,9.1,0,4,75,67,51,71,83,58,67,32,64,86,64,7,2,73,51,63,74,Frontend Developer,1
25,Diploma,Electrical Engineering,1.1,3,1,56,52,40,59,57,25,41,68,56,52,50,5,1,76,66,50,46,DevOps Engineer,1
26,Bachelor's,Information Technology,3.3,2,2,57,48,48,34,12,26,45,35,52,58,49,1,1,54,47,62,58,Full Stack Developer,0
21,Bachelor's,Computer Science,0,0,0,45,57,56,30,76,22,44,53,71,76,67,3,1,68,63,68,84,Machine Learning Engineer,1
28,Master's,Electrical Engineering,7,2,3,88,74,90,60,96,83,82,67,64,86,79,3,3,69,64,68,78,QA Engineer,1
25,Master's,Information Technology,0.7,0,0,47,40,54,38,30,45,38,70,52,42,52,1,4,56,58,51,36,Data Analyst,0
22,PhD,Information Technology,0.2,0,0,57,63,42,54,49,79,62,50,60,98,67,3,2,63,55,65,25,DevOps Engineer,1
22,Diploma,Data Science,0.1,3,0,74,63,69,87,53,66,41,70,64,45,65,4,3,72,61,64,85,QA Engineer,1
36,Bachelor's,Other,0.7,1,0,87,76,81,45,64,93,71,37,71,62,61,3,3,66,54,75,53,Software Developer,1
33,Master's,Data Science,0.8,0,0,54,47,54,77,83,45,65,55,53,54,61,1,4,56,59,64,34,Machine Learning Engineer,0
40,Master's,Data Science,2.4,0,2,65,42,35,59,31,44,61,57,46,54,43,2,1,65,55,52,52,Cloud Engineer,1
28,Bachelor's,Data Science,0.8,1,0,91,92,82,97,72,86,92,50,64,75,73,4,3,79,66,65,76,QA Engineer,1
41,PhD,Electrical Engineering,0.7,3,0,93,83,84,78,97,100,89,96,47,41,80,6,4,87,76,69,80,Cloud Engineer,1
22,Diploma,Information Technology,1,2,1,47,66,49,52,66,49,32,79,54,72,60,3,2,60,69,66,77,Cloud Engineer,1
25,Bachelor's,Other,3.2,3,1,75,80,62,77,60,59,37,46,45,66,74,3,3,68,63,66,73,Frontend Developer,1
40,Bachelor's,Other,0.4,0,0,51,57,80,69,79,39,47,79,30,62,67,4,4,80,70,66,49,Cloud Engineer,1
22,Diploma,Electrical Engineering,1,1,1,77,53,60,54,70,58,56,96,57,57,52,3,4,78,69,48,85,Cloud Engineer,1
23,Bachelor's,Information Technology,0.4,0,0,67,68,60,100,51,60,46,65,72,71,54,5,2,77,62,60,71,Software Developer,1
28,Bachelor's,Data Science,6.9,1,4,71,71,66,74,44,70,34,47,50,71,44,6,4,65,45,66,80,Machine Learning Engineer,1
21,Bachelor's,Data Science,0,0,0,46,31,40,9,23,15,26,45,39,77,37,3,1,53,45,34,56,Full Stack Developer,0
29,Bachelor's,Electrical Engineering,3.8,0,1,90,90,76,97,53,82,81,49,41,64,95,8,3,78,65,82,90,Frontend Developer,1
20,Bachelor's,Information Technology,0,1,0,36,50,49,44,46,57,53,68,33,52,52,2,3,52,57,57,48,DevOps Engineer,0
29,Bachelor's,Other,2.0,0,1,42,25,54,22,67,10,14,65,61,56,27,3,1,67,50,40,51,DevOps Engineer,0
42,Bachelor's,Other,0.8,0,0,17,32,33,32,11,68,5,48,65,57,5,3,0,54,31,28,23,Data Analyst,0
28,Bachelor's,Electrical Engineering,7,2,4,64,52,67,42,37,63,59,40,53,45,73,2,5,64,59,65,71,Full Stack Developer,1
28,Diploma,Computer Science,3.8,0,2,99,82,84,62,81,81,71,82,61,67,96,6,3,93,80,83,84,Frontend Developer,1
30,PhD,Data Science,3.3,1,1,81,67,69,64,90,49,57,65,29,62,65,2,2,66,65,60,66,Backend Developer,1
25,Bachelor's,Computer Science,1.1,0,1,69,97,66,62,74,63,57,68,56,65,82,3,2,72,72,69,88,Backend Developer,1
40,Master's,Information Technology,1.6,0,2,61,63,53,35,48,63,56,75,85,74,65,0,2,57,71,48,36,Full Stack Developer,1
24,Bachelor's,Other,1.7,0,1,51,47,46,34,43,88,39,53,49,67,55,5,1,62,51,48,28,Data Analyst,1
24,Diploma,Computer Science,0.8,1,0,50,52,54,39,37,29,42,41,66,71,70,6,4,67,58,73,84,Software Developer,1
37,Bachelor's,Information Technology,4.9,2,2,100,100,93,100,100,100,86,63,59,82,92,4,3,76,70,75,47,Full Stack Developer,1
25,Diploma,Other,0.7,4,0,39,17,40,25,27,18,24,50,54,93,20,3,3,63,38,34,20,Data Analyst,0
31,Bachelor's,Information Technology,3.1,2,2,92,84,82,100,67,64,65,48,54,76,98,3,1,67,71,87,65,DevOps Engineer,1
31,Master's,Information Technology,3.0,1,2,46,83,32,54,56,39,35,97,55,30,58,3,1,73,66,54,66,Backend Developer,1
30,Bachelor's,Information Technology,1.8,0,1,42,55,33,34,36,55,51,59,82,59,48,4,2,54,49,55,64,Cloud Engineer,0
36,Master's,Electrical Engineering,0.4,2,0,79,85,54,64,76,50,43,57,62,55,72,5,2,84,66,62,32,QA Engineer,1
40,Bachelor's,Data Science,1.1,2,1,67,71,75,55,61,72,50,35,60,48,83,4,4,61,55,74,86,DevOps Engineer,1
36,Bachelor's,Data Science,0.2,0,0,76,90,63,53,59,71,70,63,47,60,72,2,0,73,70,78,65,Backend Developer,1
20,Bachelor's,Information Technology,0,1,0,56,50,70,49,57,48,54,41,24,62,69,2,2,51,54,58,67,DevOps Engineer,1
24,Master's,Electrical Engineering,3,1,1,87,86,74,85,59,82,61,65,50,74,81,4,4,74,71,73,74,Cloud Engineer,1
32,Bachelor's,Electrical Engineering,2.5,3,2,60,66,52,52,40,76,58,88,48,61,62,4,1,82,64,67,43,Software Developer,1
27,Bachelor's,Computer Science,0.0,0,0,44,36,66,52,44,35,5,68,50,55,22,4,3,66,46,39,26,Cloud Engineer,1
27,Bachelor's,Data Science,0.2,0,0,47,37,58,35,35,51,30,75,67,76,60,4,1,63,63,67,50,Frontend Developer,1
30,Bachelor's,Other,2.9,1,1,75,77,51,43,47,40,57,86,51,51,46,4,1,84,69,47,92,Full Stack Developer,1
37,Diploma,Electrical Engineering,6.9,0,1,27,30,55,56,42,25,18,69,55,84,18,3,2,60,44,44,53,DevOps Engineer,0
39,Bachelor's,Data Science,3.2,0,2,49,70,46,79,32,14,57,53,26,59,71,4,1,53,63,65,57,Data Analyst,1
34,Diploma,Computer Science,2.4,1,2,60,58,37,38,57,58,60,70,45,85,63,1,2,66,59,62,38,QA Engineer,1
22,Bachelor's,Computer Science,0.6,4,0,64,76,37,69,60,57,64,75,86,75,84,4,1,71,74,65,77,Backend Developer,1
29,Master's,Information Technology,0.7,2,0,27,46,32,31,32,16,32,63,98,76,13,2,1,51,38,33,26,Cloud Engineer,0
41,PhD,Electrical Engineering,1.8,0,1,47,41,42,61,47,46,58,74,42,71,34,2,4,62,50,36,44,Backend Developer,1
29,Diploma,Data Science,4.8,0,2,57,75,45,84,57,67,43,67,46,47,78,2,2,64,70,70,12,QA Engineer,1
37,Bachelor's,Data Science,1.7,2,2,53,60,69,72,80,80,41,44,27,71,76,1,4,52,56,66,51,DevOps Engineer,1
34,Bachelor's,Electrical Engineering,2.5,1,2,69,58,50,50,51,56,71,61,68,56,48,3,3,77,53,49,39,DevOps Engineer,1
21,Diploma,Other,0,1,0,45,57,46,41,65,33,49,56,46,94,59,2,3,55,55,52,39,Frontend Developer,1
38,Bachelor's,Data Science,0.6,0,0,74,69,72,59,65,67,49,38,91,35,63,3,0,57,52,56,58,QA Engineer,1
35,Master's,Information Technology,0.0,3,0,51,49,60,41,60,70,27,82,60,64,66,4,2,75,69,59,47,Machine Learning Engineer,1
21,Bachelor's,Data Science,0,2,0,33,41,54,29,19,5,63,48,40,72,30,1,2,51,38,39,13,Machine Learning Engineer,0
40,Diploma,Electrical Engineering,1.0,1,1,54,34,65,73,52,40,65,51,44,53,75,3,2,64,56,66,94,Cloud Engineer,1
34,Bachelor's,Data Science,3.5,1,1,67,78,72,69,51,41,71,59,33,79,63,3,4,70,55,65,60,QA Engineer,1
30,Diploma,Data Science,0.8,0,0,100,87,100,100,68,91,100,54,36,56,94,5,2,88,73,77,66,QA Engineer,1
38,Bachelor's,Computer Science,3.3,1,3,71,76,71,91,93,54,70,61,67,79,75,4,3,75,63,72,83,QA Engineer,1
36,Bachelor's,Other,3.6,2,2,46,42,19,27,12,34,39,63,18,68,28,4,2,66,47,46,50,Frontend Developer,0
25,Bachelor's,Electrical Engineering,4,0,3,85,64,67,89,73,56,93,64,80,72,73,4,1,81,69,65,81,QA Engineer,1
37,Bachelor's,Data Science,6.9,0,1,49,37,29,38,39,37,36,55,43,56,32,4,1,57,42,47,54,Software Developer,0
32,Bachelor's,Electrical Engineering,0.9,2,0,66,55,76,65,65,42,91,34,68,78,90,4,3,69,66,63,66,Cloud Engineer,1
31,Diploma,Other,3.0,4,1,75,54,45,43,82,44,63,66,53,53,51,2,2,65,65,65,16,Frontend Developer,1
38,Master's,Computer Science,0.3,1,0,85,89,80,93,57,74,97,73,53,63,75,5,5,91,71,68,70,Software Developer,1
39,Master's,Other,1.8,0,1,46,53,61,38,58,36,26,66,62,87,52,3,3,65,56,71,54,Data Analyst,1
24,Master's,Computer Science,2.8,2,2,88,64,65,82,43,62,51,76,60,41,62,0,1,70,72,53,78,DevOps Engineer,1
40,Bachelor's,Computer Science,0.4,1,0,32,28,21,53,54,39,19,62,64,72,25,2,1,58,42,41,46,Data Analyst,0
26,Master's,Information Technology,1.0,0,1,74,66,79,61,58,71,65,56,27,60,89,4,3,70,69,81,70,Full Stack Developer,1
21,Master's,Data Science,0,0,0,61,60,43,76,65,63,47,59,79,76,43,5,3,58,53,41,66,Data Analyst,1
41,Master's,Electrical Engineering,1.0,0,1,59,65,58,78,68,50,81,56,40,65,74,4,3,64,61,72,52,QA Engineer,1
25,Bachelor's,Other,4,0,2,83,74,72,61,65,56,86,57,30,57,55,2,3,74,58,56,69,Machine Learning Engineer,1
32,Diploma,Electrical Engineering,0.5,0,0,83,80,85,76,81,97,65,63,81,74,96,4,1,76,70,85,83,Machine Learning Engineer,1
40,Bachelor's,Other,4.5,3,1,69,59,73,46,58,47,53,57,82,58,43,3,2,59,49,52,78,DevOps Engineer,1
34,Diploma,Data Science,1.1,1,1,69,74,60,70,55,54,51,54,56,37,74,3,1,65,64,69,23,Machine Learning Engineer,1
38,Bachelor's,Electrical Engineering,1.7,0,1,67,60,53,66,53,44,64,64,51,81,69,5,2,77,65,64,77,Cloud Engineer,1
24,Master's,Data Science,3,2,3,87,79,63,50,80,85,91,66,43,67,62,6,3,81,65,60,100,DevOps Engineer,1
29,Bachelor's,Data Science,2.0,1,1,94,71,98,95,93,69,62,40,72,70,92,4,1,73,58,75,53,Full Stack Developer,1
26,Master's,Data Science,1.2,2,1,65,63,66,58,55,70,73,55,43,65,68,5,3,69,58,73,34,Full Stack Developer,1
28,Bachelor's,Electrical Engineering,4.0,1,3,51,34,59,54,60,27,75,62,77,63,49,2,3,71,57,54,10,Backend Developer,1
36,Diploma,Information Technology,0.9,1,0,35,48,42,44,76,63,24,67,41,66,36,3,1,50,53,50,52,Backend Developer,0
38,Bachelor's,Information Technology,0.1,1,0,57,59,42,67,59,51,63,59,48,58,45,4,4,66,50,50,92,Frontend Developer,1
26,Diploma,Data Science,3.3,1,2,56,69,30,59,41,27,59,68,40,89,63,2,4,77,61,64,32,Cloud Engineer,1
20,Bachelor's,Computer Science,0,1,0,80,75,100,100,73,82,75,63,61,57,73,5,4,86,67,71,74,Full Stack Developer,1
21,Bachelor's,Information Technology,0,2,0,41,72,53,36,52,43,60,73,38,74,37,4,2,73,53,49,36,Cloud Engineer,1
29,Bachelor's,Data Science,2.7,1,2,64,79,65,67,83,60,47,50,55,76,59,4,2,68,59,51,54,Frontend Developer,1
32,Bachelor's,Other,0.7,2,0,81,79,82,90,71,77,82,44,56,44,82,6,4,78,59,62,97,Software Developer,1
40,Bachelor's,Information Technology,0.9,1,0,38,30,28,33,34,24,39,74,66,64,47,4,3,66,64,47,83,QA Engineer,1
24,Bachelor's,Computer Science,0.5,4,0,72,74,62,67,99,65,61,46,65,81,65,4,3,64,58,66,75,Data Analyst,1
38,Bachelor's,Data Science,3.8,2,3,66,59,78,93,47,58,36,49,37,55,61,4,1,61,58,53,75,Backend Developer,1
34,Bachelor's,Computer Science,2.1,1,2,57,52,63,61,50,52,37,57,55,49,55,3,2,59,58,58,56,DevOps Engineer,1
41,Bachelor's,Data Science,1.8,4,1,37,49,27,30,67,17,22,56,48,77,49,3,2,64,58,52,60,Frontend Developer,1
25,Bachelor's,Computer Science,2.1,1,1,78,76,52,80,64,64,51,57,78,69,56,4,0,79,61,66,81,Cloud Engineer,1
28,Master's,Electrical Engineering,3.1,1,3,48,40,38,30,32,12,33,93,67,68,12,2,3,59,49,27,68,Backend Developer,1
24,Master's,Other,3,1,1,47,59,54,37,40,35,36,45,93,58,41,2,2,55,46,56,67,Cloud Engineer,1
40,Bachelor's,Information Technology,0.7,1,0,75,52,79,70,54,84,81,87,53,60,66,4,3,83,71,60,55,DevOps Engineer,1
36,Bachelor's,Data Science,1.9,0,1,32,30,11,12,47,15,32,45,51,67,11,3,0,61,27,39,21,QA Engineer,0
27,Master's,Information Technology,3.8,1,2,90,100,70,72,76,73,77,67,19,60,69,6,3,78,68,83,81,Full Stack Developer,1
26,Bachelor's,Computer Science,5,1,4,35,39,25,32,37,28,27,75,62,70,35,4,1,68,54,47,29,Full Stack Developer,1
32,Bachelor's,Computer Science,0.6,2,0,64,62,60,78,91,93,39,62,60,42,67,6,2,74,64,60,58,Full Stack Developer,1
35,Bachelor's,Information Technology,3.7,3,1,57,26,23,34,51,60,19,64,50,62,35,2,1,62,52,46,49,Machine Learning Engineer,1
29,Bachelor's,Other,1.1,1,1,89,73,84,62,58,87,83,65,62,75,74,3,3,78,73,70,41,Machine Learning Engineer,1
42,Master's,Other,0.1,2,0,78,45,68,45,73,55,62,55,54,60,56,4,0,67,58,54,90,Full Stack Developer,1
37,Diploma,Electrical Engineering,0.3,0,0,49,73,47,66,83,67,56,59,34,76,47,1,0,60,58,65,48,Data Analyst,1
39,Bachelor's,Information Technology,4.5,2,1,71,57,82,47,78,50,75,60,55,69,49,2,3,68,57,52,53,Backend Developer,1
24,Bachelor's,Data Science,1.2,1,1,57,52,61,57,65,44,51,56,50,54,58,5,1,71,59,59,89,Frontend Developer,1
25,Master's,Computer Science,4,0,2,48,32,27,43,30,19,42,65,72,87,26,6,3,67,49,29,88,Backend Developer,0
39,Bachelor's,Electrical Engineering,1.5,2,2,42,42,40,52,59,22,55,56,51,95,60,3,3,66,59,68,81,Backend Developer,1
32,Bachelor's,Data Science,1.2,0,1,50,56,54,34,54,45,33,50,70,67,47,3,3,55,48,46,12,Frontend Developer,1
35,Diploma,Computer Science,3.9,0,2,37,45,13,5,18,19,29,61,64,65,5,3,3,56,36,20,17,Data Analyst,0
26,Diploma,Information Technology,1.9,1,1,50,50,60,26,38,54,35,38,63,53,73,1,4,48,54,67,74,Machine Learning Engineer,1
28,Bachelor's,Data Science,0.3,0,0,56,79,53,53,50,65,68,53,66,62,46,2,1,62,53,51,50,Full Stack Developer,1
41,Bachelor's,Data Science,5.3,2,1,71,54,80,56,61,56,68,54,81,70,58,3,4,71,58,55,60,Cloud Engineer,1
27,PhD,Other,0.7,0,0,46,60,44,38,63,51,44,65,62,63,51,4,4,65,51,51,34,Full Stack Developer,1
31,PhD,Data Science,0.2,3,0,37,55,31,15,33,30,43,66,64,72,39,1,1,56,57,48,27,QA Engineer,1
41,Bachelor's,Other,3.0,1,1,51,55,66,74,43,50,62,53,63,67,40,4,0,62,50,51,56,Full Stack Developer,1
32,Bachelor's,Data Science,0.3,0,0,66,45,61,57,40,42,42,31,65,70,59,4,3,66,48,58,51,Software Developer,0
31,Bachelor's,Information Technology,10,1,5,74,48,44,58,23,37,47,57,63,49,42,6,3,83,49,54,62,Full Stack Developer,1
35,Bachelor's,Information Technology,2.9,1,1,24,47,39,7,27,6,30,33,62,58,28,2,2,50,33,39,5,Software Developer,0
24,Bachelor's,Information Technology,3,1,2,69,84,64,86,68,62,65,35,47,68,59,4,3,62,53,54,80,DevOps Engineer,1
22,Bachelor's,Data Science,1,3,1,63,50,51,64,55,17,80,55,74,67,66,2,1,62,62,67,51,Full Stack Developer,1
22,Bachelor's,Information Technology,1,1,1,77,63,77,55,66,49,62,61,32,87,57,4,3,77,58,48,61,DevOps Engineer,1
29,Bachelor's,Data Science,2.7,0,1,49,49,24,34,38,54,45,63,54,58,25,3,1,57,46,28,49,Software Developer,0
28,Bachelor's,Electrical Engineering,0.8,1,0,33,29,46,21,25,17,72,25,47,46,10,4,1,49,24,30,32,Full Stack Developer,0
33,Bachelor's,Information Technology,0.3,0,0,36,42,42,29,42,11,26,68,22,56,59,5,0,75,57,43,76,Full Stack Developer,1
28,Bachelor's,Electrical Engineering,2.4,0,1,58,42,50,44,64,12,38,78,95,61,63,3,3,75,65,62,43,QA Engineer,1
26,Bachelor's,Information Technology,5,1,2,81,63,76,76,68,69,94,71,44,57,72,4,4,86,63,64,70,Machine Learning Engineer,1
21,Bachelor's,Electrical Engineering,0,1,0,36,24,27,22,35,38,41,47,53,78,54,0,1,49,48,57,5,Data Analyst,0
39,Bachelor's,Other,3.4,2,2,90,100,96,80,72,100,86,48,50,51,98,3,4,76,67,78,75,Full Stack Developer,1
35,Diploma,Computer Science,0.2,0,0,54,51,44,48,34,46,28,53,65,75,53,2,2,60,51,68,15,QA Engineer,0
38,Bachelor's,Information Technology,4.4,1,1,63,81,66,86,66,59,60,62,76,64,75,3,2,61,68,62,70,DevOps Engineer,1
35,Master's,Information Technology,4.0,2,2,87,50,82,86,83,41,96,45,47,69,94,5,3,80,63,76,60,Backend Developer,1
33,Diploma,Data Science,2.1,2,1,83,78,86,61,69,69,89,48,86,64,100,6,5,68,70,76,99,DevOps Engineer,1
24,Bachelor's,Electrical Engineering,2.4,1,2,49,33,34,47,36,37,39,64,38,58,49,2,1,58,50,54,65,DevOps Engineer,1
30,Diploma,Electrical Engineering,7.1,2,2,83,59,50,46,37,54,52,53,40,64,56,3,2,82,55,57,80,Software Developer,1
24,Bachelor's,Data Science,0.5,4,0,30,14,22,15,6,5,20,66,70,90,15,2,2,57,42,33,26,QA Engineer,0
36,Bachelor's,Information Technology,0.9,1,0,60,53,48,62,42,45,63,58,26,74,29,2,4,61,44,30,81,QA Engineer,1
30,Bachelor's,Electrical Engineering,1.0,0,1,56,49,75,79,38,76,73,82,45,61,67,4,5,73,70,76,40,Machine Learning Engineer,1
32,Bachelor's,Computer Science,8.1,0,2,61,39,52,41,56,55,42,67,49,61,82,3,1,64,70,71,52,Full Stack Developer,1
25,Bachelor's,Computer Science,1.3,4,1,68,66,79,85,92,90,83,50,78,51,69,6,1,78,60,70,62,Frontend Developer,1
35,Diploma,Information Technology,1.3,4,1,57,64,62,57,57,61,37,60,33,62,41,4,0,58,49,53,58,Frontend Developer,0
38,Bachelor's,Computer Science,0.4,2,0,60,61,59,50,47,31,46,71,44,48,53,2,2,74,62,63,73,Data Analyst,1
21,Bachelor's,Electrical Engineering,0,4,0,53,49,35,22,46,60,79,49,35,56,55,4,4,58,54,53,59,Machine Learning Engineer,1
20,Bachelor's,Information Technology,0,0,0,22,32,20,27,23,28,45,66,26,68,10,4,0,69,44,35,30,Backend Developer,0
25,Bachelor's,Electrical Engineering,3.4,2,1,83,75,87,48,82,71,57,48,41,92,75,7,4,82,66,77,100,Cloud Engineer,1
22,Diploma,Other,0.6,0,0,48,71,47,37,9,40,46,49,77,64,46,2,3,59,49,45,50,DevOps Engineer,0
35,PhD,Information Technology,4.7,0,2,87,92,94,59,97,58,86,30,72,56,64,3,4,71,51,63,75,QA Engineer,1
34,Master's,Computer Science,0.1,2,0,38,60,44,40,40,27,51,65,67,78,58,4,1,54,52,54,49,Full Stack Developer,0
27,Diploma,Information Technology,0.4,3,0,48,52,52,41,76,36,51,46,27,85,65,4,6,65,51,69,47,DevOps Engineer,1
25,Master's,Data Science,4,0,3,100,75,100,68,89,72,95,69,63,91,100,5,4,78,78,88,86,Full Stack Developer,1
41,Bachelor's,Data Science,1.1,0,1,42,53,45,30,41,55,27,75,72,34,29,1,3,62,52,49,15,Machine Learning Engineer,0
37,Bachelor's,Other,9.2,1,3,61,56,65,43,77,77,61,56,52,62,56,5,2,67,55,68,67,Data Analyst,1
37,Bachelor's,Computer Science,8.9,1,1,83,59,64,74,73,46,44,76,42,59,55,4,3,70,63,49,78,Backend Developer,1
31,Bachelor's,Other,0.7,0,0,46,24,18,69,48,25,49,63,61,62,40,3,0,66,52,47,75,Cloud Engineer,0
24,Diploma,Computer Science,3,2,3,64,52,62,57,69,41,30,48,59,98,49,3,3,66,53,52,21,QA Engineer,1
25,Bachelor's,Data Science,0.2,0,0,71,54,53,18,38,91,34,68,48,58,42,3,2,71,56,50,61,Software Developer,1
36,Bachelor's,Electrical Engineering,10.7,1,4,100,100,76,77,72,88,81,67,59,65,89,7,1,95,76,89,100,Machine Learning Engineer,1
20,PhD,Computer Science,0,1,0,50,71,53,82,53,49,37,74,25,82,74,1,2,74,75,69,24,Frontend Developer,1
36,Bachelor's,Other,3.8,0,2,73,50,54,53,58,40,61,51,66,78,60,7,2,73,57,62,84,QA Engineer,1
20,Bachelor's,Other,0,0,0,50,23,32,55,40,17,65,57,39,54,57,1,4,64,54,62,47,Data Analyst,1
41,Bachelor's,Computer Science,4.0,0,2,88,95,96,92,80,80,79,55,60,70,96,6,3,83,75,84,81,Backend Developer,1
20,Bachelor's,Electrical Engineering,0,0,0,77,100,93,93,82,98,69,42,57,49,95,2,4,66,63,79,15,QA Engineer,1
25,Bachelor's,Computer Science,4,0,3,98,69,70,65,90,77,79,42,48,68,80,7,1,76,56,74,79,Backend Developer,1
36,Master's,Electrical Engineering,0.2,1,0,93,63,100,78,69,91,79,65,46,57,93,1,5,74,75,83,42,Cloud Engineer,1
31,Bachelor's,Data Science,7.1,1,5,90,74,74,88,77,73,54,62,55,49,69,4,3,78,64,66,70,Frontend Developer,1
26,Bachelor's,Information Technology,1.4,1,1,94,74,82,79,89,83,91,63,78,82,91,6,3,88,68,80,100,Cloud Engineer,1
24,Master's,Computer Science,1.0,3,1,36,8,26,5,25,5,22,58,50,64,24,4,2,65,48,37,40,Data Analyst,1
36,Bachelor's,Electrical Engineering,0.8,0,0,67,50,59,87,57,67,73,48,33,38,58,4,4,63,56,51,73,Software Developer,1
42,PhD,Other,1.9,0,2,71,47,52,47,52,58,61,55,37,46,50,5,1,73,56,56,97,Full Stack Developer,1
34,Master's,Electrical Engineering,2.3,2,2,78,60,82,82,76,100,65,58,60,50,74,4,3,76,56,61,70,Frontend Developer,1
23,Bachelor's,Electrical Engineering,2,0,2,54,29,48,53,35,10,63,49,57,72,24,2,1,52,39,49,55,Data Analyst,0
23,Bachelor's,Other,1.8,3,2,50,33,43,60,24,42,40,46,67,74,54,1,2,66,52,60,12,Cloud Engineer,1
22,Bachelor's,Other,1,1,1,43,36,41,60,49,46,64,59,72,46,56,2,2,57,56,48,37,DevOps Engineer,1
26,Bachelor's,Electrical Engineering,5,2,4,58,28,57,54,50,60,47,53,64,79,38,6,2,66,46,43,59,QA Engineer,1
33,Master's,Computer Science,8.6,2,3,87,69,46,52,78,35,48,66,90,57,78,7,2,80,73,56,95,QA Engineer,1
25,Bachelor's,Other,1.4,0,1,58,66,76,83,53,59,53,37,59,51,65,5,3,61,53,60,92,QA Engineer,1
25,PhD,Other,2.8,3,1,57,46,64,46,43,62,54,63,33,74,35,6,0,69,53,46,51,Data Analyst,1
36,Bachelor's,Information Technology,6.2,1,3,76,81,78,60,95,70,53,44,57,58,71,4,3,57,57,68,80,Backend Developer,1
37,Master's,Computer Science,1.8,3,1,86,67,65,76,87,36,83,30,28,56,73,4,4,71,55,71,66,Data Analyst,1
36,Master's,Other,0.7,3,0,86,81,80,78,73,82,73,64,83,63,77,8,2,87,67,69,98,Cloud Engineer,1
20,Master's,Electrical Engineering,0,1,0,54,54,35,50,54,53,54,62,42,44,71,5,1,83,60,68,60,Full Stack Developer,1
29,Master's,Electrical Engineering,1.0,0,1,61,74,59,69,66,77,54,66,69,81,74,5,1,71,68,72,97,QA Engineer,1
36,Bachelor's,Electrical Engineering,3.5,4,2,90,70,83,81,80,91,78,82,45,58,74,4,2,80,76,79,60,Software Developer,1
28,Diploma,Other,0.4,4,0,27,39,42,50,43,39,20,31,74,68,40,0,1,39,35,55,19,Machine Learning Engineer,0
41,Bachelor's,Data Science,2.4,2,1,65,54,66,52,60,43,87,45,67,50,66,4,4,67,58,55,58,Backend Developer,1
22,Bachelor's,Data Science,1,2,1,62,61,58,44,56,46,54,50,71,84,61,3,2,75,54,68,55,Frontend Developer,1
36,Diploma,Data Science,3.6,1,1,90,53,63,55,77,66,46,79,43,59,86,5,2,81,75,69,54,Backend Developer,1
42,Master's,Computer Science,1.6,1,1,68,76,61,68,76,73,65,43,71,72,75,5,4,75,61,67,73,DevOps Engineer,1
26,Bachelor's,Information Technology,5,0,1,70,50,67,29,71,31,56,49,60,68,69,2,2,70,59,70,29,Frontend Developer,1
36,Master's,Computer Science,1.8,0,2,86,100,97,97,100,64,100,60,53,64,81,3,2,73,69,66,68,Full Stack Developer,1
36,Master's,Other,4.4,0,1,77,79,83,38,69,90,39,65,55,86,56,6,2,75,60,61,80,Frontend Developer,1
21,Bachelor's,Data Science,0,2,0,59,53,59,66,46,87,54,54,44,62,64,2,1,64,54,54,59,Machine Learning Engineer,1
34,Bachelor's,Electrical Engineering,3.3,2,2,55,85,60,42,59,28,40,57,67,76,80,5,4,73,66,69,56,DevOps Engineer,1
39,Bachelor's,Data Science,2.1,3,2,8,30,25,48,37,29,5,57,49,63,23,1,0,36,39,33,44,QA Engineer,0
25,Bachelor's,Electrical Engineering,0.8,0,0,93,56,93,81,77,92,100,49,62,76,78,6,4,78,62,70,73,Frontend Developer,1
29,Bachelor's,Computer Science,5.0,1,2,57,32,44,54,69,56,40,34,34,71,38,7,1,65,43,58,53,Cloud Engineer,1
28,Bachelor's,Other,0.6,0,0,41,48,31,31,48,16,10,61,46,66,51,3,0,57,59,60,43,Full Stack Developer,0
23,Bachelor's,Data Science,2,2,2,59,19,28,48,51,49,57,42,64,61,62,3,5,65,53,69,47,Machine Learning Engineer,1
25,Diploma,Other,2.1,1,1,87,80,79,58,79,73,58,57,65,66,64,2,4,71,57,73,64,Software Developer,1
33,Diploma,Electrical Engineering,3.1,1,1,25,30,52,25,5,52,16,42,16,58,14,3,1,56,33,42,57,Frontend Developer,0
35,Master's,Other,0.8,0,0,63,77,61,78,81,99,54,74,65,60,77,3,3,62,77,71,62,Cloud Engineer,1
22,PhD,Computer Science,1,1,1,61,60,63,85,68,67,63,62,57,79,55,3,7,63,56,62,59,Frontend Developer,1
26,Bachelor's,Electrical Engineering,0.1,0,0,100,87,91,83,95,73,95,51,33,64,91,8,5,85,69,83,100,QA Engineer,1
20,Bachelor's,Information Technology,0,0,0,66,40,68,72,18,66,36,70,28,63,52,4,2,71,60,46,64,Full Stack Developer,1
41,Bachelor's,Electrical Engineering,1.0,1,1,61,73,55,52,71,86,76,92,53,59,72,8,3,82,77,77,100,Full Stack Developer,1
42,Bachelor's,Computer Science,1.0,2,1,66,46,45,76,36,32,29,49,45,70,49,6,3,65,55,53,80,DevOps Engineer,1
32,Bachelor's,Data Science,1.2,0,1,39,28,38,55,37,19,21,63,31,88,43,2,2,59,58,54,57,Data Analyst,1
29,Diploma,Electrical Engineering,0.1,0,0,25,36,39,33,18,29,24,56,67,71,47,5,4,64,53,47,49,Backend Developer,0
26,PhD,Information Technology,1.0,2,1,79,68,65,79,54,47,73,67,55,81,77,3,3,84,67,58,72,Full Stack Developer,1
27,Diploma,Data Science,4.7,1,3,77,79,66,63,68,65,66,48,52,66,50,3,3,77,56,53,70,Frontend Developer,1
21,Bachelor's,Information Technology,0,2,0,20,37,22,19,59,9,19,60,36,73,14,2,1,56,45,27,51,DevOps Engineer,0
32,Bachelor's,Other,1.2,1,1,43,56,35,50,44,56,52,51,100,70,57,3,4,68,57,64,84,Software Developer,1
26,Bachelor's,Information Technology,1.6,0,1,76,75,63,85,87,68,83,53,43,74,72,5,3,73,56,73,82,Frontend Developer,1
39,Diploma,Data Science,0.4,1,0,51,48,45,36,64,65,99,63,45,49,38,3,3,65,53,50,54,DevOps Engineer,0
26,Master's,Electrical Engineering,2.2,1,1,21,5,18,5,29,5,5,49,76,54,5,3,0,52,33,31,43,DevOps Engineer,0
30,Bachelor's,Other,0.1,1,0,40,52,33,74,56,42,57,66,75,58,79,1,2,53,70,75,25,Frontend Developer,1
35,Bachelor's,Computer Science,0.6,1,0,71,51,62,77,44,79,72,62,57,73,83,5,4,80,75,71,78,Machine Learning Engineer,1
27,Bachelor's,Computer Science,2.0,1,2,85,87,50,54,79,48,91,55,70,55,79,5,4,77,65,71,100,Machine Learning Engineer,1
21,Bachelor's,Electrical Engineering,0,3,0,55,54,53,76,58,92,41,58,48,69,66,5,2,73,61,50,95,Data Analyst,1
34,Bachelor's,Information Technology,0.5,1,0,19,22,28,13,16,37,23,62,51,76,20,5,2,58,41,35,55,Full Stack Developer,1
24,Bachelor's,Data Science,1.3,1,1,52,50,32,46,54,57,37,11,28,67,53,3,4,48,42,59,43,Data Analyst,1
37,Diploma,Electrical Engineering,3.7,2,3,72,35,79,64,42,33,57,40,46,56,54,4,4,68,46,54,60,DevOps Engineer,1
31,Master's,Information Technology,0.0,1,0,96,76,83,86,97,67,74,32,72,56,87,3,2,75,58,72,100,Full Stack Developer,1
32,Bachelor's,Electrical Engineering,6.0,2,3,33,21,26,34,32,26,17,63,60,76,19,1,3,50,47,39,38,Data Analyst,0
36,Bachelor's,Information Technology,1.5,0,1,41,39,17,22,44,49,5,48,53,67,44,4,1,56,49,48,54,Machine Learning Engineer,0
25,Bachelor's,Computer Science,0.9,0,0,67,67,71,42,90,52,36,85,54,70,59,6,1,83,73,66,75,Cloud Engineer,1
36,PhD,Data Science,1.7,1,1,31,59,67,41,35,60,55,69,58,51,58,5,0,67,61,59,93,Frontend Developer,1
25,Diploma,Data Science,4,0,3,71,42,72,70,66,48,82,57,54,51,81,5,3,74,72,76,45,Machine Learning Engineer,1
20,Master's,Electrical Engineering,0,3,0,37,26,52,26,20,22,14,71,51,56,61,5,4,67,67,58,57,Frontend Developer,1
28,Bachelor's,Electrical Engineering,3.4,3,1,55,28,49,31,43,12,42,53,53,57,49,4,3,68,51,50,44,Frontend Developer,1
22,Master's,Computer Science,1,1,1,49,35,43,22,54,44,30,55,43,43,16,3,1,61,44,33,38,Machine Learning Engineer,1
39,Bachelor's,Computer Science,6.5,3,4,55,49,50,48,37,37,5,53,36,47,32,2,2,48,47,46,23,QA Engineer,0
20,PhD,Data Science,0,1,0,45,43,46,68,58,47,45,33,32,60,51,4,3,57,38,58,56,Frontend Developer,1
32,Diploma,Other,5.9,3,4,98,37,58,65,86,84,95,57,35,59,80,3,4,87,72,66,76,Backend Developer,1
40,Bachelor's,Computer Science,0.0,3,0,39,57,43,54,78,44,76,38,57,48,64,3,3,46,47,61,52,Full Stack Developer,0
38,Bachelor's,Electrical Engineering,3.3,1,3,84,64,100,100,86,65,67,72,57,72,86,5,4,88,73,78,85,Frontend Developer,1
35,Master's,Electrical Engineering,0.0,1,0,76,63,80,91,55,26,64,66,62,62,51,3,5,79,62,54,80,Software Developer,1
21,Bachelor's,Data Science,0,4,0,30,24,29,47,9,30,23,62,45,71,27,4,0,52,42,49,37,Backend Developer,0
37,Bachelor's,Other,0.4,1,0,65,50,51,74,48,47,34,59,59,51,47,4,2,72,55,46,73,Cloud Engineer,1
30,PhD,Computer Science,0.0,1,0,62,60,40,63,47,90,63,54,58,73,63,5,3,71,59,63,53,DevOps Engineer,1
37,Diploma,Electrical Engineering,0.3,2,0,52,49,63,46,38,27,39,65,46,73,53,4,3,68,59,54,81,Backend Developer,1
28,Bachelor's,Data Science,0.8,0,0,31,55,29,36,77,47,15,55,37,68,22,3,0,58,45,39,65,Software Developer,0
33,Diploma,Information Technology,7.0,1,4,63,61,49,56,37,31,42,51,45,39,58,4,3,69,51,61,73,DevOps Engineer,1
33,Diploma,Other,3.1,2,3,53,56,26,44,63,49,34,59,68,84,54,3,4,69,61,54,70,Software Developer,1
29,Master's,Other,0.1,0,0,55,43,50,71,58,15,43,46,42,94,54,5,2,63,56,62,76,Machine Learning Engineer,1
31,Bachelor's,Electrical Engineering,7.8,1,5,56,37,53,43,67,27,42,49,59,59,44,3,3,56,51,60,50,Data Analyst,1
25,Bachelor's,Data Science,1.0,0,1,64,67,52,40,56,76,66,70,68,66,50,4,1,66,58,60,65,Machine Learning Engineer,0
26,Bachelor's,Computer Science,1.6,0,2,53,64,45,41,68,44,46,40,99,67,61,4,2,51,58,59,54,Machine Learning Engineer,1
30,Diploma,Electrical Engineering,0.9,4,0,69,58,46,46,61,47,58,40,35,58,61,4,3,62,52,49,38,Data Analyst,1
31,Bachelor's,Information Technology,2.4,2,2,91,89,88,69,100,72,78,53,53,65,80,5,3,79,69,73,88,Data Analyst,1
42,Bachelor's,Computer Science,3.5,0,3,66,72,73,50,68,54,71,56,75,63,75,3,3,69,66,69,65,QA Engineer,1
28,Bachelor's,Other,1.2,3,1,68,70,74,87,85,65,58,55,24,61,77,3,1,60,68,73,65,QA Engineer,1
25,Bachelor's,Data Science,0.2,0,0,44,43,49,34,40,15,62,61,35,59,38,7,1,74,50,48,51,Software Developer,1
26,Bachelor's,Information Technology,5,0,2,74,76,61,48,69,51,68,54,62,76,66,4,1,59,57,73,47,QA Engineer,1
41,Master's,Computer Science,1.2,1,1,67,60,63,59,76,44,80,54,38,100,64,5,2,71,63,58,67,DevOps Engineer,1
42,Bachelor's,Electrical Engineering,2.1,0,2,69,70,67,58,44,61,48,46,41,73,74,5,4,70,53,61,65,Software Developer,1
31,Diploma,Computer Science,3.9,2,2,23,20,20,40,36,21,30,65,11,65,38,5,2,55,53,33,55,Backend Developer,0
21,Bachelor's,Other,0,1,0,45,62,24,46,46,34,14,68,79,66,54,4,2,72,58,54,36,Full Stack Developer,1
31,Master's,Computer Science,1.6,2,1,54,81,56,80,42,67,87,36,72,78,58,2,2,64,40,57,60,Cloud Engineer,1
38,PhD,Computer Science,3.8,1,1,94,69,84,70,80,88,83,90,54,88,83,5,2,89,77,76,76,Data Analyst,1
35,Diploma,Other,3.0,1,3,47,25,56,63,68,63,51,50,38,94,77,3,3,53,61,73,32,Data Analyst,0
35,Master's,Data Science,6.7,2,3,55,53,62,34,58,41,56,69,58,81,43,3,2,75,57,54,79,QA Engineer,1
27,Diploma,Information Technology,6,4,5,100,84,78,100,100,56,100,55,50,52,85,6,2,84,68,85,60,DevOps Engineer,1
38,PhD,Data Science,12.6,1,5,83,60,62,84,73,49,56,43,78,88,59,6,4,72,57,46,80,Backend Developer,1
38,Bachelor's,Other,0.3,1,0,40,48,30,66,46,44,24,42,58,69,36,2,0,45,37,60,56,QA Engineer,0
33,Bachelor's,Computer Science,0.6,1,0,60,76,50,45,43,56,77,47,68,67,59,3,2,53,59,51,51,QA Engineer,1
36,Bachelor's,Other,1.7,0,2,68,62,66,87,46,55,52,72,62,80,44,4,1,76,59,49,63,Data Analyst,1
20,Master's,Other,0,3,0,55,70,54,45,67,56,84,49,50,100,67,5,3,54,61,66,64,Backend Developer,1
22,Master's,Electrical Engineering,1,2,1,70,67,49,65,60,39,57,62,28,74,54,3,2,71,58,58,31,Frontend Developer,1
27,Master's,Other,2.6,0,1,30,53,53,52,57,41,24,61,50,72,24,5,2,58,46,38,43,Machine Learning Engineer,1
32,Bachelor's,Computer Science,4.7,0,1,53,40,50,21,33,45,41,66,43,61,46,1,1,55,60,54,34,QA Engineer,1
38,Bachelor's,Electrical Engineering,6.3,2,3,49,46,60,52,49,45,74,92,70,90,67,4,2,68,77,72,81,Full Stack Developer,1
30,Bachelor's,Other,8.3,0,2,94,61,60,88,50,89,61,51,36,76,75,5,2,77,65,72,56,QA Engineer,1
30,Bachelor's,Data Science,2.4,0,1,58,79,60,76,76,61,56,46,83,54,77,3,2,64,56,71,74,Data Analyst,1
29,Diploma,Information Technology,3.0,2,3,43,63,67,52,27,57,51,60,86,78,37,2,4,62,51,53,46,Cloud Engineer,0
34,Bachelor's,Data Science,0.0,2,0,62,48,22,54,55,67,70,65,52,60,35,4,2,66,50,41,32,Data Analyst,0
36,Bachelor's,Computer Science,2.9,0,2,85,71,79,76,95,73,48,58,34,39,71,3,2,70,60,68,74,Data Analyst,1
30,PhD,Information Technology,8.1,1,5,73,66,75,44,57,57,43,70,68,85,56,6,3,78,61,51,83,Frontend Developer,1
25,Master's,Data Science,4,1,1,78,93,58,85,62,65,57,72,45,51,77,3,3,74,67,65,76,Full Stack Developer,1
36,Diploma,Computer Science,2.2,0,1,53,34,29,56,36,25,43,48,35,42,43,3,3,56,42,42,67,DevOps Engineer,0
24,Bachelor's,Computer Science,3,3,3,79,65,67,65,72,50,80,74,50,70,79,5,5,70,75,68,51,DevOps Engineer,1
32,Bachelor's,Data Science,2.1,2,1,27,21,18,16,34,16,10,69,35,41,5,1,2,43,38,35,26,Backend Developer,0
22,Bachelor's,Computer Science,1,2,1,26,30,5,5,19,42,23,45,73,48,23,4,2,61,37,47,62,Data Analyst,0
23,Bachelor's,Electrical Engineering,1.5,0,2,62,76,71,66,69,94,59,59,63,86,88,1,3,59,72,74,24,Data Analyst,1
30,Bachelor's,Other,1.6,3,1,40,37,50,28,32,38,38,64,54,67,40,0,1,56,57,57,5,Frontend Developer,1
32,Bachelor's,Other,7.6,0,5,78,63,68,41,60,55,71,71,60,61,68,6,1,71,63,66,83,QA Engineer,1
24,Bachelor's,Other,1.5,1,2,24,38,34,15,41,37,49,67,23,58,52,2,2,56,59,58,20,QA Engineer,0
28,Master's,Data Science,2.3,0,1,74,100,80,77,87,59,100,47,38,64,81,0,2,66,61,63,68,Full Stack Developer,1
32,Diploma,Computer Science,0.3,2,0,59,35,60,53,42,38,37,52,30,100,79,3,2,64,65,72,37,Machine Learning Engineer,1
21,Bachelor's,Information Technology,0,2,0,47,59,55,38,30,42,51,77,48,60,49,3,3,66,61,61,62,QA Engineer,1
26,Bachelor's,Computer Science,2.3,0,1,44,32,54,32,21,21,34,73,14,72,30,6,2,59,57,38,90,Full Stack Developer,1
29,PhD,Data Science,1.3,0,1,54,46,68,54,49,53,56,35,37,87,55,2,4,58,50,54,81,Data Analyst,1
25,Bachelor's,Information Technology,2.0,4,1,33,23,41,18,24,28,27,69,54,63,10,4,1,59,47,34,44,QA Engineer,0
26,Bachelor's,Other,3.4,3,2,37,38,38,47,15,42,57,67,59,80,41,5,2,63,54,41,61,Software Developer,1
39,Master's,Other,3.0,0,3,48,39,71,42,52,43,71,63,63,60,35,2,2,56,52,47,46,Frontend Developer,1
40,Bachelor's,Other,4.7,3,4,72,69,68,86,67,67,47,79,49,50,69,2,2,76,73,65,63,Full Stack Developer,1
38,Bachelor's,Data Science,2.2,4,2,68,45,56,61,44,72,43,47,65,59,86,6,4,79,64,84,90,Software Developer,1
32,Master's,Information Technology,2.2,1,1,61,38,58,32,55,53,38,65,25,55,44,3,3,68,58,55,23,Frontend Developer,1
33,Bachelor's,Computer Science,0.6,0,0,49,46,17,56,60,35,58,25,49,85,39,4,2,60,33,46,71,Cloud Engineer,0
23,Diploma,Data Science,0.1,0,0,65,71,84,91,48,49,69,52,67,60,73,4,0,68,62,65,49,Software Developer,0
28,Bachelor's,Electrical Engineering,2.2,2,2,63,67,61,90,54,71,79,76,61,47,62,2,4,66,60,63,52,Frontend Developer,1
27,Bachelor's,Data Science,1.6,4,1,33,24,32,44,23,5,20,58,58,58,5,3,2,64,36,42,5,QA Engineer,0
35,Bachelor's,Other,3.7,4,2,20,10,26,13,15,7,29,85,57,61,8,4,1,70,44,38,48,QA Engineer,0
34,Bachelor's,Data Science,3.5,2,3,42,33,40,60,39,45,48,75,65,52,43,1,2,60,58,51,14,DevOps Engineer,0
42,Master's,Information Technology,1.7,0,1,85,80,91,61,82,76,79,68,65,80,76,2,2,71,70,65,59,DevOps Engineer,1
23,Bachelor's,Information Technology,2,2,2,79,78,89,73,82,92,35,45,61,86,69,3,1,73,54,64,58,Machine Learning Engineer,1
33,Bachelor's,Data Science,1.7,0,1,64,85,68,72,64,81,37,67,67,61,82,5,0,84,68,72,70,Machine Learning Engineer,1
24,Master's,Computer Science,0.8,1,0,80,49,62,54,69,67,54,67,44,66,60,6,2,75,61,55,77,QA Engineer,1
41,Bachelor's,Other,2.4,2,2,68,45,69,88,55,45,51,57,60,38,44,4,4,72,47,51,39,Full Stack Developer,1
25,Bachelor's,Information Technology,4,1,3,30,41,38,19,30,45,21,72,62,56,8,2,1,54,45,29,53,Full Stack Developer,0
25,Bachelor's,Computer Science,0.4,1,0,46,59,46,20,54,32,63,39,67,44,61,2,2,57,53,61,72,Machine Learning Engineer,1
27,Master's,Computer Science,1.0,4,1,67,75,96,76,74,97,97,27,64,55,65,1,3,59,44,65,27,Data Analyst,1
27,Bachelor's,Data Science,2.2,3,1,50,50,39,45,59,18,30,41,70,69,48,4,2,66,48,61,64,Frontend Developer,1
26,Diploma,Other,1.8,3,1,86,75,100,73,78,91,73,49,68,58,78,7,3,87,64,62,82,Data Analyst,1
41,Diploma,Electrical Engineering,4.4,1,1,62,45,38,32,42,60,39,60,55,51,57,3,4,73,57,58,52,Frontend Developer,1
42,Diploma,Computer Science,5.8,2,3,75,57,39,59,51,34,44,76,74,53,81,3,2,82,74,71,69,Backend Developer,1
39,Diploma,Computer Science,0.3,2,0,67,72,74,72,46,63,87,60,67,40,63,3,2,75,61,67,75,Machine Learning Engineer,1
40,Master's,Other,1.0,2,1,49,38,32,31,23,41,34,54,91,62,24,1,0,60,44,39,38,Frontend Developer,0
37,Bachelor's,Data Science,2.1,2,2,68,47,55,52,33,41,44,51,56,57,46,2,2,69,47,58,49,QA Engineer,1
40,Bachelor's,Computer Science,1.1,1,1,37,34,25,43,5,5,6,58,48,100,34,2,2,57,53,50,67,QA Engineer,0
34,Bachelor's,Other,3.1,0,3,38,46,38,46,57,70,59,68,78,48,55,5,2,68,64,65,42,Cloud Engineer,1
36,Diploma,Electrical Engineering,3.1,1,1,92,72,78,73,58,60,95,60,35,60,58,4,4,86,60,51,81,Backend Developer,1
35,Bachelor's,Other,0.4,0,0,58,68,54,100,62,73,56,57,44,54,46,4,3,69,55,51,60,Frontend Developer,1
30,Bachelor's,Data Science,3.3,0,2,75,68,79,74,54,61,36,84,69,65,50,4,0,84,64,61,44,Cloud Engineer,1
29,Master's,Computer Science,5.8,2,2,66,69,62,55,58,42,66,37,71,53,52,7,2,73,51,64,82,Machine Learning Engineer,1
38,PhD,Data Science,1.2,1,1,31,33,11,40,8,27,15,78,32,55,33,3,1,55,58,40,54,Backend Developer,1
37,Diploma,Data Science,5.1,1,1,57,57,70,72,27,29,38,68,60,69,62,3,3,59,59,69,42,Backend Developer,1
21,Bachelor's,Information Technology,0,0,0,61,55,48,46,43,29,21,73,32,61,29,4,1,66,55,38,65,Full Stack Developer,0
42,Master's,Data Science,2.0,2,2,36,21,37,36,38,5,35,53,45,43,38,2,3,54,46,50,24,DevOps Engineer,1
22,Bachelor's,Other,0.2,1,0,33,50,38,28,33,42,46,66,76,79,63,4,3,60,61,52,51,QA Engineer,0
22,Bachelor's,Computer Science,1,0,1,77,70,54,62,50,76,53,69,59,65,59,6,1,68,58,64,69,Frontend Developer,1
29,Bachelor's,Electrical Engineering,2.7,3,1,49,37,64,43,44,5,34,80,28,56,64,6,2,77,68,65,81,Frontend Developer,1
25,Bachelor's,Information Technology,0.4,0,0,46,57,54,41,40,56,54,60,79,52,67,4,3,69,63,50,46,Frontend Developer,1
42,Bachelor's,Electrical Engineering,1.7,0,2,57,54,40,49,48,43,30,78,71,65,34,4,4,69,55,53,46,QA Engineer,1
39,Bachelor's,Information Technology,12.0,1,3,100,92,78,77,54,56,90,52,69,31,80,7,3,80,69,73,92,QA Engineer,1
33,Master's,Computer Science,10.0,0,2,74,45,56,49,69,47,60,79,54,54,52,3,2,77,64,42,48,Cloud Engineer,1
32,Master's,Data Science,0.7,2,0,70,44,73,71,48,71,65,59,60,52,57,6,3,86,63,64,84,Software Developer,1
29,Bachelor's,Computer Science,4.4,2,3,68,66,92,49,57,45,65,86,54,70,62,4,2,70,72,53,57,Machine Learning Engineer,1
27,Bachelor's,Data Science,1.2,0,1,92,60,66,66,71,37,71,65,74,81,69,6,3,77,66,59,50,Cloud Engineer,1
31,Bachelor's,Computer Science,3.8,1,1,87,80,77,56,80,69,74,50,58,100,56,3,2,69,53,50,52,Machine Learning Engineer,1
40,Bachelor's,Information Technology,6.6,2,3,87,100,52,75,70,74,73,87,54,74,58,6,3,87,72,55,78,Data Analyst,1
22,Diploma,Other,0.7,1,0,40,53,54,37,41,50,34,52,78,72,35,5,3,54,47,43,39,Backend Developer,1
38,Bachelor's,Data Science,1.4,1,1,59,53,69,39,56,93,88,46,35,77,72,3,2,54,60,73,16,Full Stack Developer,1
20,Master's,Information Technology,0,2,0,70,69,79,76,81,12,82,66,57,62,65,3,4,71,56,66,60,Full Stack Developer,1
36,Master's,Other,3.9,0,2,58,19,31,29,26,36,40,69,68,39,48,1,1,64,57,54,50,Machine Learning Engineer,1
28,Bachelor's,Electrical Engineering,1.4,3,1,73,85,65,66,68,91,39,63,42,31,79,4,4,79,69,76,88,Cloud Engineer,1
30,Bachelor's,Other,4.3,0,3,80,55,62,64,58,85,80,67,48,51,66,2,3,79,64,64,77,Cloud Engineer,1
33,Master's,Electrical Engineering,4.9,3,1,56,76,68,62,50,80,44,36,63,63,68,6,2,63,57,61,63,Machine Learning Engineer,1
30,Bachelor's,Information Technology,1.0,2,1,56,53,54,45,63,43,18,72,100,89,44,5,1,81,61,48,39,Cloud Engineer,0
21,Bachelor's,Data Science,0,2,0,51,58,69,62,70,40,52,59,76,79,71,4,4,70,64,56,61,Machine Learning Engineer,1
28,Master's,Electrical Engineering,4.6,0,3,79,66,82,81,56,61,52,93,51,59,65,6,3,85,76,67,87,Machine Learning Engineer,1
25,Bachelor's,Electrical Engineering,4,1,3,56,58,70,46,66,65,43,62,44,69,61,2,1,62,65,71,65,Cloud Engineer,1
36,Bachelor's,Computer Science,5.6,0,3,69,56,48,51,54,39,48,64,70,40,44,3,0,70,54,51,55,Cloud Engineer,1
25,Bachelor's,Data Science,0.6,2,0,49,74,45,59,65,42,26,94,36,64,36,4,2,65,61,38,37,DevOps Engineer,1
36,Bachelor's,Computer Science,1.3,0,1,62,73,50,49,79,59,66,79,29,70,60,3,1,72,64,57,49,QA Engineer,1
42,Bachelor's,Computer Science,3.3,0,1,68,53,45,49,62,57,83,51,65,84,44,2,3,68,49,53,38,Cloud Engineer,1
39,Master's,Data Science,0.6,1,0,30,38,23,34,24,29,19,78,56,39,25,0,6,53,55,51,14,QA Engineer,0
25,Bachelor's,Other,4,2,1,68,70,46,61,64,56,58,48,72,58,48,2,6,54,50,53,65,Data Analyst,1
38,Diploma,Data Science,8.3,0,2,63,40,59,54,61,50,36,100,31,87,69,5,2,85,77,68,71,Backend Developer,1
24,PhD,Computer Science,3,4,3,55,37,54,33,29,41,35,75,95,60,47,7,3,88,59,64,70,QA Engineer,1
27,PhD,Electrical Engineering,6,3,2,73,71,67,66,59,53,44,33,26,55,58,2,2,62,47,47,32,Cloud Engineer,1
35,Bachelor's,Other,4.6,3,1,29,34,36,13,26,5,19,45,47,57,34,3,1,60,48,47,31,Frontend Developer,0
38,Bachelor's,Electrical Engineering,4.0,0,3,61,74,63,52,59,56,40,56,60,63,73,3,2,67,67,77,47,Cloud Engineer,1
35,PhD,Electrical Engineering,4.5,1,4,70,71,57,70,64,73,77,60,22,83,54,9,2,85,59,59,100,Backend Developer,1
27,Bachelor's,Electrical Engineering,1.0,3,1,95,99,83,85,100,100,90,61,67,75,82,4,3,82,68,60,80,QA Engineer,1
35,Bachelor's,Other,6.8,2,4,77,59,46,56,59,72,71,36,43,79,85,3,2,65,56,72,27,Cloud Engineer,1
26,Master's,Data Science,5,1,3,94,69,59,49,59,67,93,56,28,78,78,5,3,78,63,65,92,Data Analyst,1
23,Diploma,Other,0.0,1,0,41,41,22,30,13,65,36,84,47,60,55,3,3,63,70,54,50,DevOps Engineer,0
38,Bachelor's,Data Science,5.9,0,2,89,73,89,72,52,55,66,90,68,56,92,7,3,94,86,84,94,DevOps Engineer,1
29,Bachelor's,Computer Science,3.9,0,3,74,50,70,69,69,56,71,100,77,47,72,2,4,83,77,68,73,Cloud Engineer,1
22,Bachelor's,Other,0.0,2,0,65,67,47,61,39,46,49,61,53,44,52,2,2,67,57,51,37,Full Stack Developer,1
25,Diploma,Data Science,1.8,0,2,92,100,96,100,80,68,91,54,53,42,86,7,3,78,67,67,99,Software Developer,1
23,Master's,Computer Science,1.3,3,1,67,88,63,52,81,78,44,77,54,65,61,3,4,79,63,58,71,QA Engineer,1
42,Bachelor's,Computer Science,13.6,1,3,49,17,16,44,34,20,12,41,58,68,25,2,3,62,41,40,40,Cloud Engineer,1
25,Bachelor's,Computer Science,0.5,1,0,44,38,39,38,44,47,28,43,54,62,61,1,2,48,49,66,35,QA Engineer,0
33,Master's,Other,1.1,1,1,70,55,55,59,48,56,49,64,38,47,51,5,3,76,60,52,74,Software Developer,1
27,Bachelor's,Computer Science,0.5,1,0,65,61,78,78,97,48,49,62,89,53,57,1,3,66,61,61,54,Frontend Developer,1
41,Master's,Computer Science,4.5,1,2,86,66,65,77,71,65,72,43,44,83,80,3,3,79,62,70,58,Software Developer,1
30,Diploma,Information Technology,0.1,2,0,33,31,55,25,6,31,5,99,62,79,44,3,1,66,73,51,65,Machine Learning Engineer,1
27,Bachelor's,Computer Science,1.9,3,1,58,48,67,5,48,47,31,56,58,59,56,5,2,69,63,61,70,Data Analyst,1
33,Bachelor's,Other,3.9,1,2,66,84,56,37,61,52,49,83,56,47,80,4,3,84,78,80,75,Software Developer,1
21,Bachelor's,Other,0,3,0,52,41,49,36,54,75,51,50,68,89,36,5,2,73,48,34,91,Machine Learning Engineer,1
21,Master's,Data Science,0,1,0,75,80,88,81,60,54,78,60,24,71,92,3,5,78,72,78,46,Full Stack Developer,1
42,Bachelor's,Other,1.8,1,2,80,57,72,52,79,58,64,51,61,70,53,6,2,76,51,59,70,Frontend Developer,1
39,Master's,Information Technology,3.0,3,2,78,86,80,77,69,93,99,55,77,82,87,4,4,75,75,74,57,Backend Developer,1
34,Bachelor's,Other,0.2,3,0,39,52,42,51,44,68,52,68,52,60,57,3,2,55,57,66,38,DevOps Engineer,1
28,Diploma,Computer Science,1.5,1,2,68,67,69,59,58,73,72,75,57,46,72,6,3,85,77,68,65,QA Engineer,1
28,Bachelor's,Information Technology,4.9,1,1,82,70,81,75,77,95,57,62,60,61,71,6,4,84,65,74,82,Full Stack Developer,1
25,Bachelor's,Data Science,0.7,0,0,48,39,37,55,69,48,71,83,54,62,29,3,3,74,55,43,59,Data Analyst,1
24,Master's,Information Technology,3,2,1,70,40,70,71,46,41,52,37,56,84,79,2,3,63,58,73,52,QA Engineer,1
33,Master's,Other,1.2,2,1,41,40,50,37,39,33,72,62,51,61,35,3,4,60,44,48,73,Data Analyst,1
42,Bachelor's,Electrical Engineering,4.2,1,1,46,25,37,42,29,20,37,66,56,63,34,5,2,72,53,37,55,Machine Learning Engineer,0
35,Bachelor's,Computer Science,9.0,0,4,63,37,34,30,38,44,21,59,69,63,36,3,0,66,44,46,35,Cloud Engineer,1
30,Master's,Other,1.9,0,1,31,33,36,10,36,5,19,54,67,59,34,4,2,54,46,38,33,Frontend Developer,1
34,Bachelor's,Other,1.5,4,1,63,76,82,76,93,71,76,56,51,69,81,5,1,70,68,77,91,DevOps Engineer,1
23,Bachelor's,Electrical Engineering,2,1,2,65,68,77,50,48,44,52,64,72,52,61,2,3,65,62,65,25,Machine Learning Engineer,1
34,Bachelor's,Electrical Engineering,1.6,3,1,85,84,81,75,83,71,60,53,80,53,95,2,3,78,73,87,46,Backend Developer,1
20,Master's,Computer Science,0,4,0,61,56,55,47,71,64,47,44,41,56,62,2,2,57,54,60,67,Full Stack Developer,1
30,Master's,Electrical Engineering,8.7,1,5,67,59,40,55,50,80,55,77,47,66,80,6,0,75,74,77,60,Cloud Engineer,1
38,Bachelor's,Computer Science,1.4,3,1,64,44,40,34,83,34,5,53,57,79,54,4,1,62,53,51,77,Software Developer,1
40,Bachelor's,Data Science,2.6,1,2,83,82,62,66,83,75,85,57,73,70,68,5,3,69,61,68,61,Full Stack Developer,1
23,Diploma,Information Technology,0.2,1,0,56,60,55,45,59,54,32,56,55,61,46,6,0,68,53,46,87,Data Analyst,1
27,Bachelor's,Other,1.0,1,1,77,61,63,47,88,53,97,76,69,71,78,4,3,84,74,73,100,Machine Learning Engineer,1
20,Bachelor's,Information Technology,0,2,0,22,17,14,5,12,40,5,52,55,82,11,4,1,51,36,32,33,Cloud Engineer,0
37,Bachelor's,Information Technology,6.6,1,2,37,62,37,35,16,64,27,53,73,86,45,4,3,56,47,52,52,DevOps Engineer,1
29,Diploma,Information Technology,3.9,0,2,90,71,78,55,48,85,61,56,67,87,61,5,4,82,53,57,49,Backend Developer,1
38,Bachelor's,Information Technology,3.5,3,2,77,72,30,34,46,68,47,66,51,56,74,4,0,71,67,67,97,Data Analyst,1
25,Bachelor's,Computer Science,2.7,1,2,73,74,56,67,94,98,100,74,45,66,78,3,3,76,80,71,71,Data Analyst,1
42,Bachelor's,Data Science,1.7,1,1,64,75,64,59,84,24,51,66,66,54,53,5,2,68,64,50,87,Frontend Developer,1
35,Diploma,Other,0.3,1,0,74,83,93,92,99,81,64,70,65,58,80,4,1,76,74,76,71,Full Stack Developer,1
20,Diploma,Computer Science,0,1,0,90,78,95,76,83,82,39,77,71,62,54,7,4,89,62,51,100,Frontend Developer,1
39,Bachelor's,Other,2.8,1,2,55,70,55,36,80,58,62,69,73,53,88,7,4,83,79,74,100,QA Engineer,1
20,Master's,Data Science,0,0,0,66,70,38,39,56,42,48,53,53,60,58,7,3,74,55,62,92,Full Stack Developer,1
32,Master's,Other,7.0,4,1,59,37,5,10,72,8,47,64,26,87,24,3,2,61,43,46,43,QA Engineer,1
20,Bachelor's,Computer Science,0,0,0,55,63,51,25,24,46,34,93,63,82,62,8,1,82,78,54,94,Full Stack Developer,1
36,Diploma,Information Technology,2.2,2,1,67,44,60,50,39,40,33,66,56,55,31,1,2,70,47,52,35,Software Developer,0
40,Bachelor's,Computer Science,0.3,0,0,87,49,75,50,70,48,57,60,76,57,60,2,1,63,61,55,80,Software Developer,1
27,Bachelor's,Data Science,0.3,0,0,77,81,44,59,59,72,52,60,43,54,66,6,1,81,66,78,81,Machine Learning Engineer,1
24,Diploma,Data Science,3,1,2,62,24,43,48,70,33,83,46,54,36,51,5,3,65,55,59,37,Data Analyst,1
42,Bachelor's,Information Technology,1.4,2,1,62,56,72,57,68,52,56,87,61,70,55,3,2,67,66,54,52,Backend Developer,1
27,Bachelor's,Information Technology,3.2,3,2,60,81,52,49,51,77,60,70,67,66,54,6,2,75,59,60,62,Full Stack Developer,1
33,Diploma,Information Technology,0.0,2,0,75,77,84,88,78,90,71,41,53,76,100,6,3,67,69,73,100,Machine Learning Engineer,1
32,Bachelor's,Other,3.1,2,2,76,71,37,70,38,15,53,53,47,99,64,2,1,63,59,55,43,Machine Learning Engineer,1
33,Bachelor's,Computer Science,2.4,3,2,52,56,38,43,67,45,5,47,51,62,59,2,2,60,50,61,45,Backend Developer,1
32,PhD,Other,2.0,1,1,74,76,68,98,81,68,65,49,62,59,60,2,5,65,56,57,58,Frontend Developer,1
37,Master's,Information Technology,0.6,0,0,70,71,88,45,64,61,58,88,74,81,42,5,4,78,69,45,58,Software Developer,1
25,Bachelor's,Computer Science,1.9,1,1,58,67,47,56,38,62,50,99,69,80,59,3,4,71,74,60,48,Cloud Engineer,1
32,Master's,Electrical Engineering,1.1,3,1,72,63,58,47,62,15,60,60,36,68,55,3,2,72,57,54,49,Software Developer,1
27,Diploma,Information Technology,3.2,1,3,90,48,100,61,65,55,77,58,67,100,89,5,4,81,67,80,92,Machine Learning Engineer,1
37,Master's,Electrical Engineering,0.1,0,0,85,100,85,81,81,68,95,60,61,49,76,5,4,74,63,66,60,QA Engineer,1
37,Bachelor's,Information Technology,1.6,2,1,72,58,49,87,67,52,77,47,95,64,78,4,2,65,65,72,62,Backend Developer,1
22,Master's,Other,1,1,1,100,90,78,88,96,85,62,59,66,75,100,5,3,80,78,77,93,Full Stack Developer,1
30,Bachelor's,Data Science,6.0,1,4,97,100,91,91,67,90,88,67,36,41,96,5,5,86,69,77,91,Frontend Developer,1
21,Bachelor's,Information Technology,0,0,0,67,66,48,54,60,39,58,50,64,90,53,4,1,68,54,50,54,Backend Developer,0
42,Diploma,Data Science,1.6,2,2,68,69,57,75,77,75,72,72,50,62,70,3,3,63,64,66,75,Cloud Engineer,1
28,Bachelor's,Data Science,0.6,0,0,66,28,50,62,88,59,53,61,52,61,72,4,3,69,65,75,69,DevOps Engineer,1
24,Diploma,Information Technology,2.7,1,2,96,76,90,77,56,74,69,79,60,78,61,2,1,89,67,58,65,Frontend Developer,1
38,Bachelor's,Other,0.8,0,0,17,36,28,22,25,34,23,70,74,69,34,5,1,62,55,51,49,Backend Developer,1
40,Master's,Other,3.7,2,2,38,18,47,42,64,11,59,62,50,74,31,5,2,71,51,40,62,Cloud Engineer,1
24,Bachelor's,Electrical Engineering,3,2,3,71,81,75,64,67,82,60,50,62,64,70,5,2,72,58,60,62,Cloud Engineer,1
39,Master's,Information Technology,3.9,1,1,58,49,53,62,71,45,38,59,64,58,54,5,2,64,54,63,62,Data Analyst,1
24,Bachelor's,Computer Science,0.2,3,0,38,17,14,5,41,27,64,64,53,77,43,1,3,47,56,46,39,QA Engineer,0
30,Diploma,Electrical Engineering,0.9,0,0,52,32,40,41,41,63,54,87,34,64,37,3,5,67,60,42,75,Frontend Developer,1
28,Bachelor's,Computer Science,1.5,3,2,59,79,78,74,71,79,40,79,86,68,62,1,1,64,70,67,30,QA Engineer,1
30,Bachelor's,Information Technology,1.9,1,1,64,73,36,76,98,58,51,42,48,46,64,3,1,62,50,57,46,Cloud Engineer,1
39,Bachelor's,Computer Science,3.4,0,1,88,73,75,90,66,100,71,23,49,83,89,5,3,66,60,66,86,Software Developer,1
22,Bachelor's,Data Science,0.5,3,0,64,74,55,55,78,92,65,72,52,79,90,3,1,77,80,72,67,Full Stack Developer,1
34,Master's,Data Science,0.8,0,0,79,74,83,76,60,71,45,64,37,72,79,4,1,72,70,74,54,DevOps Engineer,1
31,Diploma,Computer Science,9.4,1,2,100,84,100,80,60,91,86,72,67,61,82,4,4,86,70,67,56,Backend Developer,1
35,Diploma,Data Science,2.4,0,2,31,19,52,36,58,48,59,51,66,70,16,4,4,57,37,45,56,Cloud Engineer,0
38,Bachelor's,Other,6.7,2,2,100,100,100,87,100,89,100,85,55,77,93,5,3,90,85,76,100,Data Analyst,1
28,Master's,Information Technology,2.8,3,1,67,55,54,47,25,57,35,56,46,64,58,4,0,62,54,57,37,Backend Developer,1
24,Bachelor's,Information Technology,2.7,1,2,42,28,55,56,62,18,45,79,43,33,19,3,2,64,51,27,65,Software Developer,0
25,Bachelor's,Electrical Engineering,2.2,3,2,100,55,73,76,80,79,59,59,45,50,69,3,4,83,62,66,80,QA Engineer,1
31,Bachelor's,Information Technology,7.7,0,4,82,51,52,51,50,64,73,28,28,86,44,5,2,69,42,37,87,Full Stack Developer,1
23,Diploma,Electrical Engineering,2,1,2,48,70,60,62,45,39,36,59,46,64,48,0,0,61,54,59,5,Software Developer,0
32,Bachelor's,Information Technology,5.3,2,2,93,69,64,38,76,50,44,39,64,41,74,6,3,77,58,59,78,Cloud Engineer,1
23,Master's,Other,2,1,2,45,31,51,43,37,40,29,53,42,60,43,3,2,61,50,52,30,DevOps Engineer,0
22,Master's,Computer Science,1,0,1,29,13,36,36,30,33,14,56,60,58,14,3,3,57,40,32,38,QA Engineer,0
40,Diploma,Electrical Engineering,0.3,0,0,55,66,72,69,92,84,63,27,58,59,58,5,1,63,41,71,40,Cloud Engineer,0
24,Bachelor's,Other,3,1,1,45,42,51,47,25,50,50,67,87,78,70,5,2,67,66,56,51,Frontend Developer,1
35,Bachelor's,Other,1.1,2,1,24,30,53,13,52,54,61,79,7,76,60,3,1,63,68,63,50,Cloud Engineer,1
39,PhD,Electrical Engineering,3.2,0,1,42,18,25,56,28,39,14,63,49,49,53,3,1,74,59,65,33,Frontend Developer,1
21,Master's,Information Technology,0,1,0,58,49,29,71,53,58,53,45,53,91,63,1,1,59,52,66,41,Data Analyst,1
24,Bachelor's,Data Science,1.6,4,2,73,94,64,63,74,76,88,38,67,60,89,5,0,67,64,70,99,Data Analyst,1
36,Bachelor's,Computer Science,1.9,2,1,55,54,43,57,55,37,53,50,66,49,43,3,3,54,48,53,39,DevOps Engineer,1
40,Bachelor's,Electrical Engineering,1.3,3,1,24,35,25,48,29,31,25,41,43,90,23,2,2,49,34,45,95,Data Analyst,0
42,Bachelor's,Information Technology,8.1,1,1,44,9,35,5,19,21,25,50,85,83,7,5,2,54,33,32,43,Backend Developer,0
42,Bachelor's,Data Science,8.4,1,5,43,27,64,32,29,6,37,82,29,59,5,4,2,71,43,27,68,QA Engineer,1
29,Bachelor's,Data Science,7.5,2,5,87,61,76,47,60,52,38,64,44,63,50,3,2,70,58,61,52,Frontend Developer,1
22,Bachelor's,Data Science,0.5,2,0,28,19,44,51,42,37,5,72,60,64,12,2,0,61,46,20,37,Full Stack Developer,0
24,Diploma,Computer Science,2.1,1,2,58,51,61,51,60,59,39,67,30,34,62,0,3,60,62,74,48,Frontend Developer,1
35,Master's,Other,1.5,2,1,74,64,65,64,63,77,96,32,53,30,82,2,0,71,60,68,62,Software Developer,1
23,Bachelor's,Other,0.4,0,0,53,46,50,38,40,56,37,79,54,97,24,2,1,63,58,41,63,Cloud Engineer,1
21,Diploma,Data Science,0,1,0,43,33,40,31,25,15,39,56,59,67,55,0,3,60,54,55,36,Data Analyst,0
33,Bachelor's,Computer Science,0.3,1,0,59,43,60,72,42,61,61,76,56,52,50,3,3,69,59,51,36,Software Developer,1
30,Bachelor's,Data Science,1.4,4,1,52,79,77,49,77,66,52,75,34,84,79,2,3,66,70,67,58,DevOps Engineer,1
39,Bachelor's,Information Technology,2.8,4,2,50,15,46,32,21,37,35,53,64,39,32,3,2,64,45,36,53,Backend Developer,0
37,Bachelor's,Electrical Engineering,3.0,3,2,50,43,52,33,37,30,12,33,42,55,40,4,3,56,45,56,16,Data Analyst,1
28,Bachelor's,Electrical Engineering,0.6,0,0,54,38,31,70,22,80,58,62,66,88,47,6,0,71,59,50,70,Frontend Developer,1
30,Master's,Information Technology,0.7,1,0,87,96,100,83,100,81,92,59,69,70,85,5,4,82,72,73,82,Cloud Engineer,1
27,Diploma,Electrical Engineering,5.1,0,3,64,64,67,35,44,31,66,71,54,62,47,2,2,71,58,54,44,QA Engineer,1
31,Bachelor's,Electrical Engineering,3.5,1,2,80,52,64,64,62,28,36,50,66,44,69,3,1,67,53,68,49,Data Analyst,1
27,Bachelor's,Other,0.3,2,0,45,52,35,34,50,36,37,69,24,54,49,2,3,61,58,38,79,Cloud Engineer,1
36,PhD,Computer Science,4.3,0,1,90,77,79,76,69,47,77,66,53,75,61,5,2,87,64,66,43,Backend Developer,1
35,PhD,Computer Science,0.2,1,0,60,70,67,42,69,43,36,82,16,46,37,3,3,73,54,45,15,DevOps Engineer,1
28,Bachelor's,Other,3.4,3,1,75,55,65,71,91,94,58,43,52,90,81,3,2,62,62,73,58,Full Stack Developer,1
40,Bachelor's,Information Technology,0.3,4,0,68,48,58,42,57,31,20,82,32,68,61,4,3,70,63,57,57,QA Engineer,1
30,Bachelor's,Information Technology,0.6,1,0,44,37,62,57,52,73,58,70,50,85,55,3,2,68,60,61,33,Backend Developer,1
38,Bachelor's,Data Science,2.5,2,1,32,20,38,6,45,7,14,40,38,84,34,3,1,57,37,46,35,DevOps Engineer,0
25,Bachelor's,Electrical Engineering,0.3,2,0,67,75,53,34,58,69,42,53,41,51,46,3,3,66,49,61,52,QA Engineer,1
21,Master's,Other,0,0,0,32,10,39,25,49,56,37,79,34,68,33,4,1,58,63,54,67,Cloud Engineer,0
32,Bachelor's,Information Technology,0.5,3,0,20,44,22,26,24,11,5,87,26,54,41,2,0,56,61,49,17,Full Stack Developer,1
33,Bachelor's,Electrical Engineering,0.6,1,0,81,64,75,82,83,55,51,30,65,82,85,4,2,66,57,73,66,DevOps Engineer,1
36,Diploma,Data Science,0.5,0,0,80,99,94,73,96,67,57,59,42,66,93,4,1,78,71,74,90,Cloud Engineer,1
35,Bachelor's,Electrical Engineering,6.3,2,4,68,79,70,83,52,44,53,60,71,63,69,6,6,72,63,69,98,DevOps Engineer,1
34,Bachelor's,Electrical Engineering,7.8,3,2,97,100,86,79,88,98,100,39,34,72,81,7,3,86,60,80,87,Backend Developer,1
36,Bachelor's,Information Technology,7.3,1,1,94,75,98,80,74,92,42,55,62,54,96,4,2,84,79,80,80,Backend Developer,1
26,Master's,Information Technology,0.1,1,0,91,86,100,100,55,90,95,57,61,60,74,2,2,74,63,69,52,DevOps Engineer,1
36,Bachelor's,Data Science,5.0,1,4,80,69,91,63,71,49,84,57,48,88,72,3,4,77,60,63,100,Full Stack Developer,1
36,Bachelor's,Data Science,2.1,2,2,65,50,36,42,54,71,43,63,67,66,62,2,1,69,64,60,53,Frontend Developer,1
34,Bachelor's,Other,2.3,2,1,42,34,66,73,37,32,37,64,51,62,31,3,2,63,49,53,35,Data Analyst,0
27,Diploma,Electrical Engineering,6,1,2,71,61,36,72,54,38,74,42,44,60,57,0,3,58,49,59,55,Backend Developer,1
40,Master's,Computer Science,0.0,1,0,70,94,61,84,97,76,65,61,81,74,74,1,3,66,69,72,30,Machine Learning Engineer,1
28,Bachelor's,Data Science,4.3,1,1,83,74,71,61,88,87,89,40,85,62,100,5,2,68,66,79,80,DevOps Engineer,1
22,Bachelor's,Data Science,1.0,0,1,96,100,75,100,100,76,99,24,58,75,100,3,3,70,63,82,74,Full Stack Developer,1
41,Bachelor's,Computer Science,3.1,2,3,86,84,78,87,61,85,59,84,46,66,69,1,0,84,74,67,50,QA Engineer,1
20,Master's,Computer Science,0,0,0,49,56,68,56,58,48,42,67,58,63,69,0,5,56,69,66,52,Software Developer,1
36,Master's,Information Technology,3.2,1,3,63,67,51,64,25,55,29,49,33,85,61,3,2,58,60,68,46,Full Stack Developer,1
22,Master's,Data Science,1,0,1,70,56,57,56,40,58,75,35,73,62,56,4,1,71,50,63,96,Backend Developer,1
21,Diploma,Computer Science,0,2,0,43,38,21,31,12,46,53,44,52,66,40,6,4,67,44,32,61,Software Developer,0
27,Bachelor's,Electrical Engineering,1.3,1,1,78,71,77,71,86,58,65,61,64,64,88,3,3,66,70,73,80,Data Analyst,1
39,Bachelor's,Electrical Engineering,0.6,4,0,58,61,61,64,64,36,52,67,63,61,50,4,3,71,54,53,31,Full Stack Developer,1
42,Diploma,Information Technology,2.8,0,2,19,33,9,41,11,5,27,70,35,74,41,0,1,50,55,39,14,Machine Learning Engineer,0
28,Master's,Information Technology,0.1,0,0,64,70,85,64,66,60,73,81,91,56,63,3,2,69,65,59,100,Frontend Developer,1
42,Master's,Information Technology,3.4,0,1,100,93,84,67,99,93,82,83,33,61,77,3,4,79,75,78,76,DevOps Engineer,1
42,Bachelor's,Computer Science,4.0,0,3,70,74,69,64,74,55,60,51,60,67,72,4,2,67,60,67,28,Cloud Engineer,1
32,Bachelor's,Information Technology,0.6,4,0,100,81,100,95,70,83,66,60,58,72,89,2,1,75,74,71,89,DevOps Engineer,1
30,Diploma,Information Technology,7.7,1,5,100,80,87,60,72,82,73,49,30,67,86,8,3,92,68,71,100,Software Developer,1
31,Bachelor's,Information Technology,2.7,0,2,83,68,94,83,84,61,63,60,49,52,77,6,2,86,65,62,77,Data Analyst,1
41,Master's,Information Technology,3.5,3,2,60,48,51,69,81,78,74,64,28,64,79,2,1,64,69,80,56,Data Analyst,1
26,Bachelor's,Information Technology,4.8,1,4,67,41,63,57,46,44,55,42,18,65,33,4,0,65,48,43,40,Full Stack Developer,1
34,Bachelor's,Data Science,3.3,1,3,90,77,53,63,78,46,41,56,38,58,66,6,5,82,59,68,70,Cloud Engineer,1
29,Bachelor's,Information Technology,0.4,4,0,72,69,73,75,54,62,72,64,52,62,87,6,2,72,69,80,68,Software Developer,1
41,Bachelor's,Data Science,1.7,2,1,67,57,67,55,36,67,75,50,49,62,47,4,4,68,45,47,55,DevOps Engineer,1
36,Bachelor's,Information Technology,0.2,0,0,90,84,68,69,73,59,65,64,60,69,92,2,2,77,73,69,79,QA Engineer,1
29,Bachelor's,Electrical Engineering,0.2,2,0,57,51,47,63,36,50,50,83,59,78,88,2,3,70,82,75,49,Backend Developer,1
27,Master's,Information Technology,1.0,2,1,54,74,62,34,43,52,65,41,80,62,54,1,3,47,53,63,12,Software Developer,1
39,Bachelor's,Other,1.3,1,1,28,15,26,38,47,20,5,63,60,72,14,4,4,53,51,47,67,Software Developer,0
26,Bachelor's,Computer Science,4.0,1,1,61,48,62,56,54,35,82,46,52,75,72,7,2,75,56,63,63,DevOps Engineer,1
28,Bachelor's,Electrical Engineering,1.0,0,1,52,56,47,58,46,26,64,74,50,77,63,3,3,64,70,75,70,Cloud Engineer,1
32,Bachelor's,Data Science,4.5,2,2,66,83,91,44,75,63,83,72,53,69,69,5,3,79,70,61,63,Backend Developer,1
36,Bachelor's,Computer Science,1.1,2,1,36,41,26,41,28,25,5,47,58,64,10,3,2,52,33,32,32,Full Stack Developer,0
35,Diploma,Other,6.3,2,2,52,31,32,42,55,15,31,71,70,80,38,5,2,67,58,44,74,Backend Developer,1
40,Bachelor's,Information Technology,4.7,2,1,61,74,58,49,64,62,62,63,18,51,38,3,2,62,54,49,16,QA Engineer,1
30,Bachelor's,Other,1.0,4,1,60,59,50,73,48,81,57,57,54,55,44,2,2,62,50,56,75,Cloud Engineer,1
37,Bachelor's,Electrical Engineering,1.0,0,1,58,45,60,72,51,34,28,59,63,73,71,5,0,71,62,56,52,Full Stack Developer,1
30,Master's,Other,4.7,1,2,63,31,70,69,58,62,5,32,60,72,40,2,1,57,40,61,19,Full Stack Developer,1
24,Master's,Computer Science,0.8,2,0,65,73,50,39,74,46,45,61,65,84,51,4,2,71,57,52,62,Full Stack Developer,1
23,Master's,Electrical Engineering,2,2,2,45,54,57,42,48,35,33,82,43,74,61,1,5,67,66,65,20,DevOps Engineer,1
28,Diploma,Data Science,3.5,0,3,61,40,83,67,37,46,89,84,34,62,30,3,3,78,59,47,49,Backend Developer,1
20,Diploma,Computer Science,0,0,0,51,52,62,33,80,80,65,72,68,97,66,1,1,66,68,59,5,Backend Developer,0
20,Bachelor's,Computer Science,0,1,0,51,61,74,80,67,60,65,62,46,76,84,3,3,59,69,75,55,QA Engineer,1
42,Bachelor's,Other,6.5,0,3,63,59,60,57,64,70,54,62,58,58,77,6,5,71,63,64,77,Software Developer,1
27,Bachelor's,Other,0.4,1,0,85,94,89,88,84,81,63,72,22,49,68,4,3,83,67,67,87,Machine Learning Engineer,1
28,Bachelor's,Information Technology,0.4,2,0,85,64,80,71,65,74,61,52,77,82,60,4,3,75,60,61,58,QA Engineer,1
40,PhD,Electrical Engineering,4.0,1,3,72,87,70,55,81,77,62,61,69,65,82,4,2,73,74,79,51,Full Stack Developer,1
21,Bachelor's,Electrical Engineering,0,3,0,80,81,88,87,94,76,90,75,48,64,64,4,5,75,66,63,90,QA Engineer,1
20,PhD,Electrical Engineering,0,4,0,58,43,51,20,56,63,36,82,25,85,52,3,3,65,62,50,65,DevOps Engineer,1
31,Bachelor's,Information Technology,1.6,4,1,53,56,60,53,52,45,34,40,59,80,45,1,1,60,47,45,44,DevOps Engineer,0
32,Diploma,Computer Science,0.6,2,0,41,79,58,75,14,57,40,72,58,66,54,3,1,61,64,55,34,Full Stack Developer,1
41,Bachelor's,Data Science,0.8,3,0,55,40,68,33,41,36,48,61,53,60,51,6,3,74,58,51,52,DevOps Engineer,1
32,Bachelor's,Electrical Engineering,3.5,0,3,42,47,43,49,58,54,47,35,52,66,41,3,1,53,41,52,42,Data Analyst,0
29,Master's,Electrical Engineering,0.3,1,0,47,49,44,32,35,28,72,61,55,54,40,4,2,68,51,49,51,Cloud Engineer,1
37,PhD,Other,1.8,2,1,86,71,75,79,80,67,73,75,57,65,74,5,3,91,70,65,86,Software Developer,1
20,Bachelor's,Computer Science,0,2,0,47,31,41,43,66,20,63,57,62,56,42,3,4,60,48,51,59,Cloud Engineer,1
26,Bachelor's,Other,2.4,1,2,38,42,29,24,22,40,27,45,74,77,43,2,0,58,45,45,5,Full Stack Developer,0
32,Bachelor's,Other,6.2,1,2,62,72,49,34,63,30,26,56,62,43,61,6,2,70,62,66,72,Machine Learning Engineer,1
36,Master's,Computer Science,0.1,0,0,86,100,78,68,96,81,93,60,66,56,91,6,5,80,72,71,77,Cloud Engineer,1
24,Bachelor's,Other,1.3,0,1,29,37,20,5,22,12,14,38,33,45,21,3,3,54,38,34,16,Backend Developer,0
33,Bachelor's,Information Technology,3.5,2,3,75,88,52,78,70,87,54,38,61,64,51,3,2,66,47,53,55,Backend Developer,0
25,PhD,Electrical Engineering,0.6,1,0,37,30,31,65,47,36,33,93,52,87,49,2,2,64,72,53,50,Data Analyst,1
24,Bachelor's,Electrical Engineering,0.9,1,0,33,12,35,15,35,32,26,77,50,61,41,5,2,66,59,55,34,QA Engineer,0
41,Master's,Information Technology,3.7,1,3,70,55,78,48,59,40,44,77,67,54,68,2,0,77,68,74,67,Frontend Developer,1
36,Bachelor's,Computer Science,3.3,1,2,54,53,67,73,52,30,69,49,58,65,52,5,4,63,56,51,59,QA Engineer,1
27,Bachelor's,Information Technology,0.7,3,0,57,81,69,100,100,71,65,65,34,57,57,1,1,63,66,60,43,Backend Developer,0
38,Bachelor's,Other,2.6,2,1,58,80,57,75,78,78,48,61,66,76,70,5,3,71,59,63,45,Software Developer,1
30,Bachelor's,Other,7.3,1,5,33,51,64,41,40,5,29,57,36,61,38,0,3,39,49,49,17,DevOps Engineer,0
38,Bachelor's,Computer Science,3.9,0,3,56,66,67,56,42,75,43,68,30,84,38,1,2,55,57,44,16,Machine Learning Engineer,0
26,Master's,Electrical Engineering,1.4,0,1,60,67,65,83,51,57,63,66,36,51,67,4,2,78,69,62,68,Software Developer,1
30,Bachelor's,Information Technology,5.2,0,4,68,68,50,62,49,39,79,77,49,46,74,2,2,74,70,66,44,DevOps Engineer,1
26,Diploma,Information Technology,5,0,4,42,18,41,26,12,10,41,55,50,76,33,2,2,55,45,32,30,Backend Developer,0
36,Bachelor's,Computer Science,0.5,0,0,57,60,46,38,39,42,49,60,64,77,56,3,1,65,57,62,52,Backend Developer,1
38,Bachelor's,Computer Science,8.8,3,5,81,68,68,87,85,35,53,42,51,64,58,3,1,74,50,49,66,QA Engineer,1
27,Bachelor's,Data Science,6,1,3,100,89,80,48,76,100,93,52,92,80,100,6,2,95,71,80,75,QA Engineer,1
26,Master's,Other,1.4,0,1,95,98,100,63,81,89,54,54,75,77,79,8,5,89,64,85,100,Full Stack Developer,1
22,Bachelor's,Electrical Engineering,1,3,1,75,61,45,76,55,27,64,56,54,58,82,0,3,61,67,77,19,Data Analyst,1
23,Master's,Data Science,2,3,2,74,64,43,57,82,36,60,55,61,75,63,5,2,71,58,61,100,DevOps Engineer,1
37,Bachelor's,Data Science,2.2,1,1,99,75,72,100,77,74,90,39,65,83,81,5,2,78,58,67,83,QA Engineer,1
22,Bachelor's,Electrical Engineering,1,0,1,87,83,66,58,60,43,54,24,64,67,71,3,4,60,52,54,55,Backend Developer,1
29,Bachelor's,Electrical Engineering,2.1,3,1,56,50,62,66,95,75,46,61,47,48,60,2,3,57,62,58,5,Full Stack Developer,0
39,Bachelor's,Data Science,1.4,0,1,68,73,63,50,87,50,93,68,53,43,56,5,4,70,59,57,63,Frontend Developer,1
36,Diploma,Electrical Engineering,1.6,1,1,57,33,27,53,39,38,40,48,49,58,44,1,4,63,45,59,45,Frontend Developer,0
42,PhD,Computer Science,5.6,3,4,66,79,80,62,44,61,74,59,82,57,66,3,2,74,64,63,33,Backend Developer,1
33,Bachelor's,Other,0.8,0,0,91,76,86,82,59,78,49,53,29,61,100,6,4,74,73,85,90,DevOps Engineer,1
22,Bachelor's,Electrical Engineering,0.4,1,0,67,51,42,30,51,36,35,38,58,54,50,2,2,61,47,46,73,DevOps Engineer,1
38,Master's,Electrical Engineering,2.9,0,2,30,56,36,63,48,20,37,71,33,67,45,2,1,53,60,45,29,Software Developer,0
36,Diploma,Computer Science,0.2,3,0,92,76,67,71,82,67,91,18,67,48,57,4,4,67,39,47,68,Cloud Engineer,1
41,Bachelor's,Information Technology,2.2,1,1,78,70,74,70,57,84,73,45,52,77,52,4,3,73,49,58,28,Full Stack Developer,1
25,Diploma,Electrical Engineering,4,0,2,47,61,44,58,37,5,33,45,60,59,33,1,1,52,41,40,44,DevOps Engineer,0
20,Master's,Electrical Engineering,0,3,0,55,57,30,36,58,50,67,100,39,49,57,6,3,85,72,52,69,Frontend Developer,1
24,Bachelor's,Computer Science,3.0,3,3,36,38,33,38,42,32,42,62,46,54,17,1,2,52,44,37,29,Frontend Developer,0
29,Bachelor's,Information Technology,3.9,1,3,61,38,41,61,43,48,62,65,48,75,47,4,2,61,56,53,48,Software Developer,1
32,Bachelor's,Computer Science,1.1,1,1,73,80,84,53,76,61,65,66,63,63,63,4,1,71,63,68,73,Cloud Engineer,1
20,Bachelor's,Electrical Engineering,0,1,0,72,61,70,68,54,45,60,44,44,47,82,3,3,61,60,78,51,DevOps Engineer,1
28,Bachelor's,Data Science,6.7,3,1,61,54,25,35,47,25,11,64,59,100,33,1,1,67,45,41,33,DevOps Engineer,1
42,Bachelor's,Other,6.2,1,2,89,54,92,81,99,82,62,54,61,59,84,3,4,75,64,76,43,QA Engineer,1
26,Bachelor's,Electrical Engineering,0.0,1,0,68,89,51,100,40,80,58,41,49,77,69,6,1,68,53,67,83,Cloud Engineer,1
41,Bachelor's,Data Science,3.7,2,2,54,74,52,44,73,77,28,62,41,57,46,3,0,66,51,57,60,DevOps Engineer,1
33,Bachelor's,Other,0.2,3,0,83,76,97,73,64,91,71,68,70,65,71,5,2,81,64,67,69,Frontend Developer,1
27,Bachelor's,Computer Science,2.2,3,2,48,60,41,61,79,50,68,35,33,67,42,2,3,51,47,47,51,QA Engineer,0
27,Bachelor's,Electrical Engineering,0.0,3,0,65,92,67,80,63,83,75,52,38,72,64,2,3,63,56,61,25,Software Developer,1
26,Bachelor's,Electrical Engineering,1.7,1,2,59,58,47,58,71,67,28,59,46,35,51,4,1,76,51,48,23,Full Stack Developer,1
21,Bachelor's,Electrical Engineering,0,1,0,56,58,35,54,65,80,40,69,60,77,59,5,2,75,64,44,56,DevOps Engineer,1
41,Bachelor's,Data Science,14.0,1,2,81,58,52,55,61,78,43,56,48,84,65,2,2,77,55,67,64,Backend Developer,1
37,Bachelor's,Computer Science,1.7,1,1,69,89,72,78,88,94,66,47,70,78,61,0,2,57,57,72,45,Data Analyst,1
36,Diploma,Computer Science,7.8,1,1,76,76,84,82,56,40,51,37,35,75,51,6,4,71,46,51,100,Full Stack Developer,1
20,Bachelor's,Information Technology,0,2,0,62,58,29,58,43,58,75,65,24,46,70,5,4,65,61,63,50,Cloud Engineer,1
23,Bachelor's,Other,2,0,1,53,55,50,52,57,39,42,72,58,63,45,2,2,66,64,44,72,Frontend Developer,1
31,Diploma,Computer Science,8.0,3,3,57,79,42,21,13,13,21,65,62,59,47,4,0,68,58,53,48,Cloud Engineer,1
41,Bachelor's,Information Technology,1.0,2,1,22,15,16,15,33,31,5,69,78,49,16,1,1,48,50,27,54,Full Stack Developer,0
36,Master's,Electrical Engineering,0.3,2,0,85,72,79,71,95,55,100,67,77,69,92,3,2,75,78,81,36,Cloud Engineer,1
21,Bachelor's,Computer Science,0,2,0,48,65,59,56,61,52,52,84,31,86,58,2,3,82,67,53,45,Full Stack Developer,1
31,Bachelor's,Information Technology,3.3,1,1,69,68,85,78,78,68,55,65,46,85,85,1,0,60,73,72,47,Machine Learning Engineer,1
20,Diploma,Computer Science,0,1,0,44,27,23,25,42,39,40,41,44,78,50,1,1,54,50,51,79,Software Developer,0
41,Diploma,Computer Science,0.3,2,0,80,72,60,73,77,67,77,62,63,69,45,4,3,77,55,51,56,Full Stack Developer,1
20,Bachelor's,Other,0,1,0,66,49,62,67,60,40,81,69,62,77,55,3,3,71,61,53,50,Machine Learning Engineer,1
27,Bachelor's,Information Technology,2.1,0,1,56,28,28,22,33,47,32,74,51,68,53,4,2,67,59,61,47,Software Developer,1
22,Bachelor's,Computer Science,0.8,1,0,48,36,15,59,49,38,44,65,72,76,21,2,1,73,43,44,56,Full Stack Developer,1
23,Bachelor's,Data Science,2,1,1,55,44,60,74,55,51,44,68,73,62,68,3,2,66,67,64,75,Software Developer,1
22,Bachelor's,Electrical Engineering,1,1,1,54,67,59,39,65,43,37,36,24,57,36,3,2,50,39,49,73,Software Developer,1
33,Bachelor's,Information Technology,2.4,2,2,50,48,39,57,59,40,71,73,51,54,57,1,3,67,58,55,53,Machine Learning Engineer,1
34,Bachelor's,Other,0.9,2,0,50,72,59,62,75,54,71,66,56,70,65,2,2,70,69,63,43,Backend Developer,1
22,Bachelor's,Electrical Engineering,1,1,1,100,91,96,100,100,58,88,66,63,85,89,3,3,85,68,79,66,Software Developer,1
23,Bachelor's,Data Science,1.0,1,1,53,50,45,70,67,39,48,60,56,59,50,2,2,56,58,63,42,Data Analyst,1
22,Bachelor's,Other,1,1,1,44,23,46,23,30,26,32,34,45,58,32,2,1,58,42,50,53,QA Engineer,0
29,Bachelor's,Computer Science,3.6,3,3,54,57,31,41,52,37,17,74,53,57,33,5,2,74,59,41,67,QA Engineer,1
35,PhD,Information Technology,3.4,0,3,95,85,77,100,74,61,89,72,83,74,80,5,2,79,70,71,65,Cloud Engineer,1
41,Master's,Other,0.3,0,0,37,66,57,43,51,14,41,73,46,63,60,4,2,52,61,54,55,Backend Developer,1
22,Master's,Data Science,0.2,0,0,46,63,39,55,41,51,65,46,53,84,39,3,3,63,46,47,42,Data Analyst,0
29,Bachelor's,Electrical Engineering,0.4,1,0,50,71,44,55,39,87,58,55,99,57,58,5,4,69,56,59,71,Software Developer,1
39,Bachelor's,Electrical Engineering,1.4,1,1,32,14,22,34,23,26,5,51,50,72,32,5,2,60,41,36,58,Frontend Developer,0
25,Bachelor's,Computer Science,1.2,2,1,50,63,44,52,69,49,40,41,52,77,55,3,2,45,51,62,25,Machine Learning Engineer,1
40,Bachelor's,Other,3.1,1,2,20,14,19,21,5,20,36,63,82,68,24,2,3,48,42,36,34,Frontend Developer,0
29,Master's,Other,1.9,3,1,46,61,41,41,47,64,43,77,42,56,56,3,4,66,64,59,36,Software Developer,1
20,Bachelor's,Data Science,0,2,0,36,23,21,48,31,26,27,55,63,54,35,2,2,45,45,42,56,DevOps Engineer,0
22,Master's,Information Technology,0.8,2,0,67,69,72,92,63,79,55,63,60,23,67,4,1,72,61,62,64,Machine Learning Engineer,1
22,Diploma,Data Science,1,0,1,90,86,86,84,100,51,87,55,57,75,82,6,2,82,65,74,88,Machine Learning Engineer,1
36,Bachelor's,Computer Science,2.6,0,2,75,58,54,53,71,52,31,87,73,54,57,3,3,84,75,61,49,Cloud Engineer,1
24,Bachelor's,Information Technology,3,0,3,58,39,58,60,62,37,47,58,52,81,51,6,1,69,56,50,60,Full Stack Developer,1
35,Bachelor's,Other,1.5,3,2,45,46,21,29,39,22,24,60,79,70,34,5,0,68,52,44,45,DevOps Engineer,1
38,Bachelor's,Computer Science,4.1,4,2,54,66,47,57,59,26,49,76,39,64,82,3,2,70,74,74,51,QA Engineer,1
26,Bachelor's,Other,1.3,0,1,38,23,26,40,38,26,25,24,44,93,42,2,4,47,38,45,44,Data Analyst,0
38,Bachelor's,Information Technology,2.0,0,2,87,53,85,80,92,91,75,68,74,56,68,5,1,89,66,65,99,Machine Learning Engineer,1
38,Bachelor's,Information Technology,2.0,2,2,91,75,88,69,81,90,72,49,51,69,99,4,3,71,67,79,91,Data Analyst,1
40,Bachelor's,Other,2.0,0,1,45,47,46,41,34,34,36,71,82,47,65,6,2,68,72,65,46,QA Engineer,1
20,Bachelor's,Other,0,1,0,66,100,74,93,71,69,66,61,57,65,77,4,4,70,67,64,76,Cloud Engineer,1
28,Master's,Data Science,4.1,4,1,57,86,58,43,80,52,62,65,56,50,71,1,2,60,65,68,53,Full Stack Developer,1
40,PhD,Electrical Engineering,0.6,3,0,49,31,64,61,49,64,44,59,59,70,57,2,2,59,61,57,35,Data Analyst,1
36,Bachelor's,Computer Science,0.5,3,0,69,78,39,42,75,75,56,85,62,59,61,3,0,90,70,47,81,Full Stack Developer,1
37,Bachelor's,Computer Science,3.8,2,3,45,42,26,34,42,29,53,83,81,65,41,2,2,71,66,55,37,Full Stack Developer,1
25,Master's,Computer Science,4,0,2,79,81,68,79,72,81,49,57,54,80,62,4,2,77,59,56,98,Machine Learning Engineer,1
35,Master's,Other,1.2,0,1,91,65,73,85,74,49,76,61,54,68,88,4,4,80,71,70,59,Software Developer,1
35,Master's,Other,0.7,2,0,82,96,100,60,68,96,100,40,53,63,84,3,3,67,63,71,77,Full Stack Developer,1
35,Master's,Data Science,0.0,0,0,49,55,54,59,82,22,36,45,56,75,36,1,2,52,44,40,32,DevOps Engineer,0
37,Bachelor's,Data Science,0.1,0,0,46,42,81,59,52,54,56,73,38,82,93,2,0,65,78,73,54,Backend Developer,1
26,Bachelor's,Information Technology,4.4,4,2,69,61,45,58,69,19,70,39,62,61,32,7,3,74,42,47,97,Cloud Engineer,1
21,Master's,Computer Science,0,1,0,81,66,66,86,60,84,97,72,55,47,64,4,3,78,69,67,75,Full Stack Developer,1
24,Master's,Other,3,0,3,90,73,62,72,97,92,92,61,58,61,75,7,1,85,67,72,100,Machine Learning Engineer,1
36,Master's,Computer Science,1.4,1,1,65,72,70,67,94,39,56,67,56,93,76,4,2,65,74,59,69,Cloud Engineer,1
33,Master's,Data Science,0.6,1,0,91,100,97,93,84,95,42,73,48,65,90,6,2,93,70,81,100,Data Analyst,1
41,Bachelor's,Other,0.4,1,0,45,48,51,53,5,44,15,61,53,75,51,4,1,68,59,55,45,Software Developer,1
23,Bachelor's,Data Science,1.9,0,2,65,52,47,40,34,55,47,73,42,50,46,3,2,74,54,46,53,Full Stack Developer,0
31,Bachelor's,Information Technology,3.4,0,1,99,86,73,95,75,86,90,68,43,72,92,5,3,85,76,81,81,Frontend Developer,1
34,Bachelor's,Information Technology,4.8,2,3,64,48,48,34,71,55,31,42,61,98,56,6,4,72,52,55,75,Data Analyst,1
22,Bachelor's,Computer Science,1,1,1,32,42,49,21,17,18,35,47,55,55,27,2,2,55,43,38,9,Frontend Developer,0
23,Bachelor's,Electrical Engineering,1.2,1,1,78,57,48,55,48,50,76,48,86,89,64,0,2,60,52,62,25,Machine Learning Engineer,1
30,Master's,Computer Science,0.5,0,0,64,85,83,77,100,63,87,83,64,58,87,3,4,70,77,77,88,Data Analyst,1
38,Bachelor's,Electrical Engineering,0.8,0,0,64,64,46,35,56,52,61,82,79,41,80,5,3,76,75,54,86,Full Stack Developer,1
24,Bachelor's,Information Technology,1.2,0,1,73,27,58,82,52,63,70,50,56,68,58,3,3,73,54,58,81,Backend Developer,1
24,Bachelor's,Computer Science,2.9,1,2,95,96,91,66,87,100,81,64,66,60,100,3,2,85,74,88,94,Cloud Engineer,1
41,Bachelor's,Data Science,2.2,2,1,57,50,48,63,44,68,55,66,60,68,57,6,3,66,61,65,70,Backend Developer,1
31,Bachelor's,Computer Science,0.4,2,0,81,69,48,54,80,49,47,65,61,70,49,8,4,80,56,54,60,Backend Developer,1
33,Diploma,Electrical Engineering,1.9,2,2,66,62,74,43,57,58,40,45,32,68,54,5,3,74,48,56,47,QA Engineer,1
36,Bachelor's,Information Technology,1.6,4,2,73,79,82,63,100,59,68,67,46,74,70,6,4,65,67,65,100,QA Engineer,1
23,Master's,Electrical Engineering,2,1,1,71,35,44,45,27,45,38,55,78,36,70,4,0,63,63,62,95,Full Stack Developer,1
25,Diploma,Computer Science,2.2,1,2,78,76,74,80,96,53,50,92,39,75,86,5,4,86,88,74,62,Machine Learning Engineer,1
23,Diploma,Information Technology,1.2,2,1,53,68,68,53,52,44,15,67,56,79,46,4,0,59,52,45,40,Frontend Developer,0
37,Bachelor's,Data Science,0.0,3,0,62,84,48,45,52,49,18,46,47,55,70,4,3,64,62,65,72,Backend Developer,1
33,Bachelor's,Computer Science,0.3,2,0,46,46,21,53,44,43,26,46,49,46,42,3,3,59,44,43,55,Data Analyst,0
36,Diploma,Data Science,5.0,3,3,47,45,33,33,24,37,65,91,55,60,46,3,3,68,65,55,25,DevOps Engineer,1
23,Bachelor's,Other,2,0,1,50,43,55,56,37,57,26,46,16,78,53,1,1,58,48,56,62,Machine Learning Engineer,0
22,Bachelor's,Data Science,1,0,1,53,60,72,71,33,49,38,58,90,61,56,3,0,65,56,56,64,QA Engineer,0
26,Bachelor's,Other,1.8,2,1,57,64,40,82,54,70,55,60,65,49,79,5,3,68,68,79,71,Cloud Engineer,1
30,Diploma,Electrical Engineering,2.2,2,2,71,50,51,42,73,60,71,51,73,67,54,4,1,61,54,50,53,QA Engineer,1
28,Bachelor's,Data Science,5.2,1,2,79,43,58,52,75,63,54,81,57,53,64,5,4,76,70,59,50,Full Stack Developer,1
41,Bachelor's,Computer Science,2.8,0,1,53,52,58,45,57,47,40,62,75,46,41,3,2,71,50,54,57,Backend Developer,1
37,Bachelor's,Electrical Engineering,4.4,0,1,62,35,50,54,35,46,37,80,74,48,52,5,0,79,67,61,72,Frontend Developer,1
40,Bachelor's,Computer Science,2.1,1,2,93,77,73,58,67,61,88,66,44,60,78,3,3,79,72,75,71,QA Engineer,1
36,Diploma,Information Technology,0.4,1,0,39,58,40,37,25,47,38,68,64,73,47,3,2,53,54,61,31,Data Analyst,0
24,Bachelor's,Computer Science,0.9,1,0,100,94,88,95,92,96,76,72,65,61,100,3,1,89,80,86,100,Data Analyst,1
22,Bachelor's,Information Technology,1,0,1,74,50,57,67,88,51,62,80,53,32,47,4,1,84,64,48,85,Machine Learning Engineer,1
24,Master's,Information Technology,3.0,0,2,70,69,69,85,80,87,86,47,58,53,44,6,4,70,41,44,90,Frontend Developer,1
22,Bachelor's,Other,0.7,0,0,68,85,63,74,72,48,70,56,72,100,71,1,3,65,67,68,68,DevOps Engineer,1
39,Bachelor's,Information Technology,2.5,1,2,53,57,54,55,53,40,47,50,35,75,47,5,5,60,50,48,83,Software Developer,1
26,Bachelor's,Information Technology,3.3,2,2,43,56,57,57,72,70,66,72,64,71,35,2,4,64,54,54,43,Machine Learning Engineer,1
22,Diploma,Other,1,2,1,47,28,49,50,48,39,31,52,65,51,54,4,1,61,58,50,64,DevOps Engineer,1
28,Master's,Computer Science,7,0,3,61,68,62,64,60,31,35,58,20,45,78,5,2,71,69,75,45,QA Engineer,1
27,Master's,Information Technology,2.7,3,1,48,25,49,77,12,48,45,44,51,39,60,4,2,53,48,66,69,Machine Learning Engineer,1
34,Bachelor's,Information Technology,5.6,3,1,72,62,86,95,74,80,94,70,34,87,67,6,2,74,63,61,59,Data Analyst,1
24,Master's,Information Technology,1.9,1,2,72,62,48,78,52,62,57,70,81,69,62,4,3,74,67,60,56,Frontend Developer,1
41,Bachelor's,Data Science,2.0,2,1,58,31,37,42,39,28,37,71,50,63,49,2,3,71,59,55,42,Machine Learning Engineer,1
38,Diploma,Information Technology,0.5,0,0,42,62,56,100,74,71,62,47,56,36,39,3,3,47,45,44,36,Cloud Engineer,0
35,Diploma,Computer Science,9.8,2,3,100,81,100,100,70,79,84,82,45,80,66,4,2,93,74,65,66,Software Developer,1
41,Bachelor's,Other,2.1,2,2,83,63,75,54,85,54,72,58,50,71,73,2,2,67,65,59,83,DevOps Engineer,1
34,Bachelor's,Other,2.6,1,2,67,62,52,57,64,56,72,62,79,61,53,5,1,73,58,54,58,Frontend Developer,1
40,Master's,Electrical Engineering,4.1,1,3,48,58,57,30,42,26,47,64,47,41,53,2,2,64,60,59,69,Frontend Developer,1
22,Bachelor's,Other,1,1,1,56,84,70,42,51,61,61,56,65,48,46,5,3,66,50,47,89,Cloud Engineer,1
31,Bachelor's,Other,1.9,0,1,54,55,51,64,50,57,34,47,49,60,60,3,0,59,54,60,63,Data Analyst,1
23,Master's,Information Technology,1.6,0,2,83,94,70,85,64,50,80,83,36,78,73,5,3,82,75,64,93,Data Analyst,1
31,PhD,Other,0.3,1,0,77,74,76,67,82,50,61,65,64,75,58,5,2,75,59,57,78,QA Engineer,1
42,Bachelor's,Data Science,1.1,1,1,70,75,77,57,68,70,48,86,63,69,64,2,4,83,70,66,58,Backend Developer,1
25,Bachelor's,Data Science,0.7,2,0,52,61,56,41,56,21,40,64,67,77,45,4,3,75,56,58,57,Full Stack Developer,1
32,Master's,Electrical Engineering,7.2,0,2,86,55,43,31,61,42,26,40,42,70,36,4,1,70,43,39,48,Backend Developer,1
36,Bachelor's,Data Science,5.0,1,3,72,85,74,52,80,95,86,68,33,58,72,5,3,83,69,67,81,Cloud Engineer,1
41,Bachelor's,Other,2.2,0,2,87,62,78,66,69,75,62,43,68,56,80,7,0,83,59,73,63,QA Engineer,1
20,Bachelor's,Other,0,2,0,53,49,47,65,76,41,45,39,46,87,58,5,4,55,52,64,71,Full Stack Developer,1
39,Bachelor's,Electrical Engineering,0.2,1,0,22,43,41,26,16,20,32,70,67,77,38,5,2,59,56,48,52,Backend Developer,0
23,Diploma,Electrical Engineering,2,1,2,37,48,36,44,44,68,36,94,74,70,58,1,2,59,70,58,25,DevOps Engineer,0
27,Master's,Information Technology,0.0,2,0,49,52,62,54,45,13,53,47,37,65,35,5,0,67,46,49,76,QA Engineer,1
25,Master's,Other,0.9,2,0,39,31,35,50,39,43,52,64,56,89,42,5,1,64,55,49,19,Data Analyst,0
26,Master's,Information Technology,0.4,1,0,53,91,62,69,48,70,62,65,77,56,72,5,3,64,66,67,72,Backend Developer,1
27,Bachelor's,Computer Science,4.6,0,4,59,42,39,60,48,65,22,55,64,58,34,4,2,73,46,36,21,Data Analyst,0
30,PhD,Information Technology,9,2,2,49,41,8,50,64,49,27,60,27,72,36,3,0,68,55,43,50,Backend Developer,1
37,Bachelor's,Data Science,0.0,2,0,40,61,37,57,19,34,34,59,55,49,47,2,0,58,54,49,37,Cloud Engineer,0
32,Diploma,Data Science,11,4,4,81,47,61,33,33,52,57,75,51,77,50,3,2,74,59,57,75,Machine Learning Engineer,1
21,Diploma,Computer Science,0,0,0,49,72,54,34,54,46,47,72,38,30,48,2,4,65,58,40,29,Software Developer,1
24,Bachelor's,Electrical Engineering,1.5,0,2,61,48,64,53,38,85,46,49,70,73,72,4,2,82,61,63,67,Machine Learning Engineer,1
35,Diploma,Other,1.6,0,1,44,56,36,71,41,30,59,41,74,78,53,5,1,66,51,58,50,DevOps Engineer,1
24,Bachelor's,Other,3,2,3,38,41,53,19,16,17,53,76,53,74,44,3,3,66,58,50,36,Frontend Developer,1
26,Bachelor's,Electrical Engineering,5,1,3,61,74,74,65,68,48,55,66,59,74,40,5,2,66,53,47,49,Cloud Engineer,1
24,Bachelor's,Computer Science,3,0,2,63,54,56,74,42,65,51,60,42,38,59,2,0,69,62,59,26,Machine Learning Engineer,1
32,Bachelor's,Other,5.1,1,4,44,60,32,31,27,27,37,66,44,42,47,3,1,61,55,45,42,QA Engineer,1
30,Diploma,Other,5.4,2,4,88,47,68,71,40,52,51,35,70,96,63,3,3,68,56,60,100,Software Developer,1
42,Bachelor's,Electrical Engineering,1.8,0,1,65,55,68,66,69,64,93,74,57,98,81,5,4,71,69,73,70,Data Analyst,1
29,Bachelor's,Computer Science,0.3,4,0,85,73,100,83,100,90,75,69,36,59,87,4,2,82,72,69,64,Software Developer,1
25,Master's,Electrical Engineering,4.0,0,1,43,28,42,35,8,22,31,61,62,63,28,3,3,53,43,35,39,Machine Learning Engineer,1
39,Bachelor's,Data Science,0.0,2,0,31,13,42,49,42,36,50,53,65,65,45,1,2,48,55,50,5,Frontend Developer,0
42,Bachelor's,Other,3.7,1,1,71,44,75,42,79,61,88,62,72,77,65,4,3,70,63,58,82,Full Stack Developer,1
41,Bachelor's,Other,0.6,1,0,59,61,69,73,53,56,50,65,66,85,50,7,2,80,60,50,82,Cloud Engineer,1
37,Bachelor's,Computer Science,0.8,0,0,49,40,28,56,67,54,50,51,68,54,55,4,2,56,56,50,54,QA Engineer,0
25,Bachelor's,Other,0.8,3,0,27,22,24,38,26,43,46,40,41,67,48,2,2,44,50,56,31,Data Analyst,0
21,Bachelor's,Electrical Engineering,0,1,0,68,61,61,70,64,68,53,53,44,71,72,2,1,61,63,72,62,Cloud Engineer,1
22,Bachelor's,Data Science,1,3,1,44,36,45,51,58,70,62,43,49,86,61,3,3,50,52,56,39,QA Engineer,1
20,Bachelor's,Data Science,0,0,0,61,65,40,69,65,52,70,59,56,88,65,3,3,68,61,76,37,Frontend Developer,1
38,Diploma,Other,2.4,2,1,48,27,52,89,23,5,10,42,41,74,54,3,1,60,48,60,29,Software Developer,0
27,Bachelor's,Other,6,3,3,75,68,65,39,75,70,73,66,58,65,59,4,3,68,56,49,34,QA Engineer,1
22,Diploma,Electrical Engineering,1,0,1,51,60,44,54,48,59,41,55,71,63,54,2,1,57,53,54,48,QA Engineer,0
27,Bachelor's,Data Science,6,1,2,72,53,55,34,57,49,35,53,52,71,61,4,1,61,56,68,31,Full Stack Developer,1
32,Bachelor's,Computer Science,1.7,3,1,48,49,39,26,29,44,37,54,93,35,40,2,3,61,50,52,33,Frontend Developer,1
26,Diploma,Electrical Engineering,1.1,1,1,63,55,32,77,56,57,55,34,59,42,63,0,1,58,49,55,26,Data Analyst,0
34,Bachelor's,Information Technology,2.7,4,1,54,40,52,55,27,56,65,61,62,57,67,4,3,65,65,63,51,QA Engineer,1
23,Bachelor's,Information Technology,2,3,1,18,26,17,12,5,5,8,71,59,72,6,2,2,49,45,35,30,Frontend Developer,0
39,Bachelor's,Computer Science,0.6,0,0,59,50,28,35,24,34,61,59,31,82,50,2,3,64,53,49,39,Software Developer,1
26,Bachelor's,Information Technology,2.1,0,1,40,65,49,50,48,70,58,52,66,71,50,4,0,59,55,59,66,Machine Learning Engineer,1
27,Bachelor's,Computer Science,4.8,0,4,65,80,41,68,57,63,34,66,29,52,70,5,3,69,67,65,77,QA Engineer,1
30,Bachelor's,Data Science,0.1,3,0,60,68,63,61,64,68,51,40,65,66,64,4,3,63,55,65,59,DevOps Engineer,1
23,Diploma,Information Technology,2,1,1,53,70,68,59,58,38,42,73,48,71,43,3,1,66,59,50,58,Frontend Developer,0
41,Diploma,Other,1.2,3,1,62,43,51,71,72,53,31,46,61,75,64,3,1,59,50,67,39,Backend Developer,1
21,Diploma,Electrical Engineering,0,1,0,41,50,46,64,64,71,54,61,87,59,67,6,2,71,62,70,64,Machine Learning Engineer,1
32,Bachelor's,Other,1.8,3,2,52,55,41,76,45,36,58,70,75,66,54,2,3,62,55,59,70,Frontend Developer,1
32,Bachelor's,Data Science,0.4,2,0,61,50,67,52,77,34,45,94,100,79,66,3,3,66,81,58,51,Backend Developer,1
36,PhD,Electrical Engineering,1.7,1,2,64,60,77,53,58,53,65,64,51,73,37,3,3,65,52,44,21,Cloud Engineer,0
27,Bachelor's,Other,0.2,0,0,78,74,63,49,67,47,85,48,59,51,67,5,5,77,55,62,72,Cloud Engineer,1
32,Bachelor's,Electrical Engineering,11,0,5,62,50,23,55,38,12,14,63,54,93,30,3,2,62,52,46,62,Full Stack Developer,1
20,Bachelor's,Other,0,1,0,41,43,30,53,8,17,5,36,61,39,54,3,3,45,48,62,75,QA Engineer,0
42,Master's,Data Science,0.5,0,0,65,45,39,55,62,65,39,62,35,61,45,5,2,68,54,53,52,Data Analyst,1
38,PhD,Other,2.0,0,1,67,39,48,75,71,39,71,81,62,63,47,4,2,78,65,50,62,Machine Learning Engineer,1
35,Bachelor's,Electrical Engineering,1.0,1,1,59,40,39,80,32,58,57,38,61,60,69,2,1,52,53,65,55,DevOps Engineer,0
38,Bachelor's,Other,0.7,3,0,59,70,63,85,71,54,53,60,51,81,61,4,0,64,60,52,84,Machine Learning Engineer,1
33,Bachelor's,Information Technology,1.1,1,1,67,34,56,71,66,47,50,54,73,63,44,4,2,76,53,41,68,Data Analyst,1
36,Diploma,Computer Science,0.5,1,0,19,20,8,8,27,28,5,34,55,56,34,2,2,38,42,32,26,QA Engineer,0
40,Bachelor's,Information Technology,0.5,3,0,62,55,40,41,65,35,70,43,38,54,59,3,3,66,50,55,50,Software Developer,1
29,Master's,Electrical Engineering,1.2,1,1,56,69,60,71,66,64,82,56,62,51,68,3,5,63,65,68,68,Data Analyst,1
26,Master's,Electrical Engineering,3.3,1,1,79,79,52,88,81,79,60,77,47,84,81,2,3,72,79,77,38,DevOps Engineer,1
33,Bachelor's,Information Technology,9.5,0,3,45,38,25,41,40,8,5,51,44,63,32,2,0,53,45,44,59,QA Engineer,1
25,Bachelor's,Other,2.1,1,1,61,66,51,58,70,53,39,42,52,52,30,2,1,62,40,30,49,Cloud Engineer,0
29,Bachelor's,Other,0.5,2,0,45,48,65,69,52,37,64,50,39,73,35,4,0,47,41,43,37,Machine Learning Engineer,1
39,Diploma,Data Science,3.4,1,2,83,57,59,75,48,42,45,79,59,67,60,3,1,78,65,57,61,Frontend Developer,1
35,Bachelor's,Data Science,0.0,1,0,23,37,41,24,45,5,30,79,52,78,19,5,0,65,51,32,53,Full Stack Developer,0
36,Bachelor's,Other,7.6,1,1,92,74,69,64,47,76,47,50,61,84,58,6,2,86,56,64,83,Frontend Developer,1
36,Master's,Other,1.1,2,1,94,84,96,70,100,83,98,44,66,69,85,3,3,75,65,73,68,Cloud Engineer,1
22,Diploma,Information Technology,1,0,1,62,50,42,32,18,56,41,62,48,70,40,2,0,62,49,31,64,Software Developer,0
21,Diploma,Other,0,0,0,40,41,38,60,68,44,63,85,74,63,30,2,3,61,57,32,30,Data Analyst,0
24,Bachelor's,Electrical Engineering,3,0,1,92,42,71,60,71,84,63,71,45,68,73,5,3,81,69,66,100,QA Engineer,1
29,Bachelor's,Electrical Engineering,0.7,2,0,64,61,75,85,70,61,40,61,46,100,75,3,3,74,67,71,56,Full Stack Developer,1
42,Master's,Data Science,1.0,0,1,27,24,24,14,28,29,55,48,45,53,35,3,3,49,49,41,51,Software Developer,0
41,Diploma,Information Technology,2.0,0,1,58,46,49,62,65,58,75,54,26,58,89,3,2,74,66,81,68,QA Engineer,1
34,Master's,Electrical Engineering,4.8,1,1,62,74,59,26,73,56,54,81,45,48,52,0,4,70,63,53,62,Data Analyst,1
41,Diploma,Computer Science,10.2,0,3,60,62,65,47,66,17,26,41,70,57,67,3,3,60,56,64,68,Frontend Developer,1
40,Bachelor's,Computer Science,1.1,0,1,66,91,86,67,81,56,69,58,45,95,79,3,3,64,62,57,58,Frontend Developer,1
40,Diploma,Other,0.7,0,0,33,53,40,19,33,23,42,70,35,40,50,5,1,65,61,48,50,DevOps Engineer,0
41,PhD,Computer Science,6.1,1,4,72,30,31,66,49,27,60,54,39,81,39,3,4,61,45,57,21,Backend Developer,1
41,Bachelor's,Information Technology,1.7,0,2,29,21,46,51,46,35,19,60,72,66,46,2,2,53,54,60,53,Full Stack Developer,0
35,Diploma,Computer Science,3.4,1,1,42,70,54,41,24,15,46,57,71,56,39,3,2,52,51,55,56,Frontend Developer,0
36,Diploma,Data Science,0.3,0,0,48,28,49,17,51,33,33,57,64,51,35,4,1,63,49,50,93,DevOps Engineer,1
26,Diploma,Other,2.0,1,2,48,44,23,59,57,49,31,72,74,55,54,4,0,71,55,64,86,Full Stack Developer,1
32,Bachelor's,Data Science,10.2,1,3,86,41,58,55,52,64,29,63,64,30,40,3,2,65,51,37,50,Machine Learning Engineer,1
29,Master's,Information Technology,2.3,0,1,73,59,48,62,21,75,45,61,52,62,77,3,3,77,64,70,92,DevOps Engineer,1
29,Diploma,Information Technology,1.8,1,1,61,56,70,57,49,36,52,38,44,66,46,6,4,62,39,59,66,QA Engineer,1
31,Bachelor's,Information Technology,0.0,2,0,72,78,90,64,58,57,59,69,52,95,57,6,1,84,61,63,72,Frontend Developer,1
35,Diploma,Computer Science,8.2,1,2,51,29,31,35,54,31,34,30,50,68,37,0,2,44,30,51,31,QA Engineer,0
26,Diploma,Other,5,0,1,60,59,51,74,51,47,51,63,80,92,54,3,1,66,59,55,41,Backend Developer,1
23,Bachelor's,Electrical Engineering,2,1,2,52,73,64,68,45,52,76,52,60,71,47,4,3,57,49,46,65,Cloud Engineer,1
21,Bachelor's,Data Science,0,0,0,64,62,41,65,44,23,28,57,42,61,42,2,3,61,53,49,17,Data Analyst,0
27,Diploma,Computer Science,3.2,0,3,54,50,50,72,55,54,65,79,70,63,48,2,3,68,64,54,47,Machine Learning Engineer,1
29,Diploma,Information Technology,2.1,0,1,73,57,50,37,41,72,66,66,55,46,59,2,2,68,59,53,54,QA Engineer,1
41,Bachelor's,Computer Science,5.2,3,4,93,69,48,52,65,54,62,45,69,57,70,5,2,82,62,63,37,Full Stack Developer,1
41,Diploma,Other,4.6,1,3,86,83,71,56,54,41,62,67,69,78,78,5,6,78,70,73,63,Backend Developer,1
26,Bachelor's,Computer Science,1.2,1,1,89,79,87,92,71,81,69,33,52,63,77,5,3,73,54,75,54,Software Developer,1
33,Bachelor's,Electrical Engineering,0.4,0,0,54,93,53,70,50,73,55,72,15,60,84,3,3,68,76,68,68,DevOps Engineer,1
32,Bachelor's,Electrical Engineering,1.3,0,1,84,94,99,90,100,67,89,43,62,68,75,3,3,67,57,66,73,DevOps Engineer,1
42,Bachelor's,Electrical Engineering,14.0,0,2,98,62,60,58,63,40,47,47,33,50,65,8,2,79,61,56,100,Machine Learning Engineer,1
38,PhD,Data Science,2.8,0,2,69,76,66,68,86,53,63,19,81,47,74,5,2,65,45,67,64,DevOps Engineer,1
35,Bachelor's,Computer Science,5.8,2,1,91,59,100,67,70,72,50,89,35,81,74,5,1,91,81,70,46,QA Engineer,1
36,Diploma,Electrical Engineering,6.6,0,4,97,78,61,56,100,75,42,81,74,37,83,4,2,77,83,68,100,Frontend Developer,1
36,Diploma,Information Technology,2.8,1,1,60,55,60,39,56,30,48,72,55,76,68,5,3,61,68,66,68,Machine Learning Engineer,1
33,Master's,Information Technology,0.1,3,0,65,74,74,94,64,92,44,70,50,71,80,6,2,86,73,74,84,Cloud Engineer,1
23,Bachelor's,Information Technology,0.4,0,0,54,68,49,70,68,53,55,41,29,63,54,6,1,60,54,55,77,Backend Developer,1
32,Master's,Data Science,2.5,1,1,100,100,100,100,82,92,66,68,55,40,88,4,2,84,71,73,69,Machine Learning Engineer,1
27,Bachelor's,Data Science,1.7,0,1,69,38,38,47,57,66,15,79,95,55,51,5,1,82,64,42,78,Software Developer,1
21,PhD,Data Science,0,3,0,48,36,42,66,64,52,53,65,53,70,57,4,5,66,56,66,67,Machine Learning Engineer,1
42,Diploma,Computer Science,2.9,1,2,86,89,100,100,75,91,61,61,58,46,97,4,2,79,78,89,73,Data Analyst,1
27,Bachelor's,Computer Science,3.1,2,3,59,72,70,83,89,51,73,87,53,59,68,0,3,72,74,68,38,Software Developer,1
41,PhD,Computer Science,13.0,1,2,87,61,41,47,75,68,91,71,69,38,84,7,5,87,67,71,79,Software Developer,1
23,Bachelor's,Data Science,2,0,1,54,74,64,66,75,49,81,38,81,61,68,1,3,52,56,68,38,Software Developer,0
31,Bachelor's,Information Technology,2.3,0,1,39,32,14,24,18,47,14,65,86,25,38,2,3,60,50,43,62,DevOps Engineer,1
39,Bachelor's,Computer Science,0.1,0,0,73,87,79,89,77,63,60,60,64,92,94,5,2,71,76,83,55,Software Developer,1
31,PhD,Computer Science,2.0,0,1,59,45,56,65,36,43,35,46,69,52,50,3,2,68,48,47,28,Full Stack Developer,1
41,Bachelor's,Electrical Engineering,6.5,2,2,44,52,48,16,46,34,38,52,25,71,43,3,3,74,56,48,38,QA Engineer,1
27,Bachelor's,Computer Science,0.5,1,0,44,35,38,36,55,54,37,61,57,42,49,0,2,44,50,58,35,Machine Learning Engineer,0
29,Bachelor's,Electrical Engineering,1.0,1,1,62,64,73,88,92,85,71,68,79,54,68,0,1,66,61,66,21,Cloud Engineer,1
29,Bachelor's,Data Science,2.4,1,1,46,38,40,47,31,53,29,69,65,64,45,6,4,73,55,57,57,Machine Learning Engineer,1
27,Master's,Electrical Engineering,4.2,3,3,90,59,83,77,89,57,76,54,63,83,68,4,3,82,63,74,68,Backend Developer,1
23,Diploma,Computer Science,0.4,0,0,50,62,57,62,70,17,29,72,70,46,54,2,3,62,63,58,23,DevOps Engineer,0
20,Bachelor's,Computer Science,0,0,0,60,69,54,19,64,51,68,62,62,81,47,1,1,68,54,56,45,Machine Learning Engineer,1
20,Bachelor's,Electrical Engineering,0,0,0,5,10,5,6,10,5,18,59,26,53,34,1,1,36,50,47,31,Cloud Engineer,0
42,Diploma,Computer Science,1.1,0,1,79,74,57,64,75,69,64,63,55,65,68,3,1,80,71,61,59,Machine Learning Engineer,1
39,Diploma,Data Science,1.4,1,1,94,100,73,88,97,76,100,70,74,88,91,3,4,82,77,81,43,QA Engineer,1
24,Bachelor's,Computer Science,3,1,1,45,58,57,54,54,49,67,57,64,65,75,2,2,61,66,68,43,Software Developer,1
28,Master's,Electrical Engineering,3.2,3,3,60,47,22,59,60,60,57,65,55,74,69,2,2,61,64,70,37,Software Developer,1
32,PhD,Other,3.6,1,3,66,78,61,39,75,48,43,57,30,57,51,3,1,63,60,61,56,Frontend Developer,1
37,Bachelor's,Data Science,0.4,0,0,71,47,54,66,42,61,65,60,64,48,51,6,2,85,56,34,71,Full Stack Developer,1
24,Bachelor's,Other,2.1,0,2,60,75,57,73,59,49,90,52,57,48,84,5,3,60,62,73,87,QA Engineer,1
28,Diploma,Electrical Engineering,1.1,1,1,87,54,48,65,74,78,85,52,44,52,78,4,1,75,64,71,70,Data Analyst,1
24,Diploma,Other,1.5,1,2,62,59,61,76,78,85,46,84,61,87,50,4,3,68,65,56,87,Software Developer,1
37,Master's,Data Science,4.2,0,2,54,62,74,43,67,63,54,83,54,56,78,5,1,73,73,72,74,Data Analyst,1
25,Master's,Computer Science,1.3,1,1,53,70,38,74,46,33,39,50,45,76,58,4,4,58,52,58,63,DevOps Engineer,1
40,Bachelor's,Computer Science,5.3,1,1,85,71,100,100,93,100,97,100,60,41,100,4,3,92,94,87,55,Software Developer,1
38,Master's,Electrical Engineering,2.1,1,1,66,66,57,50,58,59,61,77,72,73,63,4,3,68,65,59,73,Full Stack Developer,1
42,Bachelor's,Computer Science,0.7,3,0,46,42,47,30,40,66,63,62,89,52,33,5,2,64,43,45,84,DevOps Engineer,1
42,Bachelor's,Other,0.2,2,0,54,20,40,22,34,59,53,97,72,77,50,4,1,75,70,60,17,Cloud Engineer,1
41,Bachelor's,Data Science,2.4,3,1,78,73,59,28,52,50,65,51,77,72,57,5,3,78,57,55,84,Cloud Engineer,1
22,Bachelor's,Other,1,1,1,77,97,53,73,82,63,67,27,54,74,59,4,4,65,46,56,46,Data Analyst,1
24,Diploma,Information Technology,2.4,2,2,49,47,52,62,60,51,71,70,65,76,70,3,3,67,70,66,66,Frontend Developer,1
41,Master's,Electrical Engineering,0.4,2,0,27,9,18,19,45,15,46,91,67,77,35,3,1,66,65,53,23,Backend Developer,1
27,Bachelor's,Data Science,4.0,2,3,36,38,22,50,46,35,32,40,56,34,30,3,0,45,38,47,43,Software Developer,0
21,Bachelor's,Electrical Engineering,0,3,0,44,35,56,24,28,40,47,67,44,62,40,3,3,62,57,45,79,DevOps Engineer,1
26,Bachelor's,Computer Science,1.0,0,1,18,30,33,36,47,27,63,59,65,58,52,3,2,49,55,59,57,Backend Developer,1
39,Bachelor's,Electrical Engineering,0.4,1,0,80,70,76,91,81,81,94,94,44,83,82,3,3,86,79,80,60,Machine Learning Engineer,1
39,Bachelor's,Data Science,3.2,2,2,32,32,22,59,44,51,18,49,75,78,45,3,2,45,53,42,43,Backend Developer,0
29,Diploma,Information Technology,1.3,2,1,30,29,21,14,16,13,5,76,59,63,45,3,1,60,59,45,37,Cloud Engineer,0
37,Bachelor's,Information Technology,2.4,4,1,50,48,36,34,12,5,56,86,43,82,46,4,5,72,65,57,89,Cloud Engineer,1
21,Diploma,Data Science,0,3,0,76,84,85,93,73,57,62,64,51,51,79,2,3,71,73,82,28,Full Stack Developer,1
35,Bachelor's,Electrical Engineering,2.6,2,2,57,63,37,24,30,27,41,47,34,71,27,3,2,60,41,42,72,Cloud Engineer,0
32,Bachelor's,Data Science,0.1,0,0,81,95,76,78,71,90,69,70,35,41,78,5,2,69,73,75,67,Machine Learning Engineer,1
23,Master's,Other,2,1,2,77,80,83,77,81,62,74,55,59,76,77,4,2,75,63,71,82,DevOps Engineer,1
40,Bachelor's,Other,1.6,3,1,46,45,56,33,10,45,52,48,71,71,51,2,2,46,50,59,26,Machine Learning Engineer,0
25,Bachelor's,Computer Science,3.1,0,1,73,50,82,71,83,66,81,42,68,58,78,3,3,61,54,80,88,QA Engineer,1
21,Bachelor's,Information Technology,0,0,0,64,86,61,62,81,72,75,56,61,38,86,7,0,75,70,70,86,Machine Learning Engineer,1
32,Diploma,Electrical Engineering,2.8,3,1,69,86,87,79,74,62,88,70,63,61,79,2,1,81,72,61,41,Cloud Engineer,1
36,Bachelor's,Information Technology,1.8,1,2,39,39,34,59,38,40,57,57,30,59,39,2,3,57,49,49,25,QA Engineer,0
31,Master's,Electrical Engineering,0.4,0,0,56,74,51,56,78,71,69,39,31,67,51,1,4,60,45,53,36,Software Developer,1
22,Master's,Other,0.8,2,0,59,53,40,47,83,68,38,53,64,53,75,1,2,59,63,77,5,Frontend Developer,1
36,Bachelor's,Other,1.9,3,2,78,90,61,55,50,72,73,80,52,75,63,6,2,82,70,66,61,Backend Developer,1
30,Bachelor's,Computer Science,3.1,0,1,79,68,87,70,76,68,77,29,54,64,80,5,3,64,54,79,48,DevOps Engineer,1
27,Diploma,Information Technology,3.6,2,1,87,60,82,95,82,97,59,54,41,57,68,4,3,75,54,64,54,Software Developer,1
22,Diploma,Computer Science,0.6,3,0,90,64,60,83,63,89,74,33,73,58,89,4,5,68,58,74,60,Data Analyst,1
20,Bachelor's,Computer Science,0,0,0,42,61,39,52,53,19,37,55,72,61,40,3,2,55,45,52,80,Machine Learning Engineer,0
27,Diploma,Data Science,2.2,1,1,99,92,76,64,67,69,80,72,48,45,96,4,3,97,76,85,82,Software Developer,1
34,Bachelor's,Other,7.4,0,1,74,61,46,39,69,52,67,62,49,44,77,4,4,70,68,60,75,Backend Developer,1
37,Bachelor's,Computer Science,3.5,0,3,68,56,80,75,52,65,39,49,27,68,68,3,1,57,55,67,60,Full Stack Developer,1
39,Bachelor's,Computer Science,0.1,0,0,66,39,57,76,77,66,100,67,66,55,71,4,3,66,69,61,78,Cloud Engineer,1
25,Bachelor's,Computer Science,1.4,2,1,52,54,64,46,75,44,54,66,100,78,61,4,3,60,64,53,51,Software Developer,1
29,Bachelor's,Electrical Engineering,7.3,0,1,73,59,46,88,65,46,49,52,98,56,54,2,4,63,48,51,36,Frontend Developer,1
38,Bachelor's,Other,4.8,0,4,46,22,44,5,24,11,9,92,64,90,18,5,2,75,56,37,65,Frontend Developer,1
40,Diploma,Electrical Engineering,5.7,0,2,75,97,51,71,85,66,57,39,52,75,75,5,2,70,59,59,87,Cloud Engineer,1
40,Diploma,Data Science,0.8,1,0,96,86,76,99,77,67,67,65,61,49,96,7,0,92,72,82,100,DevOps Engineer,1
29,Bachelor's,Electrical Engineering,8,1,4,76,77,75,78,68,50,73,43,54,77,61,3,2,58,49,54,94,QA Engineer,1
27,Bachelor's,Information Technology,0.5,1,0,100,97,100,100,100,100,79,73,76,65,78,3,2,94,71,70,55,QA Engineer,1
42,Bachelor's,Computer Science,1.3,1,1,58,49,74,62,46,59,63,70,64,61,39,5,3,80,53,47,60,QA Engineer,1
39,PhD,Data Science,1.4,0,1,23,39,43,7,30,19,5,53,55,47,26,4,0,58,38,37,49,Cloud Engineer,0
39,Diploma,Electrical Engineering,0.2,1,0,39,70,56,78,53,8,66,55,70,58,61,3,3,61,58,61,32,QA Engineer,1
32,Bachelor's,Information Technology,2.6,0,2,29,26,40,42,13,50,52,49,47,68,11,3,1,59,37,32,30,Machine Learning Engineer,0
27,Master's,Computer Science,1.5,3,2,81,81,73,58,81,73,70,66,56,57,70,3,1,81,62,67,18,Machine Learning Engineer,1
31,PhD,Other,2.4,0,2,45,34,40,21,45,20,24,62,48,75,23,2,1,60,48,33,50,Frontend Developer,0
34,Bachelor's,Information Technology,4.2,0,2,34,21,44,47,23,18,5,62,62,66,30,3,0,64,51,35,20,Software Developer,0
28,Bachelor's,Computer Science,2.3,2,1,38,28,35,46,40,27,47,59,81,50,50,0,4,61,52,61,30,Frontend Developer,0
38,Bachelor's,Data Science,0.2,1,0,34,20,33,54,42,46,53,43,56,67,34,4,3,52,44,52,37,Software Developer,0
21,Bachelor's,Data Science,0,0,0,51,57,46,61,45,68,50,72,42,42,62,4,0,76,59,62,50,QA Engineer,1
40,Bachelor's,Other,4.1,0,3,56,57,72,43,38,27,41,53,59,69,32,5,4,73,48,39,76,Software Developer,1
26,PhD,Electrical Engineering,1.7,0,2,40,44,33,36,53,29,26,51,56,53,53,0,2,51,53,58,35,DevOps Engineer,0
31,Bachelor's,Other,2.0,3,1,52,54,52,30,46,66,51,47,53,52,53,3,4,52,47,59,78,Backend Developer,0
29,PhD,Other,0.6,2,0,52,56,52,55,64,54,68,54,74,68,49,3,3,60,56,63,37,Full Stack Developer,1
39,Bachelor's,Information Technology,5.3,1,4,68,50,51,60,86,57,30,55,46,99,46,4,2,63,53,47,46,Data Analyst,1
37,Bachelor's,Electrical Engineering,1.0,0,1,54,22,54,22,20,31,22,97,43,66,44,4,0,78,67,47,64,Machine Learning Engineer,1
32,Bachelor's,Data Science,2.4,2,1,49,14,28,19,43,17,23,39,71,62,28,4,3,59,42,49,33,Data Analyst,1
27,Master's,Information Technology,3.7,1,1,56,46,55,38,59,26,13,52,81,62,66,1,2,54,58,62,42,DevOps Engineer,0
28,Bachelor's,Other,2.8,0,2,68,65,76,81,52,80,57,38,39,59,60,4,2,67,57,60,54,Frontend Developer,1
39,Bachelor's,Other,0.2,1,0,56,38,55,86,73,52,46,63,34,63,64,3,1,60,62,67,73,Frontend Developer,1
27,Bachelor's,Other,1.1,2,1,46,35,33,44,40,17,45,67,62,55,22,1,3,64,49,28,69,DevOps Engineer,0
42,Diploma,Electrical Engineering,0.4,0,0,68,63,35,31,51,30,27,57,46,50,45,2,3,60,57,48,66,Software Developer,1
30,Bachelor's,Information Technology,1.8,1,2,67,42,71,67,44,38,63,67,44,79,65,2,2,71,69,59,5,Backend Developer,1
31,Diploma,Electrical Engineering,2.1,1,1,94,85,72,79,80,72,60,58,48,60,58,2,2,78,61,59,92,Cloud Engineer,1
29,Diploma,Data Science,2.2,0,1,84,70,75,56,71,100,73,46,54,58,100,5,3,74,66,83,79,Backend Developer,1
23,PhD,Other,2,0,1,75,74,95,99,79,65,93,64,54,79,88,4,4,77,73,77,56,Cloud Engineer,1
23,Master's,Other,0.4,1,0,81,47,64,73,86,78,81,45,56,63,35,4,5,70,48,56,70,DevOps Engineer,1
26,Master's,Other,1.3,3,1,25,42,57,5,39,30,45,40,54,57,40,2,0,44,43,39,53,Cloud Engineer,0
41,Bachelor's,Information Technology,0.9,1,0,37,45,40,36,23,31,11,70,66,53,20,2,1,65,46,47,56,Backend Developer,0
25,Bachelor's,Data Science,4,1,2,41,44,57,68,12,47,28,35,49,73,55,5,3,55,49,58,81,Data Analyst,1
21,Bachelor's,Information Technology,0,1,0,70,42,74,69,56,55,84,59,54,48,49,4,3,64,57,54,88,DevOps Engineer,1
41,Bachelor's,Electrical Engineering,1.6,2,1,74,81,65,81,63,86,61,53,73,71,89,4,2,72,75,77,36,QA Engineer,1
38,Diploma,Computer Science,4.8,1,2,92,55,65,66,70,68,100,74,66,63,76,5,2,92,74,75,81,DevOps Engineer,1
22,Master's,Other,1,0,1,63,39,61,55,59,55,55,47,51,69,73,2,0,60,63,73,69,Full Stack Developer,1
38,Bachelor's,Computer Science,4.3,0,1,100,74,98,100,100,86,88,66,39,86,100,9,3,92,76,81,91,Cloud Engineer,1
31,Bachelor's,Electrical Engineering,6.6,3,1,93,71,86,68,83,72,56,55,61,62,78,5,3,80,67,79,63,Cloud Engineer,1
34,Bachelor's,Other,9.8,0,2,100,87,85,100,82,78,75,68,63,32,82,5,4,90,70,74,100,QA Engineer,1
41,Bachelor's,Other,1.7,1,2,52,48,50,55,41,42,9,51,64,100,46,2,2,59,53,64,77,DevOps Engineer,1
38,Bachelor's,Other,1.1,0,1,56,59,67,49,44,38,62,72,79,61,62,3,4,73,63,69,75,Machine Learning Engineer,1
24,Diploma,Other,0.5,3,0,37,55,41,36,39,44,30,40,48,84,52,3,4,52,49,52,53,Frontend Developer,0
32,Bachelor's,Computer Science,5.6,4,4,79,73,71,65,59,66,47,87,38,53,55,3,2,82,69,51,58,DevOps Engineer,1
41,Bachelor's,Electrical Engineering,2.0,2,2,99,100,79,100,85,94,100,58,46,78,100,7,3,91,76,94,91,Software Developer,1
30,Master's,Data Science,1.1,0,1,66,60,82,72,35,57,61,55,71,72,60,5,1,76,56,72,67,Full Stack Developer,1
41,Bachelor's,Other,0.7,2,0,50,40,48,56,44,36,42,31,52,52,60,3,3,50,45,60,70,Data Analyst,1
37,Diploma,Electrical Engineering,7.9,0,1,100,74,86,77,83,82,69,59,69,41,86,5,0,82,71,75,82,Frontend Developer,1
23,Bachelor's,Data Science,0.3,1,0,65,59,78,57,78,67,61,61,78,89,68,4,1,66,60,57,50,Full Stack Developer,1
28,Diploma,Other,0.0,4,0,81,83,94,81,77,77,40,58,88,94,60,5,1,77,55,65,62,Full Stack Developer,1
26,Bachelor's,Information Technology,0.5,1,0,73,51,43,49,40,27,57,74,71,41,57,3,2,69,58,54,65,DevOps Engineer,1
33,Bachelor's,Other,0.3,3,0,30,26,47,57,27,12,33,31,74,63,33,3,0,40,36,53,73,DevOps Engineer,0
34,Master's,Information Technology,0.2,1,0,44,5,41,39,31,29,17,60,62,70,32,3,1,64,52,39,55,DevOps Engineer,0
26,Bachelor's,Computer Science,3.0,1,3,77,69,84,68,57,91,65,56,31,69,75,5,1,76,61,60,61,QA Engineer,1
28,Diploma,Electrical Engineering,0.4,1,0,15,24,15,10,24,8,19,84,78,75,28,4,1,50,53,42,60,Cloud Engineer,0
32,Bachelor's,Information Technology,0.2,1,0,36,48,25,22,47,54,52,75,59,38,32,1,1,55,51,46,27,Data Analyst,0
31,Bachelor's,Data Science,4.1,2,3,58,44,36,43,62,21,42,68,70,33,51,5,2,71,57,49,72,Software Developer,1
22,Bachelor's,Other,1,1,1,25,38,42,27,37,57,41,49,34,69,43,3,2,50,46,54,35,Machine Learning Engineer,0
42,Bachelor's,Information Technology,1.3,0,1,50,55,40,59,48,66,46,55,53,51,32,4,0,67,44,38,50,Data Analyst,1
42,Diploma,Computer Science,3.0,3,3,61,33,66,64,44,49,67,49,58,86,58,3,4,62,52,58,62,Data Analyst,1
35,Master's,Other,1.8,0,1,81,77,51,65,76,35,70,44,50,73,66,4,4,66,54,61,36,Full Stack Developer,1
30,Diploma,Other,1.0,0,1,54,64,44,45,30,40,63,48,79,53,55,2,5,57,54,56,34,Frontend Developer,0
31,Master's,Data Science,4.4,1,3,75,49,35,53,48,51,49,46,42,45,58,2,3,61,57,58,61,Software Developer,1
32,Master's,Other,5.0,1,3,78,65,61,37,63,65,52,37,57,56,62,3,2,79,54,63,53,Cloud Engineer,1
35,Master's,Other,1.6,1,1,36,30,34,9,39,5,12,42,78,78,24,0,1,41,41,48,50,QA Engineer,0
29,Bachelor's,Electrical Engineering,0.1,1,0,37,58,53,48,41,71,64,65,100,73,35,2,2,53,52,46,56,Backend Developer,1
31,Master's,Information Technology,2.9,1,2,62,75,60,58,45,53,64,59,55,75,48,4,0,68,59,55,72,Software Developer,1
42,Bachelor's,Other,2.6,0,2,57,56,67,70,56,77,42,51,34,79,61,4,1,64,56,70,75,QA Engineer,1
33,Bachelor's,Computer Science,0.9,2,0,71,77,58,64,76,72,64,48,76,65,68,2,0,66,61,69,46,Data Analyst,1
33,Diploma,Data Science,3.5,1,3,51,43,21,23,26,5,8,35,41,70,21,2,2,61,36,37,33,DevOps Engineer,0
30,Bachelor's,Data Science,0.5,2,0,60,73,80,65,53,35,71,53,52,74,73,5,2,69,67,71,100,Software Developer,1
21,Bachelor's,Other,0,2,0,46,30,32,22,34,29,36,75,72,68,25,4,2,80,53,40,42,Data Analyst,1
25,Master's,Electrical Engineering,3.9,1,3,56,69,72,66,43,43,52,31,60,70,59,4,5,70,51,58,65,Frontend Developer,1
21,Bachelor's,Computer Science,0,1,0,44,61,66,36,67,61,59,27,74,82,60,2,4,50,49,55,49,Data Analyst,0
28,PhD,Electrical Engineering,3.5,2,2,46,50,57,73,39,44,42,58,13,70,37,2,3,57,51,48,49,Cloud Engineer,1
41,Bachelor's,Other,0.4,0,0,100,84,83,58,77,69,57,62,22,50,52,2,3,84,63,66,71,Cloud Engineer,1
31,Bachelor's,Computer Science,7.6,0,5,38,42,45,56,38,59,42,45,44,77,50,1,1,47,50,54,37,DevOps Engineer,0
29,Diploma,Information Technology,2.5,4,2,88,61,58,39,48,73,85,45,34,35,55,5,3,73,52,60,67,DevOps Engineer,1
39,Bachelor's,Data Science,4.4,0,3,59,63,59,43,86,50,60,71,35,69,76,3,4,64,66,78,59,DevOps Engineer,1
39,Bachelor's,Data Science,1.9,0,1,49,38,42,60,31,25,27,67,42,80,52,6,2,71,61,41,58,Machine Learning Engineer,1
37,Diploma,Electrical Engineering,2.1,4,1,67,82,33,61,56,58,79,51,55,59,58,5,4,74,56,60,99,Software Developer,1
42,Master's,Data Science,2.2,2,2,43,32,29,48,20,21,20,59,64,63,37,3,1,57,52,48,41,Cloud Engineer,0
41,Bachelor's,Information Technology,1.3,0,1,59,62,70,37,49,58,55,84,80,98,66,2,3,65,73,63,36,Data Analyst,1
28,Bachelor's,Information Technology,0.3,0,0,36,34,44,31,54,49,34,71,49,52,55,3,1,66,64,66,13,Cloud Engineer,1
22,Bachelor's,Data Science,1,2,1,76,92,72,69,72,79,73,77,40,54,86,5,4,75,75,78,73,DevOps Engineer,1
42,Master's,Electrical Engineering,1.6,2,1,28,28,17,34,40,65,32,34,43,53,28,2,4,37,39,47,54,Full Stack Developer,0
40,Bachelor's,Information Technology,0.6,1,0,55,47,56,65,61,61,60,46,99,56,65,3,4,56,54,60,51,DevOps Engineer,1
26,Master's,Data Science,2.9,1,2,53,56,39,73,56,43,45,74,48,81,55,3,0,78,66,55,52,Cloud Engineer,1
32,Diploma,Information Technology,4.4,1,2,74,39,73,41,57,49,76,40,66,72,37,4,3,63,46,48,76,Data Analyst,1
30,Bachelor's,Information Technology,0.3,3,0,35,73,59,78,44,36,63,53,57,91,60,4,4,59,59,55,41,Software Developer,1
31,Bachelor's,Electrical Engineering,4.5,2,4,85,77,71,74,57,76,67,66,60,44,72,7,2,78,64,75,97,Software Developer,1
28,Bachelor's,Other,4.1,1,3,56,50,56,35,66,49,66,65,58,54,78,2,3,64,69,73,56,Cloud Engineer,1
35,Bachelor's,Other,8.4,2,2,75,44,38,57,26,55,73,68,38,47,23,4,3,75,46,38,73,Cloud Engineer,1
24,Master's,Computer Science,0.0,1,0,75,61,55,68,82,72,46,48,49,49,56,5,1,67,56,64,73,Frontend Developer,1
35,Diploma,Other,5.0,0,2,95,71,98,75,77,63,69,52,61,60,80,4,1,79,54,70,44,Full Stack Developer,1
25,Bachelor's,Information Technology,0.6,1,0,48,27,55,53,68,52,29,69,64,70,30,3,3,67,52,42,64,Machine Learning Engineer,0
40,Diploma,Data Science,2.5,1,1,58,66,43,73,75,52,91,59,47,87,47,4,2,62,53,55,41,Data Analyst,0
23,Master's,Information Technology,2,3,1,63,52,87,68,82,70,75,57,86,88,83,1,2,64,63,71,50,Data Analyst,1
34,Bachelor's,Data Science,0.9,1,0,76,36,77,57,50,70,60,40,30,64,52,5,4,72,50,49,81,QA Engineer,1
21,Bachelor's,Data Science,0,0,0,73,53,61,81,57,40,69,69,41,35,71,4,3,77,66,67,32,Machine Learning Engineer,1
36,Bachelor's,Information Technology,0.4,2,0,68,73,63,71,46,74,65,64,63,65,61,4,2,72,62,77,59,Data Analyst,1
37,Bachelor's,Data Science,2.9,0,2,78,88,79,52,62,61,48,83,50,64,60,4,2,84,64,55,62,Frontend Developer,1
38,Master's,Information Technology,3.5,1,1,70,75,65,76,63,67,53,61,48,59,72,7,2,81,69,64,96,Backend Developer,1
36,Bachelor's,Other,1.7,2,1,41,58,53,64,60,34,58,54,38,30,65,1,2,53,64,51,72,Data Analyst,1
31,Diploma,Electrical Engineering,0.7,2,0,55,57,72,45,66,40,36,61,44,76,32,4,2,60,47,35,39,Full Stack Developer,0
24,Bachelor's,Data Science,0.7,0,0,74,66,65,81,80,53,74,58,71,61,75,5,3,63,62,68,69,Software Developer,1
26,Bachelor's,Computer Science,5,0,1,47,92,35,72,85,82,54,69,60,32,57,1,2,51,61,51,38,QA Engineer,1
38,PhD,Information Technology,5.6,2,2,79,55,54,65,65,46,44,69,63,62,52,6,3,84,58,52,61,Software Developer,1
39,Bachelor's,Electrical Engineering,0.3,3,0,46,27,40,51,59,42,55,40,37,71,16,5,1,61,38,43,37,QA Engineer,0
35,Bachelor's,Other,1.0,1,1,40,25,35,51,38,47,44,38,75,91,42,4,2,61,48,48,38,DevOps Engineer,0
22,Bachelor's,Computer Science,1,1,1,62,57,75,50,66,67,74,47,44,74,79,5,4,62,62,68,43,Frontend Developer,1
20,Diploma,Information Technology,0,4,0,43,36,57,53,46,43,48,54,56,70,32,3,1,55,42,39,60,Cloud Engineer,0
29,Master's,Information Technology,0.1,0,0,71,72,39,78,45,34,68,67,45,70,61,3,4,73,65,64,67,Frontend Developer,1
29,Bachelor's,Computer Science,5.0,0,1,71,52,79,66,55,62,41,54,74,59,58,1,2,69,58,54,69,Full Stack Developer,1
42,Master's,Data Science,2.3,1,2,49,65,40,29,47,31,41,53,66,59,54,2,3,58,58,60,75,Machine Learning Engineer,0
21,Diploma,Electrical Engineering,0,0,0,32,24,44,27,54,27,10,63,32,92,23,2,2,44,46,41,44,Frontend Developer,0
21,Bachelor's,Electrical Engineering,0,3,0,50,20,56,46,43,70,55,64,44,67,66,2,1,64,60,58,44,QA Engineer,1
21,Bachelor's,Other,0,0,0,47,58,68,62,68,40,37,34,26,73,65,2,1,44,51,62,42,Cloud Engineer,0
39,Bachelor's,Data Science,2.6,1,1,84,52,56,48,63,40,77,85,45,32,47,6,5,87,66,51,97,Software Developer,1
23,Bachelor's,Other,2,1,2,66,86,82,74,100,92,100,63,46,56,100,2,2,71,81,100,34,Machine Learning Engineer,1
40,Master's,Data Science,9.7,0,4,55,63,40,40,42,8,26,59,18,80,41,2,1,62,47,48,32,Data Analyst,1
35,Bachelor's,Electrical Engineering,0.4,1,0,73,25,49,53,51,21,22,98,44,42,52,2,1,72,68,57,31,Backend Developer,1
38,Master's,Electrical Engineering,7.2,2,4,91,88,78,83,91,81,52,53,49,71,73,5,1,88,63,63,83,QA Engineer,1
20,Diploma,Electrical Engineering,0,0,0,100,87,98,100,93,94,73,72,77,58,100,5,3,89,81,86,61,Backend Developer,1
25,Bachelor's,Data Science,3.3,0,1,63,57,62,71,44,69,67,75,13,64,52,5,4,81,65,44,66,Machine Learning Engineer,1
39,Diploma,Computer Science,3.8,0,3,31,33,29,34,16,51,21,30,56,60,25,1,2,42,35,32,37,Machine Learning Engineer,0
23,Master's,Electrical Engineering,1.6,1,1,82,100,88,89,93,76,100,59,63,53,100,6,4,82,76,89,100,Machine Learning Engineer,1
42,Bachelor's,Other,1.7,2,1,80,67,62,72,93,70,64,65,40,65,76,4,3,74,65,71,74,DevOps Engineer,1
28,Bachelor's,Computer Science,4.5,0,1,97,96,73,84,81,67,95,59,58,78,99,5,4,84,76,90,47,Cloud Engineer,1
23,Bachelor's,Computer Science,2,1,2,81,69,65,89,79,77,44,52,100,41,85,3,3,72,67,66,52,Software Developer,1
32,Bachelor's,Electrical Engineering,2.3,2,2,68,56,39,59,59,68,56,66,52,59,50,6,3,74,63,51,86,Machine Learning Engineer,1
41,Bachelor's,Electrical Engineering,0.3,3,0,76,85,71,51,52,54,33,86,57,64,83,8,3,86,81,67,57,Data Analyst,1
28,Bachelor's,Computer Science,1.6,3,2,51,42,33,75,83,46,68,39,30,74,66,4,4,56,54,59,48,Cloud Engineer,1
28,Bachelor's,Data Science,3.5,2,2,84,66,52,76,32,67,76,72,64,63,80,0,3,73,66,77,69,Software Developer,1
25,Bachelor's,Electrical Engineering,4,0,2,89,73,73,71,64,96,69,53,39,63,45,1,3,71,43,48,45,Data Analyst,1
30,Bachelor's,Other,1.5,2,1,57,36,55,69,54,42,42,56,73,55,66,2,3,65,64,59,54,DevOps Engineer,1
37,Bachelor's,Data Science,12.5,1,3,77,72,60,59,69,63,46,69,61,64,62,5,3,77,65,58,45,Software Developer,1
33,Bachelor's,Other,7.5,0,2,64,66,72,71,78,87,58,58,51,55,66,2,0,71,55,67,42,Backend Developer,1
38,Bachelor's,Other,0.3,0,0,38,25,29,43,68,5,18,69,66,45,23,6,2,72,50,36,81,Frontend Developer,1
40,Diploma,Information Technology,2.3,1,2,70,65,61,71,50,60,24,45,38,73,36,2,3,71,46,44,61,QA Engineer,1
29,Bachelor's,Other,1.6,4,2,43,48,33,40,39,19,38,60,57,66,52,5,4,59,54,44,33,QA Engineer,0
24,Bachelor's,Computer Science,3,2,2,54,51,68,46,67,35,44,42,66,87,56,3,1,53,47,60,49,Backend Developer,1
27,Bachelor's,Information Technology,0.2,1,0,56,58,36,39,23,22,37,35,56,59,72,1,6,46,47,65,36,Full Stack Developer,1
40,Bachelor's,Other,7.5,0,1,53,46,46,49,48,63,42,67,68,62,34,6,0,69,48,45,79,Data Analyst,1
31,Diploma,Information Technology,3.6,4,3,86,49,63,57,48,68,57,37,36,75,61,3,3,77,50,56,73,Full Stack Developer,1
35,Bachelor's,Information Technology,4.6,0,2,60,53,54,52,60,34,49,63,40,72,64,3,2,73,61,66,70,Data Analyst,1
35,Master's,Data Science,0.2,0,0,81,50,93,92,75,90,76,72,43,70,76,5,3,73,68,65,77,DevOps Engineer,1
27,Diploma,Information Technology,1.1,2,1,40,23,46,47,27,36,30,56,72,69,16,0,1,50,41,44,61,Data Analyst,0
32,Diploma,Electrical Engineering,0.7,3,0,62,27,60,65,35,45,21,52,46,65,45,2,1,70,49,62,62,Machine Learning Engineer,1
37,Bachelor's,Electrical Engineering,3.5,2,1,81,70,65,90,68,83,76,51,24,47,48,3,4,77,49,65,55,Full Stack Developer,1
30,Diploma,Electrical Engineering,4.5,3,4,36,57,34,22,36,35,25,40,49,58,33,3,0,56,40,48,51,Backend Developer,0
32,Master's,Information Technology,0.1,0,0,59,59,81,67,74,83,57,60,52,87,69,1,4,64,66,67,40,Data Analyst,1
22,Bachelor's,Information Technology,1,2,1,22,15,44,28,40,31,21,58,78,60,35,4,0,50,46,47,38,Full Stack Developer,0
26,Bachelor's,Other,3.4,1,2,34,42,19,36,22,57,31,65,47,82,45,3,3,65,57,51,25,Software Developer,1
25,Master's,Data Science,4,3,3,38,37,29,15,32,19,40,53,64,65,38,5,0,59,48,48,53,Cloud Engineer,1
31,Bachelor's,Electrical Engineering,0.7,1,0,43,54,59,69,62,37,85,60,60,28,44,3,2,64,51,45,81,Full Stack Developer,0
33,Bachelor's,Electrical Engineering,2.6,2,2,73,52,85,71,57,79,26,70,76,77,64,3,4,74,66,57,67,Cloud Engineer,1
42,Bachelor's,Other,2.6,1,2,75,69,80,75,47,78,38,80,69,50,66,3,1,81,73,58,32,Cloud Engineer,1
38,Master's,Electrical Engineering,0.4,2,0,42,51,45,73,54,66,27,65,65,65,43,0,2,56,46,65,23,DevOps Engineer,0
39,Bachelor's,Computer Science,2.5,3,1,78,67,49,52,82,71,78,49,59,50,71,3,4,63,54,69,77,Backend Developer,1
21,Diploma,Information Technology,0,0,0,62,69,51,74,65,62,40,57,37,64,55,4,1,63,59,61,46,DevOps Engineer,1
21,Diploma,Electrical Engineering,0,0,0,86,86,68,72,89,96,40,75,66,65,71,3,3,83,75,61,59,Cloud Engineer,1
33,Diploma,Electrical Engineering,3.8,1,2,92,81,72,92,79,80,61,68,71,64,96,6,4,90,78,79,73,Software Developer,1
29,PhD,Electrical Engineering,4.1,2,2,58,45,56,71,58,36,30,68,36,63,45,3,3,73,54,48,69,Cloud Engineer,1
26,Bachelor's,Other,1.0,1,1,66,88,77,76,79,55,64,77,47,59,59,2,3,66,64,56,58,Frontend Developer,1
27,Diploma,Electrical Engineering,2.3,0,2,59,69,65,52,70,73,49,61,59,59,70,2,0,73,64,70,41,Cloud Engineer,1
24,Bachelor's,Electrical Engineering,2.6,4,2,24,30,36,40,46,20,8,83,67,35,31,0,0,54,53,44,16,Full Stack Developer,1
30,Master's,Other,2.7,1,1,82,100,100,90,59,93,100,74,64,72,66,4,5,78,61,54,50,Full Stack Developer,1
37,Master's,Data Science,1.9,1,2,61,51,33,67,48,44,60,67,80,69,50,4,2,67,54,46,59,Full Stack Developer,1
30,Bachelor's,Computer Science,3.8,3,1,57,62,64,60,59,88,73,67,68,55,57,0,4,65,60,61,22,Cloud Engineer,1
40,Bachelor's,Information Technology,4.4,2,3,69,58,77,70,71,49,71,76,85,39,46,4,2,78,54,63,99,DevOps Engineer,1
22,Bachelor's,Information Technology,0.1,0,0,63,61,83,52,47,55,52,69,65,47,43,5,4,70,55,46,55,Full Stack Developer,1
33,Diploma,Computer Science,1.5,1,1,56,39,38,34,48,46,86,63,75,66,39,3,1,68,50,43,84,QA Engineer,1
39,Bachelor's,Computer Science,1.3,1,1,52,58,70,62,44,60,96,53,67,82,51,3,2,58,57,52,34,Data Analyst,0
23,Bachelor's,Information Technology,2,3,2,95,74,63,54,100,76,76,68,65,71,84,5,3,80,67,74,100,Machine Learning Engineer,1
27,Bachelor's,Information Technology,0.3,0,0,74,64,79,61,55,53,63,43,59,100,55,3,1,61,51,57,89,Machine Learning Engineer,1
34,Bachelor's,Other,0.5,1,0,45,52,43,57,45,55,39,60,64,48,64,6,4,69,62,63,70,Cloud Engineer,1
22,Bachelor's,Information Technology,0.1,1,0,66,66,73,75,100,64,63,50,52,40,81,5,3,72,67,84,76,QA Engineer,1
38,Bachelor's,Information Technology,8.0,0,2,60,36,48,40,69,50,25,33,58,51,53,4,2,69,44,51,77,Cloud Engineer,0
20,Bachelor's,Electrical Engineering,0,0,0,59,83,46,25,63,55,34,64,47,43,51,2,2,70,57,47,43,Cloud Engineer,1
24,Bachelor's,Data Science,2.6,3,1,60,52,45,57,61,50,43,91,40,44,57,5,2,84,74,58,51,Frontend Developer,1
38,Master's,Electrical Engineering,0.5,2,0,60,52,72,73,54,41,51,60,48,65,73,5,2,70,62,59,88,Cloud Engineer,1
32,Diploma,Information Technology,0.3,2,0,61,85,77,81,73,67,57,74,77,58,73,3,0,65,71,68,45,Full Stack Developer,1
28,Bachelor's,Other,0.8,0,0,71,90,67,47,79,69,57,52,55,57,55,2,3,64,51,65,55,Cloud Engineer,1
27,Diploma,Other,3.5,0,1,59,60,41,70,76,59,38,78,10,61,36,6,2,85,61,41,56,Data Analyst,1
36,Bachelor's,Computer Science,1.3,1,1,43,75,95,46,71,57,64,65,72,68,65,6,2,69,58,74,51,Frontend Developer,1
27,Bachelor's,Electrical Engineering,6,1,4,86,69,80,52,80,69,34,49,53,80,75,5,1,74,65,84,55,Data Analyst,1
28,Master's,Data Science,1.4,0,1,92,78,67,82,70,89,59,78,42,57,100,4,3,84,78,94,52,DevOps Engineer,1
25,Bachelor's,Computer Science,0.7,1,0,80,66,97,89,75,85,65,58,50,56,96,6,1,83,74,79,97,Frontend Developer,1
29,Bachelor's,Data Science,6.3,0,5,54,56,59,55,56,61,72,42,75,56,61,4,2,67,54,58,73,QA Engineer,1
22,Bachelor's,Electrical Engineering,1,2,1,36,23,53,38,50,39,5,67,81,82,35,5,0,67,49,50,73,Data Analyst,0
23,Bachelor's,Data Science,2,1,2,91,91,100,66,78,79,71,37,61,71,78,3,3,62,53,61,43,Software Developer,1
34,Bachelor's,Information Technology,8.1,0,2,44,41,35,47,29,32,5,69,71,61,38,1,3,69,51,49,33,Cloud Engineer,0
40,Master's,Electrical Engineering,12.9,1,3,69,58,43,45,60,41,48,38,44,77,51,4,4,69,45,53,54,QA Engineer,1
33,Diploma,Other,0.4,0,0,76,53,51,61,33,45,70,59,49,67,52,7,5,80,52,63,100,Frontend Developer,1
31,Bachelor's,Electrical Engineering,6.4,2,4,57,56,50,69,62,42,46,46,44,65,41,3,1,47,43,53,50,Backend Developer,1
31,Bachelor's,Information Technology,0.3,2,0,71,58,65,56,58,55,70,38,77,68,58,3,1,65,46,57,100,Data Analyst,1
30,Master's,Data Science,7.0,0,4,63,36,21,70,69,34,37,40,45,47,50,2,1,54,44,55,65,Frontend Developer,1
33,Bachelor's,Information Technology,0.6,2,0,60,95,45,69,83,51,43,69,42,73,70,5,0,73,64,60,70,Frontend Developer,1
24,Bachelor's,Data Science,1.0,1,1,68,47,31,37,51,43,43,79,65,48,56,6,4,85,64,61,97,Frontend Developer,1
25,Master's,Electrical Engineering,2.3,1,1,54,51,76,76,59,61,76,60,47,76,70,2,3,68,60,67,47,Data Analyst,1
37,Bachelor's,Computer Science,0.4,4,0,47,67,30,77,17,79,43,48,67,45,53,3,1,58,55,59,58,Data Analyst,0
42,Bachelor's,Electrical Engineering,1.6,1,1,89,96,89,100,100,72,100,53,63,68,96,2,3,63,68,73,51,Frontend Developer,1
26,Bachelor's,Electrical Engineering,2.4,0,1,53,49,45,60,62,40,41,52,64,57,23,3,2,58,46,38,72,Data Analyst,0
41,Master's,Other,0.7,2,0,15,42,34,17,28,13,42,42,63,64,43,4,3,42,42,52,12,Frontend Developer,0
30,Bachelor's,Data Science,1.1,0,1,49,48,33,49,56,63,48,66,47,67,30,3,1,61,49,39,88,Machine Learning Engineer,1
40,Master's,Computer Science,4.6,4,3,62,14,50,28,33,14,13,28,67,42,32,5,1,67,33,45,74,DevOps Engineer,1
34,Diploma,Data Science,6.4,0,4,54,30,50,41,53,61,48,55,64,54,48,3,3,69,57,50,61,Software Developer,1
36,Bachelor's,Information Technology,0.3,1,0,95,100,100,100,99,93,100,56,58,74,83,5,2,77,64,75,63,Cloud Engineer,1
24,Master's,Data Science,0.6,2,0,64,55,27,73,52,41,20,52,92,66,62,3,0,66,56,58,98,Software Developer,1
28,Bachelor's,Information Technology,6.6,2,5,89,61,43,40,26,71,42,61,57,60,47,3,2,68,55,46,90,Backend Developer,1
38,Bachelor's,Other,3.1,2,1,66,52,66,39,52,79,46,46,35,64,56,5,2,64,55,55,86,DevOps Engineer,1
33,Bachelor's,Electrical Engineering,7.6,1,3,86,32,66,49,76,90,88,61,65,24,72,5,4,89,61,70,89,Frontend Developer,1
22,Bachelor's,Electrical Engineering,1,2,1,55,58,61,60,71,50,53,50,19,71,64,1,4,59,58,60,5,Machine Learning Engineer,1
35,Diploma,Data Science,12.4,1,1,90,84,64,83,87,52,43,29,67,49,84,3,4,63,60,67,38,QA Engineer,1
26,Bachelor's,Computer Science,5,0,2,65,74,56,64,65,53,72,63,32,63,76,6,1,77,67,68,87,Cloud Engineer,1
36,Bachelor's,Information Technology,0.2,2,0,65,55,10,63,44,50,59,85,47,52,62,5,2,72,71,58,63,Data Analyst,1
36,Bachelor's,Data Science,5.3,3,1,62,83,67,33,46,67,77,64,60,76,60,6,4,66,59,52,92,Data Analyst,1
33,Master's,Information Technology,2.5,1,1,62,52,37,58,23,43,50,35,51,46,55,4,3,64,51,46,48,Software Developer,1
25,Diploma,Computer Science,0.1,1,0,71,81,70,68,88,74,65,34,59,99,78,4,2,66,54,74,45,Backend Developer,1
26,Bachelor's,Computer Science,1.0,1,1,50,51,77,57,46,62,20,58,68,64,75,3,2,57,60,67,51,Backend Developer,1
37,Bachelor's,Other,0.1,4,0,58,74,53,60,43,70,97,55,30,58,82,3,3,67,67,72,62,QA Engineer,1
23,Bachelor's,Electrical Engineering,2,2,2,61,51,29,79,52,78,68,76,43,62,67,4,2,79,65,68,66,Software Developer,1
20,Bachelor's,Other,0,2,0,85,96,86,100,75,62,57,58,27,79,74,1,2,73,66,68,82,Backend Developer,1
42,Master's,Electrical Engineering,0.1,0,0,26,35,35,23,13,38,38,56,60,70,26,0,2,47,40,46,22,DevOps Engineer,0
38,Bachelor's,Information Technology,1.8,1,2,93,83,94,90,82,73,68,85,36,59,69,2,0,86,77,59,84,Software Developer,1
27,Master's,Computer Science,3.6,1,1,63,57,80,58,76,75,38,42,63,48,45,1,1,68,47,50,27,DevOps Engineer,0
24,Bachelor's,Data Science,0.5,0,0,69,83,54,68,53,52,35,79,74,71,22,3,2,77,53,38,73,Software Developer,1
37,Diploma,Data Science,0.2,2,0,46,46,25,50,23,18,19,55,40,64,51,4,1,67,56,55,53,Data Analyst,0
38,Bachelor's,Other,1.2,2,1,53,48,5,13,65,44,60,49,88,39,60,3,1,70,52,71,64,DevOps Engineer,1
22,Bachelor's,Information Technology,1,2,1,66,55,33,64,65,73,42,65,37,83,42,5,0,72,57,44,57,DevOps Engineer,1
31,Bachelor's,Information Technology,2.6,4,1,73,73,50,61,41,60,37,78,74,73,62,4,2,82,67,54,76,DevOps Engineer,1
25,Bachelor's,Information Technology,1.4,1,1,23,5,19,5,11,5,49,45,74,75,11,2,3,53,33,40,28,DevOps Engineer,0
40,Diploma,Computer Science,3.1,1,3,51,26,62,56,42,54,37,37,66,77,45,2,3,57,42,48,57,DevOps Engineer,0
39,Bachelor's,Electrical Engineering,3.8,1,1,54,31,39,49,20,53,57,66,60,71,26,4,5,61,48,37,66,Full Stack Developer,1
24,Bachelor's,Data Science,3,0,2,66,62,85,79,61,62,58,72,71,80,79,3,2,69,75,74,63,Cloud Engineer,1
34,Master's,Other,1.1,1,1,94,76,89,78,81,35,87,81,86,67,86,5,2,83,77,85,76,DevOps Engineer,1
35,Diploma,Data Science,6.0,0,1,56,65,46,40,55,66,38,50,76,82,55,3,2,57,61,54,53,DevOps Engineer,1
38,Bachelor's,Computer Science,4.7,0,3,64,56,54,51,61,19,49,68,45,80,33,1,4,65,53,39,32,Data Analyst,0
21,Diploma,Other,0,1,0,61,84,68,69,57,44,100,70,70,74,70,2,3,69,68,70,35,Frontend Developer,1
29,Bachelor's,Other,0.0,1,0,21,41,25,31,64,42,27,65,67,69,43,4,2,56,54,44,79,Full Stack Developer,0
27,Master's,Other,3.3,2,3,58,34,51,48,43,39,80,52,56,63,38,2,1,61,50,43,33,DevOps Engineer,1
23,Bachelor's,Information Technology,0.9,1,0,72,78,64,83,58,74,69,76,75,78,72,3,3,77,73,65,53,Machine Learning Engineer,1
27,PhD,Electrical Engineering,3.6,1,3,47,31,45,46,22,51,52,53,70,82,40,1,2,55,50,40,45,Data Analyst,0
33,Diploma,Other,0.8,0,0,46,57,69,57,75,62,56,38,65,59,68,4,3,70,58,64,76,Data Analyst,1
38,Diploma,Other,0.1,1,0,63,72,71,63,46,74,80,33,91,78,51,6,5,60,45,49,36,Backend Developer,0
41,Bachelor's,Information Technology,1.0,1,1,31,65,57,75,39,51,79,44,67,97,44,1,3,46,49,49,17,Data Analyst,0
20,Bachelor's,Electrical Engineering,0,0,0,63,68,53,77,43,38,51,34,57,67,63,1,3,58,55,61,22,QA Engineer,1
25,Bachelor's,Information Technology,4,1,3,38,57,37,44,63,42,25,77,65,65,57,5,1,69,62,65,18,Full Stack Developer,1
26,Bachelor's,Electrical Engineering,2.0,2,2,47,40,45,31,47,41,29,78,70,67,31,1,3,66,56,42,35,QA Engineer,1
38,Diploma,Information Technology,3.4,0,1,33,47,9,28,29,5,33,76,51,75,20,4,1,62,49,37,58,Cloud Engineer,0
22,Bachelor's,Electrical Engineering,1,2,1,76,24,62,71,71,34,25,73,68,92,81,2,5,71,70,59,95,Machine Learning Engineer,1
34,Master's,Other,3.7,0,2,96,82,99,66,81,100,86,61,72,37,81,3,4,83,71,70,41,Data Analyst,1
34,Bachelor's,Data Science,6.4,2,2,61,46,60,43,39,54,48,63,68,39,53,1,2,53,58,66,31,DevOps Engineer,1
41,Master's,Information Technology,0.4,1,0,41,71,37,38,44,38,59,27,5,70,50,1,2,43,44,49,20,DevOps Engineer,0
34,Bachelor's,Computer Science,3.8,0,2,62,59,69,81,56,64,23,53,73,79,71,5,2,72,62,75,67,Machine Learning Engineer,1
25,Diploma,Information Technology,0.1,1,0,49,33,49,57,31,47,36,43,50,76,65,3,0,58,52,63,64,QA Engineer,0
28,Bachelor's,Other,2.4,0,1,57,51,85,51,76,47,45,53,49,90,56,3,1,64,59,66,88,Frontend Developer,1
28,Diploma,Information Technology,2.3,1,1,47,63,41,58,62,42,53,70,77,75,55,4,2,71,68,52,54,Frontend Developer,1
41,Bachelor's,Electrical Engineering,1.2,1,1,25,47,9,20,27,10,39,56,54,73,28,4,3,49,47,40,92,QA Engineer,0
39,Bachelor's,Information Technology,3.4,4,2,71,67,67,82,65,61,42,75,62,63,62,3,4,66,70,61,56,QA Engineer,1
35,Bachelor's,Data Science,0.1,2,0,37,8,41,16,26,5,39,81,40,45,21,3,2,69,51,32,53,Machine Learning Engineer,1
33,Bachelor's,Electrical Engineering,2.0,1,2,42,16,45,49,31,39,18,63,40,61,35,2,4,65,50,45,37,Software Developer,0
32,Bachelor's,Data Science,4.9,2,1,79,73,93,76,75,32,71,47,31,77,76,1,3,77,61,73,14,Backend Developer,1
42,Diploma,Information Technology,1.6,0,1,85,53,70,63,69,47,67,50,38,74,66,4,2,69,56,67,66,Frontend Developer,1
41,PhD,Computer Science,2.7,0,2,62,58,64,68,61,80,83,73,47,55,75,3,1,68,64,68,76,Full Stack Developer,1
42,Master's,Information Technology,2.0,1,2,19,22,7,5,38,25,15,74,53,97,10,1,0,56,48,43,41,Cloud Engineer,0
22,Bachelor's,Electrical Engineering,1,2,1,48,50,27,59,39,49,14,68,52,71,57,2,2,62,59,54,39,Full Stack Developer,1
23,Master's,Other,2,2,2,74,86,97,47,63,78,54,54,68,39,35,5,2,74,39,40,58,Backend Developer,1
33,Diploma,Information Technology,2.9,1,1,68,76,85,59,48,34,62,37,56,77,56,2,3,64,48,55,27,Cloud Engineer,0
20,Bachelor's,Information Technology,0,0,0,61,44,54,53,66,45,44,57,52,73,58,1,1,68,60,55,34,DevOps Engineer,1
21,Bachelor's,Electrical Engineering,0,0,0,62,64,51,52,66,54,23,30,73,73,45,6,0,63,45,51,67,DevOps Engineer,1
38,Bachelor's,Information Technology,1.0,2,1,48,34,60,60,45,33,44,68,53,68,67,3,1,51,67,64,5,Frontend Developer,1
32,Bachelor's,Data Science,4.9,2,4,100,100,100,72,80,94,100,39,39,66,100,3,6,77,71,77,100,Full Stack Developer,1
31,Bachelor's,Data Science,3.5,2,3,69,65,46,47,58,44,69,65,66,64,80,2,2,77,72,69,38,Data Analyst,1
24,Master's,Other,3,3,1,90,69,84,84,77,56,88,50,50,65,78,4,4,85,61,62,60,Software Developer,1
24,Bachelor's,Data Science,2.1,1,1,57,72,65,43,52,31,31,63,36,38,46,2,1,68,54,51,49,DevOps Engineer,0
40,Bachelor's,Computer Science,3.3,2,2,99,92,96,77,100,100,93,78,36,56,100,0,3,71,85,82,34,DevOps Engineer,1
42,Bachelor's,Data Science,7.1,1,1,88,79,67,61,69,85,62,95,65,73,66,3,4,81,77,72,72,Frontend Developer,1
36,Bachelor's,Computer Science,2.2,0,2,70,71,71,49,53,64,66,64,57,50,58,6,4,72,67,58,95,Frontend Developer,1
20,Bachelor's,Electrical Engineering,0,3,0,65,51,62,66,79,44,86,62,56,92,82,2,2,73,75,74,38,DevOps Engineer,1
23,Bachelor's,Information Technology,1.5,0,1,60,57,92,69,88,89,70,62,52,74,41,2,3,68,52,41,28,Backend Developer,0
28,Bachelor's,Electrical Engineering,0.3,1,0,24,50,14,21,35,39,42,66,51,59,24,4,3,56,53,45,41,Frontend Developer,0
35,Master's,Electrical Engineering,0.1,1,0,70,66,53,52,75,69,51,83,50,56,93,5,1,80,81,78,81,DevOps Engineer,1
36,Bachelor's,Other,12.6,2,3,57,41,56,28,64,65,34,71,41,32,40,3,4,69,51,41,58,QA Engineer,1
34,Bachelor's,Computer Science,2.2,1,2,85,55,79,100,73,87,60,56,78,77,53,3,5,72,54,57,54,QA Engineer,1
30,Master's,Data Science,0.6,2,0,62,65,89,70,84,34,49,79,67,41,62,6,1,72,69,61,60,DevOps Engineer,1
28,Master's,Electrical Engineering,1.7,1,1,60,42,63,71,59,71,81,76,42,47,59,2,2,74,66,71,21,Data Analyst,1
42,Bachelor's,Computer Science,0.2,2,0,71,45,59,68,43,45,16,41,38,45,72,4,0,72,57,61,13,QA Engineer,1
31,Master's,Information Technology,10,4,3,52,59,53,81,57,35,79,84,22,51,59,2,3,68,67,60,27,Software Developer,1
20,Bachelor's,Information Technology,0,2,0,79,70,72,61,76,62,67,40,60,62,63,3,2,70,54,61,28,QA Engineer,1
23,Bachelor's,Computer Science,2,3,1,28,39,28,16,9,8,23,47,45,68,15,2,3,43,37,36,22,QA Engineer,0
34,Master's,Data Science,0.0,3,0,78,88,55,58,78,73,65,68,29,60,67,4,2,86,66,66,44,DevOps Engineer,1
25,Bachelor's,Other,0.1,3,0,58,67,57,27,76,90,42,75,36,60,30,4,2,73,59,33,69,QA Engineer,0
29,Diploma,Electrical Engineering,0.3,1,0,32,35,50,47,63,29,37,35,40,57,24,3,4,52,38,34,46,QA Engineer,0
24,Diploma,Information Technology,2.6,0,2,90,78,85,61,88,76,84,82,78,55,75,1,3,77,77,66,62,QA Engineer,1
36,Bachelor's,Data Science,7.9,2,5,100,100,100,100,86,49,100,67,82,70,100,6,4,83,80,79,100,QA Engineer,1
34,Master's,Other,2.4,1,1,61,51,71,49,74,69,34,79,48,63,63,3,3,74,67,65,43,Data Analyst,1
20,Bachelor's,Data Science,0,1,0,72,66,62,54,76,46,76,67,72,71,37,4,2,73,58,51,59,Data Analyst,1
40,Bachelor's,Other,3.8,3,3,83,87,60,71,58,84,56,77,69,74,66,5,3,83,66,51,86,Backend Developer,1
42,Master's,Other,1.4,1,1,43,41,46,81,27,17,17,48,63,31,38,2,2,50,49,40,32,DevOps Engineer,1
37,Bachelor's,Computer Science,4.5,4,2,44,42,29,25,44,42,19,83,46,81,34,3,2,66,57,45,74,Cloud Engineer,1
22,Bachelor's,Electrical Engineering,1,1,1,88,98,71,74,95,84,61,85,48,43,75,4,2,85,76,58,90,QA Engineer,1
32,Master's,Data Science,5.1,1,4,74,51,46,63,53,40,66,55,82,67,45,2,3,63,48,45,49,Machine Learning Engineer,1
28,Bachelor's,Computer Science,7,4,5,60,56,54,42,75,35,22,35,44,63,46,2,0,66,43,40,43,Cloud Engineer,1
32,Master's,Data Science,1.5,2,2,98,61,85,82,77,63,55,33,47,29,60,2,2,70,43,51,65,QA Engineer,1
34,Bachelor's,Computer Science,3.4,1,3,57,62,48,52,58,71,47,49,64,75,68,4,3,56,61,66,64,Data Analyst,1
23,Bachelor's,Data Science,2,2,2,74,57,85,73,53,42,64,46,55,61,82,4,4,73,58,70,78,DevOps Engineer,1
28,Master's,Other,0.0,2,0,54,45,39,64,62,27,47,33,55,70,51,5,2,58,45,52,51,DevOps Engineer,1
20,PhD,Data Science,0,1,0,60,50,45,85,58,58,48,57,44,60,57,1,2,55,56,51,43,Backend Developer,1
34,Master's,Electrical Engineering,11.0,1,5,57,63,46,53,59,61,75,51,43,68,52,7,2,68,52,61,87,Machine Learning Engineer,1
37,Bachelor's,Information Technology,0.2,1,0,11,9,5,33,18,12,16,56,30,64,15,4,2,56,36,25,63,DevOps Engineer,0
42,Bachelor's,Information Technology,1.9,0,1,22,15,8,44,29,22,12,56,69,77,12,1,0,42,39,25,24,DevOps Engineer,0
21,Master's,Other,0,2,0,24,29,36,33,46,38,15,41,33,81,31,1,0,40,41,44,5,Data Analyst,0
39,Bachelor's,Data Science,0.8,2,0,70,52,65,68,86,27,63,97,54,42,65,3,2,80,75,60,56,Backend Developer,1
34,Bachelor's,Computer Science,2.0,3,1,71,100,88,59,74,49,55,63,49,56,87,6,2,78,76,70,88,Data Analyst,1
31,Bachelor's,Information Technology,3.2,2,1,41,46,39,20,15,61,69,85,42,43,47,4,3,64,63,44,47,Software Developer,1
31,Master's,Computer Science,1.5,4,2,48,36,49,51,57,37,48,52,32,76,51,4,1,57,59,51,56,Machine Learning Engineer,1
23,Bachelor's,Information Technology,2,2,2,50,37,35,39,66,39,56,77,40,39,43,2,1,67,62,44,67,DevOps Engineer,1
32,Master's,Data Science,1.9,0,1,76,56,59,58,52,62,18,100,53,65,46,6,2,89,71,45,63,Data Analyst,1
22,Bachelor's,Other,1,2,1,19,51,14,40,24,5,14,47,49,67,14,4,3,50,40,29,74,Backend Developer,0
41,Bachelor's,Electrical Engineering,0.1,1,0,43,32,39,63,40,38,37,72,60,31,43,6,2,71,64,41,66,Machine Learning Engineer,1
23,Bachelor's,Other,0.3,1,0,31,31,7,27,23,12,49,73,69,29,5,2,4,56,45,28,52,DevOps Engineer,0
37,Bachelor's,Computer Science,13.2,0,2,99,80,60,86,68,45,47,83,57,76,56,1,3,85,66,65,58,Backend Developer,1
38,Bachelor's,Computer Science,4.8,3,4,86,45,66,54,51,57,47,64,34,43,44,4,3,76,54,66,92,Backend Developer,1
28,Bachelor's,Other,3.0,1,1,79,77,46,61,44,58,59,87,59,56,59,6,4,93,75,62,78,Software Developer,1
40,Diploma,Data Science,0.3,2,0,100,85,96,100,75,77,77,36,84,65,98,7,4,77,61,77,59,QA Engineer,1
22,Master's,Information Technology,1,0,1,62,40,70,70,52,61,61,58,31,78,74,4,5,65,63,66,83,Cloud Engineer,1
20,Bachelor's,Computer Science,0,1,0,51,35,62,63,52,34,46,54,68,75,70,6,2,64,60,60,60,QA Engineer,1
23,Master's,Electrical Engineering,2,3,2,82,52,65,69,74,99,81,80,85,55,57,7,1,84,61,59,57,Machine Learning Engineer,1
33,Master's,Electrical Engineering,0.5,0,0,60,53,29,68,52,27,40,50,58,59,48,3,2,61,51,51,77,Cloud Engineer,1
40,Master's,Data Science,0.1,0,0,44,71,55,39,55,49,5,66,17,63,53,6,2,72,58,45,54,QA Engineer,1
21,Bachelor's,Data Science,0,2,0,85,62,69,85,89,66,84,28,52,94,100,2,3,55,61,71,50,Cloud Engineer,1
23,Bachelor's,Information Technology,2,3,2,40,20,41,56,47,37,34,84,29,52,51,2,2,62,71,57,52,Full Stack Developer,1
34,Bachelor's,Electrical Engineering,7.8,2,5,64,40,34,50,51,55,39,80,38,65,35,4,2,80,55,43,57,Machine Learning Engineer,1
41,Bachelor's,Computer Science,3.4,0,2,42,62,60,50,53,38,37,56,55,61,43,1,1,58,49,45,30,Frontend Developer,0
25,Bachelor's,Data Science,1.2,3,1,47,34,56,35,62,36,24,53,77,74,55,5,3,62,56,46,96,Backend Developer,1
27,Bachelor's,Computer Science,1.0,1,1,67,83,78,73,72,81,65,78,64,83,64,2,2,69,70,65,44,Full Stack Developer,1
37,Bachelor's,Information Technology,1.0,1,1,61,40,43,47,46,19,30,72,61,60,15,4,1,69,40,26,49,Cloud Engineer,0
21,Diploma,Information Technology,0,1,0,62,61,65,44,23,36,28,60,54,72,40,3,2,70,54,43,54,Full Stack Developer,0
21,PhD,Electrical Engineering,0,4,0,67,61,78,76,50,66,89,77,51,56,74,4,3,77,67,76,100,Software Developer,1
22,Bachelor's,Information Technology,1,0,1,90,83,38,77,69,75,36,54,47,67,75,3,0,70,65,83,85,Machine Learning Engineer,1
21,Bachelor's,Data Science,0,0,0,53,24,17,51,14,15,31,56,57,75,54,4,3,61,59,65,67,DevOps Engineer,1
21,Master's,Computer Science,0,0,0,64,32,63,36,23,37,15,59,73,39,21,3,3,64,46,32,50,Backend Developer,0
38,Bachelor's,Computer Science,0.2,1,0,53,33,39,48,43,76,66,57,79,59,49,3,4,69,56,50,50,Frontend Developer,0
31,Bachelor's,Electrical Engineering,2.5,0,1,53,29,60,12,44,32,42,44,25,69,20,5,3,64,45,39,61,Backend Developer,0
37,Master's,Information Technology,5.5,1,4,82,62,62,78,76,58,65,55,70,87,72,1,2,68,62,68,40,Cloud Engineer,1
25,Bachelor's,Other,0.2,1,0,54,75,60,100,76,66,62,47,43,53,60,1,2,60,57,53,50,DevOps Engineer,0
21,Bachelor's,Other,0,0,0,79,65,59,51,84,65,81,85,78,67,98,3,3,93,85,82,84,DevOps Engineer,1
24,Bachelor's,Data Science,1.0,0,1,59,58,44,36,40,50,39,60,63,79,55,8,1,72,61,51,100,Software Developer,1
20,Master's,Data Science,0,1,0,68,65,60,87,47,72,30,39,45,52,43,4,5,66,44,46,48,Backend Developer,1
33,PhD,Electrical Engineering,7.1,2,5,48,36,21,54,30,41,38,52,44,83,60,4,2,62,55,64,37,Machine Learning Engineer,1
38,PhD,Electrical Engineering,6.1,1,3,76,41,76,54,62,48,61,82,30,74,62,4,3,79,68,58,55,DevOps Engineer,1
34,Bachelor's,Information Technology,0.3,0,0,53,75,51,56,69,54,47,86,54,44,59,1,2,70,72,57,26,QA Engineer,1
32,Master's,Computer Science,4.9,3,2,95,89,83,79,67,76,87,89,40,76,69,8,4,99,74,66,100,Full Stack Developer,1
39,Bachelor's,Data Science,2.7,0,2,44,41,18,12,28,51,16,74,66,73,42,4,2,66,56,45,14,Software Developer,1
28,Master's,Data Science,3.0,3,2,63,70,66,57,71,49,60,81,44,60,57,4,2,72,61,59,36,Cloud Engineer,1
34,Bachelor's,Electrical Engineering,3.1,1,1,51,34,39,37,34,33,55,63,35,61,60,2,0,59,63,58,58,Machine Learning Engineer,1
23,Bachelor's,Other,0.0,1,0,75,90,53,61,70,66,81,39,59,66,84,5,3,72,61,78,74,DevOps Engineer,1
23,Bachelor's,Data Science,1.6,0,1,47,41,13,32,52,56,67,49,57,43,48,3,1,51,53,61,56,Backend Developer,1
42,Bachelor's,Information Technology,3.2,0,1,74,68,71,61,72,66,33,74,66,70,50,6,3,85,61,55,89,Full Stack Developer,1
21,PhD,Other,0,0,0,39,27,33,35,47,38,59,81,69,62,36,2,3,58,59,43,60,Software Developer,1
35,Master's,Electrical Engineering,2.3,1,2,11,22,22,48,26,5,37,66,73,39,5,1,3,51,38,39,19,DevOps Engineer,0
42,Master's,Information Technology,2.2,0,2,82,60,84,96,94,86,80,65,30,57,68,4,4,75,61,70,77,Frontend Developer,1
25,Bachelor's,Information Technology,0.4,0,0,62,91,59,61,52,42,52,45,69,68,73,4,3,71,62,64,51,QA Engineer,1
42,Bachelor's,Electrical Engineering,2.5,1,2,73,83,64,54,65,82,59,44,62,43,63,3,2,65,57,64,43,DevOps Engineer,1
21,Bachelor's,Data Science,0,0,0,42,60,47,40,37,40,27,73,51,58,70,2,2,60,67,80,72,QA Engineer,1
33,Bachelor's,Electrical Engineering,0.1,0,0,30,49,59,36,26,54,34,50,53,71,43,5,3,56,51,46,39,DevOps Engineer,1
42,Master's,Computer Science,0.5,0,0,52,59,51,37,25,45,19,51,68,48,56,2,3,58,50,55,55,Machine Learning Engineer,1
32,Bachelor's,Computer Science,1.3,1,1,75,66,100,82,65,65,72,64,42,67,60,1,2,66,59,63,45,Frontend Developer,1
31,Diploma,Other,0.1,2,0,48,38,49,59,57,61,8,46,54,85,52,3,1,54,53,62,59,DevOps Engineer,1
41,Bachelor's,Other,0.7,1,0,66,69,81,95,91,74,65,38,37,67,70,4,3,66,55,69,19,Full Stack Developer,1
24,Master's,Electrical Engineering,0.2,4,0,68,56,66,79,94,80,67,75,30,90,56,5,2,69,62,64,61,QA Engineer,1
40,Bachelor's,Other,2.4,0,1,52,64,36,53,33,36,59,66,37,82,32,5,2,72,51,48,61,DevOps Engineer,1
33,Bachelor's,Electrical Engineering,3.7,3,1,75,85,73,58,65,88,50,68,25,83,76,4,3,65,69,73,52,DevOps Engineer,1
25,Diploma,Information Technology,1.1,0,1,66,65,72,66,53,51,43,82,52,69,74,3,2,73,76,66,38,Backend Developer,1
21,Master's,Information Technology,0,0,0,66,62,57,65,96,52,53,56,68,70,70,6,4,74,63,54,75,Frontend Developer,1
21,Master's,Electrical Engineering,0,0,0,38,27,31,37,18,10,5,69,41,58,32,4,4,63,47,41,28,Backend Developer,1
38,Bachelor's,Other,1.4,1,1,50,27,58,32,50,47,34,78,43,55,45,2,0,64,61,46,59,Data Analyst,0
27,Bachelor's,Data Science,3.4,1,3,66,59,56,52,65,89,46,34,68,79,96,2,2,52,62,76,44,Cloud Engineer,1
21,Bachelor's,Other,0,3,0,79,57,73,87,63,58,66,31,69,51,66,5,1,82,49,49,83,Cloud Engineer,1
31,Master's,Other,1.3,0,1,57,46,57,59,40,52,54,49,65,50,45,3,4,73,46,55,44,Data Analyst,1
41,Bachelor's,Other,0.3,2,0,67,48,46,68,58,42,46,36,48,71,51,7,2,65,50,52,97,Machine Learning Engineer,1
20,Bachelor's,Other,0,0,0,100,92,88,95,67,94,100,61,61,67,76,4,2,78,68,61,65,Frontend Developer,1
29,PhD,Electrical Engineering,4.0,0,1,71,55,69,55,60,40,55,53,68,68,33,7,2,72,43,43,83,QA Engineer,1
36,Bachelor's,Computer Science,2.8,2,2,60,65,74,71,49,59,71,67,87,72,64,3,5,78,66,71,58,Frontend Developer,1
21,Bachelor's,Electrical Engineering,0,2,0,45,63,56,70,41,45,37,75,66,65,28,4,1,70,51,39,38,Data Analyst,0
42,Bachelor's,Electrical Engineering,2.8,1,2,74,33,83,47,32,47,68,59,61,63,61,3,3,74,62,64,79,Cloud Engineer,1
42,PhD,Other,0.9,3,0,53,56,54,89,58,44,55,45,47,80,55,3,1,50,46,65,48,Cloud Engineer,0
22,Bachelor's,Other,1,3,1,57,68,46,73,45,84,47,52,63,73,50,6,0,67,50,51,68,Frontend Developer,1
41,PhD,Computer Science,2.5,4,2,70,33,79,57,43,34,32,72,87,47,54,3,2,73,63,66,53,Software Developer,1
34,Bachelor's,Other,2.1,3,2,57,52,39,40,34,48,32,93,45,66,53,3,0,83,68,57,87,Full Stack Developer,1
42,Bachelor's,Computer Science,1.4,1,1,67,47,29,46,53,57,39,43,84,69,53,1,4,65,50,49,82,QA Engineer,1
40,Master's,Other,0.5,2,0,54,61,37,37,81,67,60,53,63,77,58,2,1,62,59,60,64,DevOps Engineer,1
41,Bachelor's,Other,6.0,0,4,33,25,44,29,30,8,52,49,52,66,20,5,2,53,44,39,97,DevOps Engineer,0
29,Diploma,Other,6.0,1,1,64,58,53,82,42,35,70,54,59,96,65,3,4,60,58,65,29,Machine Learning Engineer,1
22,Master's,Computer Science,1,2,1,41,28,40,72,21,46,52,68,61,68,49,2,2,59,60,56,38,Software Developer,1
29,Bachelor's,Computer Science,0.3,2,0,46,91,41,69,45,59,47,92,60,69,43,1,0,59,63,52,40,DevOps Engineer,0
22,Bachelor's,Information Technology,1,0,1,91,85,87,100,86,84,100,72,57,58,88,3,3,80,72,81,61,Backend Developer,1
30,Bachelor's,Data Science,0.5,1,0,26,43,35,65,40,35,30,64,63,53,35,3,2,61,53,49,48,Cloud Engineer,0
23,Master's,Computer Science,2,1,2,60,53,74,58,79,48,52,70,47,38,47,0,3,51,56,51,22,Cloud Engineer,0
41,Bachelor's,Information Technology,10.8,0,2,87,47,58,87,52,41,62,54,66,65,73,2,2,68,56,72,62,Frontend Developer,1
35,Master's,Other,2.2,2,1,67,72,70,73,65,45,34,69,49,65,68,5,1,73,72,72,49,QA Engineer,1
23,Master's,Electrical Engineering,2,1,2,46,16,29,37,34,37,25,64,31,53,39,3,0,59,55,45,25,DevOps Engineer,1
35,Diploma,Electrical Engineering,4.3,1,2,58,33,50,24,58,31,28,65,39,91,39,7,3,76,51,45,83,QA Engineer,1
22,Diploma,Computer Science,0.0,0,0,74,80,78,58,49,64,59,54,49,66,89,6,2,75,78,78,67,DevOps Engineer,1
35,Master's,Data Science,0.1,0,0,55,53,41,51,23,45,47,34,68,94,52,5,2,64,42,59,39,Machine Learning Engineer,0
29,Bachelor's,Other,2.6,2,2,80,82,68,66,78,75,80,49,61,54,83,6,3,81,61,77,63,Cloud Engineer,1
32,Bachelor's,Information Technology,2.8,2,2,83,74,68,67,57,69,59,55,54,76,71,4,3,72,66,53,78,Software Developer,1
30,Diploma,Electrical Engineering,1.0,0,1,61,45,52,45,28,35,50,80,60,92,56,2,0,67,60,62,63,Software Developer,1
32,Bachelor's,Information Technology,2.0,2,2,55,71,71,76,54,57,37,55,18,48,45,3,2,59,49,62,51,Cloud Engineer,0
27,Bachelor's,Information Technology,0.5,1,0,97,97,90,88,73,81,88,72,66,65,99,7,2,95,83,91,91,Cloud Engineer,1
27,Bachelor's,Information Technology,0.4,1,0,41,46,29,19,26,29,36,61,44,67,29,5,1,71,52,40,29,Software Developer,0
20,Diploma,Electrical Engineering,0,1,0,60,54,52,58,30,100,45,47,59,67,74,2,3,64,61,76,51,Machine Learning Engineer,1
27,PhD,Other,0.3,0,0,77,62,74,47,62,74,62,56,88,46,61,5,3,73,57,62,74,QA Engineer,1
39,Master's,Electrical Engineering,2.5,1,1,48,50,54,63,49,39,44,69,49,70,50,2,1,59,61,47,59,Software Developer,1
41,Master's,Computer Science,0.4,3,0,59,65,64,59,44,53,35,86,42,23,63,2,3,75,66,67,42,Frontend Developer,1
28,Bachelor's,Electrical Engineering,0.5,3,0,20,23,39,51,39,46,8,56,83,84,22,4,0,45,40,37,56,Machine Learning Engineer,0
28,PhD,Information Technology,1.1,1,1,48,50,45,14,32,30,58,40,65,57,41,4,4,61,40,48,54,Frontend Developer,1
39,Master's,Data Science,5.2,0,1,27,11,35,21,25,29,19,80,48,68,16,2,1,51,52,38,60,QA Engineer,0
26,Bachelor's,Electrical Engineering,2.3,1,2,62,54,98,54,72,66,43,28,71,80,76,5,3,61,52,63,100,Machine Learning Engineer,1
31,Bachelor's,Other,3.8,0,2,58,42,46,32,42,44,18,100,72,66,32,2,3,70,64,42,10,DevOps Engineer,1
25,Master's,Other,4,3,3,93,76,49,59,83,93,75,59,50,68,50,3,3,78,58,64,71,DevOps Engineer,1
20,Diploma,Computer Science,0,3,0,81,75,64,52,71,56,98,51,48,81,51,4,5,69,53,50,46,Full Stack Developer,1
21,PhD,Information Technology,0,2,0,56,26,42,57,46,21,18,75,39,60,23,4,1,74,47,33,75,QA Engineer,1
21,Diploma,Other,0,1,0,75,53,66,65,61,53,82,58,74,73,65,1,3,69,58,65,45,Machine Learning Engineer,1
30,Bachelor's,Data Science,0.9,1,0,49,32,53,62,55,47,57,69,76,68,46,5,3,71,62,47,67,Full Stack Developer,1
32,Bachelor's,Electrical Engineering,7.9,2,4,74,68,61,72,72,56,64,50,71,41,68,7,1,74,53,69,82,Data Analyst,1
36,Diploma,Electrical Engineering,1.0,1,1,38,31,22,46,58,25,27,65,69,83,26,0,3,47,48,48,35,Frontend Developer,0
26,Bachelor's,Electrical Engineering,1.0,0,1,31,32,58,38,43,27,24,56,68,49,20,1,3,60,45,27,41,Frontend Developer,0
24,PhD,Information Technology,1.5,2,1,50,76,45,72,65,94,75,70,66,60,59,4,5,67,65,63,53,Backend Developer,1
37,Diploma,Other,3.4,4,1,88,86,74,61,68,49,63,57,55,88,59,4,3,69,59,68,20,Full Stack Developer,1
31,Bachelor's,Data Science,1.3,0,1,26,29,36,27,43,5,29,67,83,65,39,1,1,56,57,45,51,Machine Learning Engineer,0
30,Bachelor's,Computer Science,0.7,0,0,100,100,88,79,96,77,100,82,76,64,86,5,4,95,85,76,47,Cloud Engineer,1
30,Bachelor's,Computer Science,3.6,0,3,67,60,59,36,62,90,22,56,35,77,57,3,2,61,56,52,44,DevOps Engineer,1
28,PhD,Electrical Engineering,0.6,1,0,86,81,78,81,79,84,83,72,50,62,94,3,0,77,82,74,68,Machine Learning Engineer,1
24,Bachelor's,Information Technology,1.0,2,1,62,81,63,73,73,61,63,55,51,68,64,3,1,68,61,53,63,Full Stack Developer,1
22,Diploma,Computer Science,1,1,1,50,60,58,74,37,45,9,61,71,45,48,2,0,60,54,48,24,Cloud Engineer,0
40,Bachelor's,Electrical Engineering,1.5,0,1,48,61,59,73,65,58,8,50,36,64,47,2,3,66,47,59,38,Frontend Developer,0
39,Diploma,Data Science,0.2,1,0,73,92,79,61,77,81,84,66,55,94,75,5,3,73,75,76,57,Software Developer,1
37,Bachelor's,Electrical Engineering,2.5,3,1,42,54,69,46,52,51,30,60,47,75,38,7,0,58,48,42,41,Data Analyst,1
29,PhD,Computer Science,1.6,2,1,39,26,40,34,35,35,19,47,62,60,31,3,1,57,41,48,32,Frontend Developer,1
29,Bachelor's,Computer Science,8,2,3,62,37,39,59,53,39,11,60,22,40,28,1,2,61,49,34,13,Full Stack Developer,1
25,Master's,Information Technology,1.7,0,1,50,44,68,33,70,41,63,47,59,65,41,5,2,64,47,58,91,QA Engineer,1
39,Master's,Electrical Engineering,1.6,2,2,66,59,76,69,67,64,28,70,76,73,69,5,5,73,67,73,74,Frontend Developer,1
31,Bachelor's,Electrical Engineering,3.4,4,1,75,41,52,38,56,55,29,72,32,83,51,2,1,67,58,55,28,Machine Learning Engineer,0
41,Bachelor's,Data Science,4.1,1,3,65,65,45,34,78,63,26,87,42,84,44,2,3,68,58,54,67,Data Analyst,1
34,Bachelor's,Electrical Engineering,2.5,1,2,81,54,67,88,58,80,75,44,45,55,74,5,2,75,59,71,81,Full Stack Developer,1
27,Bachelor's,Information Technology,3.4,3,1,52,48,45,41,40,5,70,56,52,94,28,3,3,64,49,51,30,DevOps Engineer,1
35,PhD,Computer Science,2.7,2,1,66,71,52,57,52,48,57,47,48,79,59,5,3,66,52,54,67,Backend Developer,1
34,Bachelor's,Information Technology,0.6,0,0,69,71,86,78,76,79,56,78,40,84,68,5,2,83,67,62,78,Data Analyst,1
36,Bachelor's,Information Technology,10.3,2,5,76,57,71,59,72,65,44,27,71,59,57,4,1,65,52,59,47,Software Developer,1
21,Bachelor's,Data Science,0,1,0,33,33,22,50,43,24,39,62,57,78,40,1,3,42,51,53,22,Backend Developer,0
40,Bachelor's,Other,0.4,1,0,56,59,65,69,58,43,52,46,56,88,56,3,3,58,50,61,70,Full Stack Developer,0
27,Bachelor's,Electrical Engineering,0.2,0,0,69,75,72,85,57,62,98,52,61,65,67,4,2,70,62,64,70,Data Analyst,1
31,Master's,Computer Science,5.9,1,3,59,45,58,46,47,42,37,48,54,70,58,4,1,66,55,58,53,Backend Developer,1
31,Bachelor's,Data Science,4.8,0,3,74,23,75,58,54,44,49,59,92,60,49,6,2,82,59,47,65,DevOps Engineer,1
22,Diploma,Other,1,4,1,88,89,80,100,85,100,90,67,31,58,100,4,2,78,82,79,40,Cloud Engineer,1
30,Master's,Information Technology,4.2,2,3,81,72,71,88,89,56,87,62,40,56,80,6,4,76,68,61,87,Software Developer,1
32,Master's,Other,9.2,1,5,40,41,58,60,54,55,33,64,28,64,34,3,0,62,50,52,40,Software Developer,1
27,Master's,Electrical Engineering,1.3,3,1,77,67,71,58,62,92,100,53,71,72,87,4,5,66,60,81,76,Software Developer,1
40,Bachelor's,Information Technology,5.4,1,2,42,31,46,43,71,24,30,59,60,93,37,3,3,58,52,45,55,Frontend Developer,1
35,Master's,Data Science,2.9,0,2,35,45,32,32,50,19,40,56,75,87,43,3,3,48,51,52,76,Data Analyst,0
26,Bachelor's,Data Science,3.7,2,3,44,41,54,32,38,34,14,57,72,83,31,3,1,55,50,40,45,Data Analyst,0
33,Diploma,Other,3.7,2,3,72,57,37,63,51,69,83,62,16,89,60,4,2,70,59,54,75,Software Developer,1
38,Bachelor's,Computer Science,0.1,1,0,79,87,100,88,82,67,81,73,73,87,72,6,4,84,69,68,59,Cloud Engineer,1
28,Bachelor's,Data Science,3.7,0,3,100,72,93,70,65,100,85,74,54,80,78,6,3,93,71,74,86,Cloud Engineer,1
34,Diploma,Data Science,4.4,0,3,73,95,61,58,67,66,69,81,54,77,65,4,3,80,73,64,90,DevOps Engineer,1
24,Bachelor's,Other,3,1,1,63,76,63,47,48,64,61,54,49,65,52,5,3,69,55,48,84,Software Developer,1
40,PhD,Computer Science,5.3,3,4,59,36,46,64,77,56,29,35,67,67,56,4,1,57,46,57,69,QA Engineer,1
37,Bachelor's,Other,0.2,1,0,58,62,60,62,62,47,49,59,51,61,52,3,3,58,55,62,65,Full Stack Developer,1
37,Master's,Data Science,0.6,1,0,85,53,50,67,60,87,54,72,49,63,66,3,4,80,67,63,11,QA Engineer,1
26,Bachelor's,Information Technology,3.2,2,2,78,74,52,68,81,53,65,40,40,59,82,4,1,70,63,78,37,Machine Learning Engineer,1
31,Diploma,Data Science,1.3,0,1,44,40,46,48,28,29,17,32,63,54,39,3,1,56,35,48,63,QA Engineer,0
37,Master's,Data Science,0.9,2,0,39,22,32,39,56,22,36,69,66,80,18,3,0,65,46,32,27,QA Engineer,0
28,Bachelor's,Computer Science,0.6,0,0,64,54,77,49,65,39,37,66,50,85,66,4,3,65,61,78,57,Data Analyst,1
32,Master's,Other,11,1,2,65,51,46,54,75,49,69,46,48,66,68,4,3,66,55,64,98,DevOps Engineer,1
20,Bachelor's,Other,0,2,0,49,56,48,26,45,43,31,50,71,86,57,2,1,59,54,65,44,Software Developer,1
22,Bachelor's,Electrical Engineering,0.1,2,0,47,21,59,19,47,61,40,59,61,80,57,4,0,60,61,56,62,DevOps Engineer,1
23,Bachelor's,Data Science,1.3,0,1,79,76,65,73,71,72,76,83,90,79,80,3,2,81,73,66,44,DevOps Engineer,1
28,Bachelor's,Electrical Engineering,3.7,3,1,97,67,85,77,100,68,75,52,45,71,76,5,2,82,61,69,66,Frontend Developer,1
27,Master's,Other,0.5,2,0,50,44,36,42,41,21,39,79,74,85,29,1,1,70,53,39,50,DevOps Engineer,1
34,Master's,Data Science,5.6,4,2,62,26,53,44,34,46,49,62,42,71,26,3,3,73,45,40,72,QA Engineer,1
21,Master's,Computer Science,0,1,0,51,36,43,47,41,45,35,54,47,74,50,5,1,66,53,57,71,Frontend Developer,1
37,Bachelor's,Other,2.4,0,1,50,60,66,59,71,49,54,44,82,65,49,3,0,55,48,43,44,Data Analyst,1
20,Bachelor's,Information Technology,0,2,0,66,56,65,48,67,64,70,54,64,50,65,4,0,67,58,64,45,Cloud Engineer,1
42,Master's,Electrical Engineering,2.1,2,2,66,29,68,32,45,50,48,30,12,51,26,4,3,66,37,40,43,QA Engineer,0
26,Master's,Computer Science,2.6,3,2,71,46,70,78,75,66,69,50,72,48,66,4,2,72,53,64,87,Frontend Developer,1
24,Master's,Information Technology,0.1,1,0,82,97,82,100,97,96,63,60,66,52,100,6,3,77,71,89,55,Full Stack Developer,1
25,Bachelor's,Information Technology,4,1,2,66,48,26,60,8,36,20,59,50,86,52,6,4,72,60,48,100,Software Developer,1
40,Bachelor's,Information Technology,0.7,0,0,48,40,56,47,36,46,25,74,68,98,54,1,1,61,64,63,22,Frontend Developer,1
28,Bachelor's,Data Science,1.8,1,2,78,65,39,96,61,34,46,37,46,46,51,4,2,68,46,55,41,Frontend Developer,1
31,Master's,Information Technology,0.9,0,0,100,87,87,82,92,100,76,50,36,74,79,4,2,80,63,80,97,Full Stack Developer,1
26,Bachelor's,Data Science,0.3,3,0,82,81,72,90,92,77,77,32,61,81,72,5,3,68,57,74,91,QA Engineer,1
37,Bachelor's,Computer Science,4.0,0,3,58,43,55,49,17,56,48,73,40,71,50,5,4,71,59,59,77,Software Developer,1
21,Master's,Data Science,0,1,0,75,100,80,100,67,57,75,31,57,74,93,5,4,65,59,87,57,Data Analyst,1
40,Bachelor's,Computer Science,11.5,1,2,45,53,26,61,42,55,39,56,60,66,57,2,3,58,63,55,48,Machine Learning Engineer,1
27,Master's,Information Technology,2.4,0,1,58,67,61,35,64,55,66,65,45,79,72,3,2,70,66,77,65,Backend Developer,1
24,Bachelor's,Electrical Engineering,0.7,2,0,38,54,36,37,12,44,60,61,49,70,28,3,3,56,45,44,44,Frontend Developer,0
38,Bachelor's,Information Technology,0.3,0,0,59,84,75,74,41,40,58,48,60,72,58,5,3,67,60,60,87,Frontend Developer,1
33,Diploma,Computer Science,0.6,2,0,51,44,49,13,56,34,39,59,53,93,39,4,2,74,50,48,40,Backend Developer,1
32,Bachelor's,Electrical Engineering,1.1,2,1,78,98,71,69,90,56,43,39,60,55,67,4,2,70,58,64,74,Frontend Developer,1
42,PhD,Data Science,3.4,1,2,62,64,60,64,57,47,81,94,57,92,51,4,0,76,70,55,53,QA Engineer,1
39,Bachelor's,Electrical Engineering,0.7,0,0,60,65,42,86,57,58,28,50,37,42,65,3,3,61,55,71,91,QA Engineer,1
42,Bachelor's,Information Technology,0.5,2,0,91,70,82,80,100,82,74,69,74,75,66,4,2,90,66,59,85,Frontend Developer,1
30,Master's,Data Science,0.5,0,0,61,50,46,35,50,43,35,65,54,72,38,4,0,65,53,45,63,Backend Developer,0
39,Bachelor's,Information Technology,2.7,1,2,63,48,32,32,13,27,16,57,64,55,47,3,2,72,50,53,53,Software Developer,1
27,Bachelor's,Data Science,0.6,1,0,57,63,20,69,27,43,21,49,51,67,36,2,1,55,44,46,34,DevOps Engineer,0
33,Bachelor's,Other,0.6,1,0,65,33,51,42,78,55,58,52,55,74,46,5,4,75,50,53,46,Full Stack Developer,1
23,Bachelor's,Other,2,1,2,58,74,68,36,71,53,60,63,64,72,60,5,3,72,56,65,68,Frontend Developer,1
38,PhD,Data Science,3.9,0,1,87,78,59,77,61,71,67,88,41,52,51,4,2,84,67,51,100,Cloud Engineer,1
42,Diploma,Computer Science,0.8,1,0,36,61,33,52,51,76,33,46,72,51,64,3,2,55,58,56,27,Cloud Engineer,0
35,Master's,Computer Science,3.0,2,2,100,100,90,73,60,83,100,54,37,63,89,4,2,75,70,71,86,Full Stack Developer,1
28,Bachelor's,Information Technology,7,3,3,37,23,40,42,17,56,50,69,61,71,35,3,4,61,53,52,79,Machine Learning Engineer,1
22,Bachelor's,Data Science,1,1,1,57,62,70,60,70,30,66,100,20,69,54,4,3,82,72,49,65,Software Developer,1
27,Bachelor's,Electrical Engineering,0.1,4,0,98,53,86,90,76,56,62,64,54,72,69,4,2,82,64,72,84,Software Developer,1
41,Bachelor's,Computer Science,6.9,4,1,77,64,59,88,66,66,65,42,67,67,82,1,3,61,58,68,79,Frontend Developer,1
26,Diploma,Computer Science,0.3,0,0,62,53,64,66,61,55,76,88,23,85,62,2,2,77,68,58,26,Full Stack Developer,1
27,Diploma,Data Science,1.1,0,1,41,48,32,29,15,36,12,37,53,34,53,3,1,50,46,44,53,QA Engineer,0
38,Bachelor's,Information Technology,0.2,0,0,45,35,58,57,42,21,42,60,47,51,54,2,2,51,56,49,51,Data Analyst,0
35,Master's,Data Science,3.4,0,3,60,46,61,56,71,48,51,82,69,83,40,5,3,75,61,52,59,Backend Developer,1
41,Bachelor's,Computer Science,5.5,1,1,78,78,80,53,90,65,56,62,70,57,85,3,4,76,69,63,61,Data Analyst,1
27,Bachelor's,Electrical Engineering,4.7,2,4,62,47,58,43,65,50,37,36,68,47,35,3,2,59,41,54,43,Software Developer,0
42,Diploma,Information Technology,1.5,1,1,90,63,91,58,84,59,74,66,38,59,83,4,5,88,69,67,38,Frontend Developer,1
22,Bachelor's,Data Science,1,1,1,31,5,10,72,35,21,16,69,35,64,46,1,2,54,60,51,39,Cloud Engineer,1
30,Master's,Electrical Engineering,4.2,2,1,100,100,89,100,96,73,68,47,66,55,94,6,3,92,69,79,100,Frontend Developer,1
28,Bachelor's,Data Science,1.9,3,2,91,50,46,69,65,50,68,54,27,83,32,3,2,72,47,42,82,Software Developer,1
25,Diploma,Information Technology,0.8,0,0,40,44,25,23,27,45,55,60,63,79,50,2,3,58,53,52,41,Software Developer,0
22,Master's,Information Technology,1,1,1,52,62,78,94,71,54,68,81,46,75,59,0,2,71,71,59,58,QA Engineer,1
40,PhD,Other,2.9,2,1,81,76,100,81,78,60,83,63,47,59,46,5,4,81,54,44,45,QA Engineer,1
39,Bachelor's,Data Science,12.5,3,1,85,32,49,32,25,50,47,69,90,77,38,4,3,70,50,44,65,Software Developer,1
23,Bachelor's,Electrical Engineering,2,2,1,45,62,50,76,53,67,53,55,55,54,65,7,2,67,57,63,100,Software Developer,1
29,Diploma,Computer Science,0.1,2,0,33,46,46,40,37,24,41,50,60,71,41,3,2,52,46,50,41,DevOps Engineer,0
32,Bachelor's,Computer Science,3.4,1,3,84,62,48,78,58,47,56,39,41,64,63,5,1,82,52,68,88,DevOps Engineer,1
33,Bachelor's,Computer Science,2.7,3,1,71,61,78,49,50,76,50,56,62,57,70,7,2,78,57,73,77,QA Engineer,1
37,Diploma,Electrical Engineering,5.5,3,2,46,66,51,38,54,65,50,36,52,71,53,4,1,58,47,69,45,QA Engineer,0
40,Bachelor's,Computer Science,1.6,1,2,41,41,27,42,61,17,45,79,76,77,59,0,2,57,67,54,5,Backend Developer,1
38,Bachelor's,Electrical Engineering,0.2,1,0,85,86,81,69,53,58,82,74,45,67,70,6,2,78,70,69,100,Backend Developer,1
28,Bachelor's,Data Science,7,1,4,62,35,36,61,70,52,45,35,56,74,29,4,2,57,36,40,50,Machine Learning Engineer,1
20,Master's,Electrical Engineering,0,2,0,95,100,97,100,84,81,66,58,67,64,82,8,2,93,66,64,100,Frontend Developer,1
22,Diploma,Data Science,0.7,1,0,69,49,66,50,73,29,57,95,10,54,65,2,4,73,75,62,37,Cloud Engineer,1
42,Diploma,Data Science,2.7,0,2,80,66,79,82,74,49,67,66,41,45,86,2,2,74,76,78,44,QA Engineer,1
40,Bachelor's,Computer Science,3.6,3,2,50,49,41,43,30,46,65,58,51,65,29,4,2,67,44,48,42,DevOps Engineer,1
41,Diploma,Electrical Engineering,1.4,4,1,79,94,99,84,87,73,93,49,41,73,74,5,2,64,56,66,79,Full Stack Developer,1
39,Bachelor's,Electrical Engineering,2.5,1,1,43,56,41,78,64,37,53,76,49,92,70,3,3,57,73,65,29,Cloud Engineer,1
28,Diploma,Electrical Engineering,0.7,2,0,80,62,71,85,77,63,52,78,37,66,74,4,4,89,74,69,53,Cloud Engineer,1
34,Bachelor's,Other,6.0,1,1,40,32,63,25,11,19,40,31,45,65,50,4,2,57,46,58,63,Backend Developer,0
27,Bachelor's,Other,0.3,1,0,25,63,26,47,50,58,22,61,35,91,25,1,0,52,48,34,39,DevOps Engineer,0
34,Diploma,Computer Science,4.6,3,2,87,85,74,91,66,100,80,42,57,67,79,4,5,75,60,75,60,Full Stack Developer,1
37,Diploma,Other,0.2,3,0,81,70,69,62,68,84,95,47,37,69,73,0,3,67,61,73,48,Cloud Engineer,1
37,Bachelor's,Information Technology,3.7,2,3,65,66,61,46,69,40,64,52,64,63,61,6,2,77,57,68,54,Cloud Engineer,1
33,Bachelor's,Data Science,2.9,0,1,58,50,62,51,54,59,33,34,52,83,60,3,1,57,46,63,43,Cloud Engineer,1
30,Bachelor's,Computer Science,2.2,2,2,78,69,92,77,63,60,65,67,67,67,46,4,3,72,54,57,88,Cloud Engineer,1
31,PhD,Electrical Engineering,0.8,2,0,70,82,72,57,88,55,56,62,86,63,67,3,0,77,63,64,65,QA Engineer,1
20,Bachelor's,Electrical Engineering,0,2,0,40,40,40,37,44,58,61,52,38,60,53,3,2,62,56,60,23,Cloud Engineer,1
32,Master's,Other,0.0,1,0,37,11,38,42,33,24,30,50,46,63,27,4,4,65,40,35,53,QA Engineer,0
28,Bachelor's,Data Science,2.0,0,2,74,54,55,71,38,41,75,48,42,78,64,6,3,75,58,58,75,QA Engineer,1
33,PhD,Information Technology,5.6,2,1,48,47,51,62,20,33,66,47,67,52,52,8,0,73,49,61,67,Frontend Developer,1
37,Bachelor's,Information Technology,5.5,0,2,81,95,90,94,88,78,85,59,60,57,90,3,4,77,70,84,64,Machine Learning Engineer,1
39,Bachelor's,Data Science,0.9,0,0,63,68,53,36,38,21,55,44,54,86,59,6,1,65,55,67,66,Data Analyst,1
24,Bachelor's,Information Technology,3,1,1,60,63,75,53,77,75,62,73,53,78,77,2,3,75,70,71,45,Cloud Engineer,1
26,Bachelor's,Data Science,5,1,4,29,25,9,23,34,9,21,89,39,63,19,5,2,77,57,37,40,Software Developer,0
21,Master's,Electrical Engineering,0,2,0,32,27,38,53,42,25,55,60,52,41,17,3,1,61,41,33,27,QA Engineer,0
20,Bachelor's,Computer Science,0,0,0,54,54,48,42,61,53,59,53,62,48,44,3,1,57,48,55,43,Cloud Engineer,0
38,Bachelor's,Electrical Engineering,0.3,0,0,55,37,47,58,79,20,49,55,37,40,10,4,5,59,40,38,36,Machine Learning Engineer,1
37,Diploma,Data Science,4.3,1,1,47,42,33,38,31,31,43,57,56,100,28,2,2,66,40,40,5,DevOps Engineer,0
24,Bachelor's,Other,0.4,2,0,52,54,33,48,33,57,13,59,27,45,33,3,1,61,48,44,44,Machine Learning Engineer,1
28,PhD,Other,0.1,1,0,66,72,81,75,80,73,84,42,80,44,61,0,1,57,53,65,40,Data Analyst,0
34,Bachelor's,Electrical Engineering,0.3,3,0,43,49,26,59,72,52,73,71,50,58,45,2,3,56,58,51,34,Frontend Developer,1
27,Master's,Information Technology,1.5,1,1,58,73,73,71,34,48,55,37,56,70,65,2,3,58,57,65,68,Software Developer,1
26,Bachelor's,Data Science,1.7,3,2,62,86,48,57,69,81,97,86,65,54,65,2,3,63,69,56,38,Software Developer,1
26,Bachelor's,Information Technology,5,1,4,46,39,46,44,43,43,46,60,55,59,30,4,1,62,48,38,51,QA Engineer,1
40,Bachelor's,Other,2.7,1,2,63,56,60,53,55,44,43,50,45,52,47,3,1,54,44,47,33,QA Engineer,0
34,Diploma,Information Technology,0.2,1,0,54,67,52,69,50,51,83,44,41,66,71,3,3,55,55,69,68,Software Developer,1
34,Master's,Other,1.1,0,1,80,74,69,69,85,67,65,51,41,57,66,3,4,76,54,64,57,QA Engineer,1
20,Bachelor's,Information Technology,0,2,0,43,38,41,40,54,43,21,79,42,97,35,3,0,71,55,41,6,Machine Learning Engineer,1
32,Bachelor's,Data Science,7.5,0,3,27,17,9,57,29,38,28,76,47,89,16,2,2,54,49,26,18,QA Engineer,0
26,Bachelor's,Data Science,1.2,3,1,68,77,65,85,62,68,68,75,55,30,57,5,7,77,64,58,75,Data Analyst,1
41,Bachelor's,Computer Science,4.9,1,1,55,45,40,60,24,57,47,57,79,68,33,0,2,52,46,37,53,Full Stack Developer,0
29,PhD,Information Technology,2.0,2,1,49,37,70,73,57,14,28,70,58,67,58,2,1,63,59,55,27,Machine Learning Engineer,1
30,Bachelor's,Information Technology,0.8,4,0,61,54,56,32,41,22,70,47,20,46,32,4,3,63,44,34,31,Full Stack Developer,1
32,Bachelor's,Information Technology,0.7,1,0,73,63,48,49,92,66,40,61,78,60,86,3,3,75,75,77,20,Full Stack Developer,1
27,Diploma,Data Science,0.1,2,0,67,63,66,50,77,61,52,70,78,56,68,5,1,70,67,59,77,Backend Developer,1
36,Master's,Computer Science,0.2,0,0,47,34,51,16,53,49,39,83,44,63,34,7,1,79,60,47,36,Software Developer,1
21,Bachelor's,Information Technology,0,1,0,53,44,60,32,23,71,32,68,23,55,33,6,0,71,52,48,73,QA Engineer,1
29,Master's,Information Technology,8,0,3,85,88,44,62,78,51,64,68,46,64,63,3,3,78,63,68,53,Machine Learning Engineer,1
39,Bachelor's,Other,9.9,1,2,86,65,59,64,69,67,84,58,71,42,84,3,3,79,70,81,63,Machine Learning Engineer,1
21,Master's,Electrical Engineering,0,1,0,71,77,78,74,57,72,66,33,29,67,70,5,2,67,52,54,80,DevOps Engineer,1
20,Master's,Computer Science,0,1,0,50,51,53,65,37,41,33,62,55,58,46,5,2,65,54,52,46,Software Developer,1
42,Bachelor's,Data Science,5.4,0,4,81,56,45,43,43,28,39,68,58,76,50,4,3,77,63,58,97,Full Stack Developer,1
38,Bachelor's,Data Science,3.4,1,2,68,48,47,67,57,41,52,42,88,54,61,5,2,65,64,54,73,Software Developer,1
27,Bachelor's,Computer Science,0.0,0,0,40,41,42,47,36,40,44,48,45,63,22,6,4,69,42,38,65,Frontend Developer,0
26,Bachelor's,Information Technology,2.1,0,2,77,69,58,55,83,37,72,73,58,73,59,3,1,79,61,67,31,Data Analyst,1
21,Diploma,Data Science,0,0,0,72,98,82,86,76,93,78,62,57,34,87,3,3,69,70,69,31,Data Analyst,1
34,Bachelor's,Information Technology,2.6,2,1,68,51,50,47,47,43,5,45,17,49,50,3,3,59,44,53,34,Machine Learning Engineer,1
20,Diploma,Data Science,0,0,0,68,83,67,54,70,49,100,47,46,60,63,3,4,64,54,67,61,DevOps Engineer,1
35,Bachelor's,Data Science,1.7,0,2,63,37,49,64,54,28,68,46,72,88,82,2,0,66,61,77,40,Full Stack Developer,1
26,Bachelor's,Electrical Engineering,0.6,1,0,51,53,56,62,50,23,49,38,84,60,64,5,1,65,53,54,62,Frontend Developer,1
31,Diploma,Computer Science,1.6,0,2,63,66,89,75,82,70,100,57,78,73,93,4,5,73,75,85,70,Data Analyst,1
39,Master's,Electrical Engineering,1.9,4,1,39,51,52,58,52,38,58,63,52,62,46,3,1,63,54,43,53,Full Stack Developer,1
24,Bachelor's,Other,1.9,3,2,74,69,62,84,72,73,76,43,66,63,61,4,3,71,50,56,81,QA Engineer,1
23,Diploma,Other,0.9,1,0,54,71,34,54,69,59,47,57,43,54,63,7,3,75,59,60,81,Data Analyst,1
37,Diploma,Other,0.1,2,0,70,78,50,55,61,44,62,57,34,71,73,5,3,68,64,66,100,Backend Developer,1
33,Diploma,Information Technology,0.3,0,0,82,97,75,93,81,81,83,73,78,61,74,3,3,62,69,72,77,Software Developer,1
24,Bachelor's,Computer Science,2.4,3,1,73,70,57,74,67,69,34,59,80,58,44,3,0,74,55,45,78,DevOps Engineer,1
39,Master's,Information Technology,5.6,1,4,65,52,36,60,42,35,51,40,70,65,69,4,3,62,59,66,60,Machine Learning Engineer,1
21,Bachelor's,Other,0,1,0,75,69,82,87,81,100,62,96,69,59,76,7,2,91,83,66,89,Cloud Engineer,1
20,Bachelor's,Data Science,0,1,0,53,57,40,23,47,36,47,55,46,50,52,3,3,56,56,59,72,Machine Learning Engineer,1
37,Bachelor's,Computer Science,2.2,2,1,77,87,81,100,87,100,99,93,74,71,85,4,2,83,84,69,87,Cloud Engineer,1
36,Bachelor's,Other,1.3,2,1,81,62,80,81,63,63,67,57,75,38,60,2,2,74,58,58,55,Software Developer,1
33,Master's,Other,7.5,1,1,98,77,74,100,67,83,63,57,61,83,98,6,3,82,75,79,62,Software Developer,1
41,Master's,Electrical Engineering,1.6,2,2,46,59,43,52,51,50,50,59,67,74,36,2,3,55,51,38,43,DevOps Engineer,1
21,Bachelor's,Other,0,0,0,57,60,73,60,57,70,53,54,54,64,43,5,2,64,47,47,98,Full Stack Developer,0
23,Bachelor's,Data Science,0.7,0,0,87,92,100,94,92,74,65,61,77,68,66,3,1,80,60,51,62,QA Engineer,1
27,Bachelor's,Computer Science,3.3,0,2,100,78,79,95,76,82,89,37,66,51,78,4,4,73,54,68,75,Machine Learning Engineer,1
28,Bachelor's,Other,0.1,3,0,67,59,63,73,79,61,79,29,60,57,68,3,1,62,54,64,89,Software Developer,1
20,Bachelor's,Information Technology,0,0,0,46,72,61,60,33,25,46,86,48,70,31,1,3,64,61,35,26,Backend Developer,0
27,Master's,Electrical Engineering,3.4,2,1,77,61,61,78,44,35,40,44,45,72,58,3,2,68,51,59,51,Frontend Developer,1
35,Bachelor's,Information Technology,2.1,0,1,66,35,72,66,65,66,36,56,43,71,69,3,2,62,67,66,62,Machine Learning Engineer,1
29,Master's,Information Technology,0.5,3,0,48,56,57,40,36,48,37,72,53,66,45,3,2,61,58,53,61,Full Stack Developer,1
24,Bachelor's,Computer Science,2.1,0,2,59,62,41,60,54,54,69,54,51,69,74,3,3,71,64,70,71,Software Developer,1
42,Bachelor's,Electrical Engineering,4.1,1,2,95,60,53,64,61,49,54,83,100,83,78,4,1,87,81,65,76,Software Developer,1
41,Master's,Computer Science,1.7,1,2,82,93,89,81,68,59,87,45,63,74,76,3,2,67,64,69,47,QA Engineer,1
20,Bachelor's,Information Technology,0,2,0,64,42,57,64,47,54,50,57,61,52,55,4,2,75,62,66,74,QA Engineer,1
20,Master's,Other,0,0,0,53,48,65,59,62,42,24,66,40,70,55,4,3,66,59,56,63,Full Stack Developer,1
36,Bachelor's,Data Science,9.3,1,1,73,57,54,60,61,53,53,61,82,55,27,7,3,83,47,38,98,Software Developer,1
38,Bachelor's,Electrical Engineering,7.6,0,4,51,52,53,33,18,13,10,57,72,61,35,0,3,53,51,39,27,Backend Developer,0
34,Diploma,Information Technology,0.2,1,0,56,38,28,40,57,29,38,71,63,42,58,3,1,70,65,64,23,DevOps Engineer,0
35,Diploma,Other,2.6,1,1,51,37,47,48,72,38,34,48,66,48,48,3,2,59,52,63,54,Backend Developer,0
29,Bachelor's,Information Technology,0.5,1,0,71,54,63,64,52,58,45,70,61,91,42,4,3,72,53,47,69,Machine Learning Engineer,1
32,Bachelor's,Data Science,0.5,0,0,29,43,51,50,45,5,5,80,27,85,32,4,1,54,51,36,62,Backend Developer,0
39,Diploma,Data Science,1.3,1,1,57,64,60,60,44,66,80,54,60,91,48,5,3,79,51,66,74,Backend Developer,1
24,Bachelor's,Computer Science,0.2,1,0,56,57,57,37,44,61,48,62,52,61,19,1,1,66,43,30,44,Full Stack Developer,0
26,Diploma,Computer Science,0.3,1,0,63,45,49,59,56,55,68,45,40,88,45,4,2,78,42,52,86,Frontend Developer,1
32,Diploma,Data Science,7.2,0,4,75,64,56,50,64,61,52,56,53,45,51,4,3,74,56,58,57,Data Analyst,1
33,Diploma,Computer Science,1.7,2,2,52,63,57,56,23,30,63,79,39,39,51,2,5,69,59,61,35,Cloud Engineer,1
25,Bachelor's,Information Technology,2.8,0,2,51,39,38,51,67,36,23,78,64,61,32,4,3,71,56,51,75,Frontend Developer,1
30,Bachelor's,Computer Science,3.8,1,2,57,68,72,62,46,33,45,58,50,57,71,3,3,69,67,62,50,Frontend Developer,1
21,Diploma,Other,0,1,0,72,81,60,61,71,53,81,82,53,70,91,5,3,74,78,80,58,Full Stack Developer,1
28,Bachelor's,Data Science,0.2,2,0,83,59,79,62,67,60,92,95,54,81,87,5,4,88,84,69,84,Frontend Developer,1
41,Bachelor's,Data Science,0.7,1,0,86,94,95,100,100,79,100,56,53,45,91,5,3,73,69,73,91,Cloud Engineer,1
35,Bachelor's,Information Technology,4.3,0,1,84,83,23,55,65,60,46,72,33,70,42,0,3,70,57,41,17,Machine Learning Engineer,0
23,Bachelor's,Data Science,2,3,1,78,74,60,63,48,56,65,59,31,80,87,2,3,70,71,87,54,Backend Developer,1
20,Bachelor's,Data Science,0,2,0,49,55,45,53,32,11,23,32,38,55,27,0,3,54,37,40,39,Full Stack Developer,0
40,Master's,Electrical Engineering,0.5,1,0,53,33,66,51,52,64,42,76,79,46,60,3,0,68,67,59,28,DevOps Engineer,1
33,Diploma,Data Science,0.1,4,0,67,53,82,100,58,60,54,69,48,70,83,3,1,68,69,87,63,Software Developer,1
35,Bachelor's,Data Science,5.9,3,2,73,40,57,46,58,61,60,60,62,54,70,3,2,77,67,63,27,Cloud Engineer,1
20,Master's,Computer Science,0,0,0,64,58,67,31,35,49,48,57,26,51,79,1,3,59,61,73,48,Cloud Engineer,1
40,Diploma,Electrical Engineering,6.8,1,3,63,58,51,58,46,58,75,56,63,91,62,3,4,56,63,66,77,Frontend Developer,1
30,Bachelor's,Computer Science,2.3,0,2,86,82,96,81,76,76,77,68,49,55,88,6,4,84,72,77,77,Machine Learning Engineer,1
20,Master's,Information Technology,0,1,0,60,82,72,58,53,43,50,69,32,61,56,4,3,70,63,63,43,Backend Developer,1
27,Diploma,Other,3.7,2,2,84,72,75,62,47,72,68,31,50,35,78,4,2,71,53,71,40,Software Developer,1
26,Master's,Information Technology,0.2,2,0,54,37,58,55,55,37,50,67,25,50,43,4,3,69,52,45,77,Cloud Engineer,1
40,Diploma,Computer Science,4.5,0,3,61,50,61,62,84,50,57,63,64,73,76,2,2,60,71,79,32,Data Analyst,1
22,Master's,Other,0.1,0,0,40,39,47,24,44,35,39,63,48,90,42,3,2,60,55,58,38,DevOps Engineer,1
21,Master's,Information Technology,0,0,0,39,48,43,24,48,30,34,69,56,73,46,5,0,57,59,53,68,DevOps Engineer,1
24,Diploma,Information Technology,3,0,2,77,60,45,69,34,74,77,50,53,78,62,5,3,74,53,64,84,DevOps Engineer,1
29,Diploma,Data Science,3.7,0,3,89,89,91,75,70,71,74,75,55,83,76,7,3,89,67,67,86,Backend Developer,1
31,Bachelor's,Information Technology,1.6,1,2,50,74,75,36,51,67,51,51,32,78,50,2,4,64,53,58,60,QA Engineer,1
40,Master's,Information Technology,0.7,1,0,70,62,69,52,89,100,43,49,38,59,58,5,3,63,53,55,80,Software Developer,1
40,Diploma,Information Technology,9.0,1,2,67,13,40,14,30,28,34,52,83,39,35,3,2,62,46,43,43,Cloud Engineer,1
35,Master's,Data Science,6.8,1,5,79,77,65,67,64,67,66,61,69,70,72,6,5,78,65,79,95,Machine Learning Engineer,1
24,Bachelor's,Data Science,1.2,1,1,75,75,67,62,93,51,46,72,57,75,47,6,2,86,53,56,77,Machine Learning Engineer,1
42,Bachelor's,Other,0.7,1,0,90,71,62,63,47,84,64,64,94,53,79,4,3,80,78,60,67,Backend Developer,1
35,Bachelor's,Electrical Engineering,2.8,2,2,65,53,86,72,84,67,61,55,49,50,66,6,2,68,57,63,99,Cloud Engineer,1
27,Diploma,Electrical Engineering,1.1,0,1,34,36,41,56,14,33,36,90,49,45,24,4,5,71,56,29,43,DevOps Engineer,1
32,Bachelor's,Electrical Engineering,0.5,1,0,50,39,32,55,28,30,53,58,55,76,42,5,4,61,52,38,25,DevOps Engineer,1
27,Bachelor's,Electrical Engineering,0.7,2,0,63,50,48,52,68,55,64,70,49,51,45,4,3,72,56,59,59,Data Analyst,1
22,Bachelor's,Data Science,1,1,1,46,66,49,35,58,37,63,83,58,56,36,5,1,76,57,43,93,Software Developer,1
30,Bachelor's,Electrical Engineering,6.8,1,2,58,52,49,47,54,55,23,40,36,63,45,2,0,61,43,53,46,Full Stack Developer,1
33,Bachelor's,Electrical Engineering,0.8,1,0,36,49,49,35,28,48,55,67,54,63,71,5,4,61,67,71,76,Machine Learning Engineer,1
33,Master's,Other,5.6,2,2,74,77,71,49,61,29,45,92,45,71,56,6,1,80,73,60,60,Machine Learning Engineer,1
40,Master's,Information Technology,1.7,1,2,53,63,46,54,63,52,38,76,73,58,48,5,2,80,66,49,81,Cloud Engineer,1
37,Bachelor's,Computer Science,0.3,1,0,73,66,89,76,56,71,72,61,80,58,68,2,4,71,63,66,68,Machine Learning Engineer,1
31,Diploma,Data Science,0.6,1,0,57,46,54,37,53,50,61,36,81,45,45,3,2,56,47,46,56,Data Analyst,0
32,Bachelor's,Electrical Engineering,3.1,3,2,45,41,60,43,55,39,48,75,48,62,61,1,1,65,59,57,16,Cloud Engineer,1
32,Diploma,Other,1.4,3,1,30,38,36,61,42,37,42,60,69,71,46,4,4,55,52,58,49,Cloud Engineer,1
39,Diploma,Information Technology,0.7,2,0,59,35,45,64,60,70,70,39,67,55,53,6,1,66,56,53,73,Frontend Developer,0
25,Master's,Computer Science,3.0,3,1,60,58,59,64,62,42,38,70,49,65,44,6,1,71,52,50,76,Backend Developer,1
42,PhD,Other,0.2,0,0,56,30,44,71,55,42,78,43,92,62,50,3,3,66,50,51,40,Full Stack Developer,1
29,Master's,Data Science,0.2,2,0,66,62,42,81,52,36,75,58,45,75,55,3,5,77,54,73,66,Backend Developer,1
30,Bachelor's,Other,0.6,3,0,100,68,70,95,81,70,100,60,38,83,95,3,3,87,70,72,54,QA Engineer,1
33,Bachelor's,Computer Science,1.2,1,1,98,94,100,100,100,74,98,57,63,54,76,4,4,81,65,72,64,Cloud Engineer,1
22,Master's,Other,0.1,1,0,89,86,78,92,68,66,46,75,16,48,85,7,3,91,80,79,78,Software Developer,1
40,Bachelor's,Other,5.8,1,4,70,62,66,62,78,64,65,45,48,63,50,4,3,60,48,57,49,Machine Learning Engineer,1
26,Bachelor's,Information Technology,0.7,1,0,79,75,52,62,74,85,89,57,70,70,86,5,2,68,69,82,82,DevOps Engineer,1
41,Bachelor's,Information Technology,0.1,0,0,75,72,79,72,74,68,62,100,41,73,69,5,2,86,78,72,89,QA Engineer,1
21,Bachelor's,Computer Science,0,1,0,71,77,66,73,58,50,69,70,67,84,72,4,6,74,66,62,87,QA Engineer,1
34,Bachelor's,Computer Science,0.1,0,0,63,85,74,90,74,82,65,62,51,56,73,2,3,64,66,66,24,Machine Learning Engineer,1
31,Diploma,Computer Science,4.6,1,3,70,80,59,92,66,71,88,49,34,54,77,4,3,77,61,67,67,DevOps Engineer,1
31,Bachelor's,Computer Science,1.0,1,1,68,51,53,74,56,77,53,79,39,61,77,4,2,73,75,72,53,Cloud Engineer,1
22,Bachelor's,Other,1,1,1,31,42,23,30,32,26,17,66,63,80,34,2,1,48,56,38,14,QA Engineer,0
21,Bachelor's,Data Science,0,2,0,66,84,83,98,100,67,71,35,76,91,82,3,4,60,53,74,96,Data Analyst,1
27,Bachelor's,Electrical Engineering,0.4,1,0,67,60,68,57,48,67,71,52,45,62,77,4,1,73,64,73,89,Cloud Engineer,1
25,Diploma,Electrical Engineering,3.3,4,1,70,64,43,59,20,50,39,36,39,83,58,4,2,68,50,64,70,Backend Developer,1
26,Bachelor's,Electrical Engineering,2.1,0,1,79,81,67,69,58,85,46,100,54,63,70,5,2,92,75,72,79,Software Developer,1
33,Bachelor's,Electrical Engineering,1.8,3,1,58,55,44,52,53,29,46,69,56,69,39,1,3,66,58,59,50,QA Engineer,1
33,Master's,Data Science,3.8,3,2,44,44,24,69,73,40,44,76,59,76,62,0,2,57,67,67,36,Frontend Developer,1
29,Master's,Electrical Engineering,2.9,4,1,81,56,70,81,60,57,68,67,73,41,72,1,3,72,66,74,71,Frontend Developer,1
28,Diploma,Other,7,2,4,53,78,40,67,52,30,36,40,36,54,39,4,3,58,40,55,72,Full Stack Developer,1
34,Bachelor's,Information Technology,2.3,3,1,65,83,81,50,74,32,48,67,87,72,64,2,3,64,65,63,53,DevOps Engineer,1
25,Bachelor's,Information Technology,4,1,1,47,41,33,51,58,27,32,73,56,41,42,5,0,66,55,46,43,Data Analyst,1
29,Master's,Electrical Engineering,2.4,1,2,95,92,81,81,75,79,74,78,72,74,100,3,3,81,84,83,71,Frontend Developer,1
25,Bachelor's,Electrical Engineering,3.5,2,1,71,76,78,58,87,58,60,69,47,66,58,3,4,76,64,61,51,DevOps Engineer,1
39,Bachelor's,Computer Science,4.4,1,1,84,99,82,76,80,56,100,68,61,75,73,4,2,83,67,64,80,Data Analyst,1
32,Diploma,Electrical Engineering,1.7,1,2,79,93,85,100,93,73,78,81,38,59,77,4,2,91,73,72,87,Software Developer,1
42,Bachelor's,Data Science,4.1,0,3,34,15,28,51,25,50,7,32,63,69,28,4,2,39,36,47,76,Cloud Engineer,0
26,Diploma,Data Science,0.6,1,0,62,53,80,71,50,46,43,63,69,54,76,4,1,75,68,62,66,Frontend Developer,1
32,Diploma,Other,4.6,0,4,65,85,54,54,58,38,49,52,68,71,70,3,4,76,62,63,58,Cloud Engineer,1
26,Bachelor's,Computer Science,3.8,2,1,66,50,45,31,42,43,54,55,42,90,54,4,3,73,54,58,69,QA Engineer,1
26,Bachelor's,Electrical Engineering,0.6,2,0,76,58,60,83,36,45,83,46,76,48,48,1,3,68,50,54,48,Software Developer,1
41,Bachelor's,Other,9.2,0,5,61,45,51,36,32,21,45,82,62,63,49,3,3,74,63,53,50,DevOps Engineer,1
39,Bachelor's,Electrical Engineering,0.6,1,0,59,24,15,31,52,10,57,62,49,55,52,5,2,75,57,57,84,DevOps Engineer,1
40,Master's,Data Science,4.0,2,3,77,100,94,88,80,84,73,65,43,100,91,4,4,83,77,80,67,Full Stack Developer,1
29,Master's,Other,0.0,0,0,52,40,56,27,57,17,29,41,58,59,37,2,2,51,44,40,5,QA Engineer,0
34,Diploma,Information Technology,2.4,1,1,58,46,49,67,50,29,56,87,50,59,48,4,2,79,58,34,32,Machine Learning Engineer,1
20,Bachelor's,Other,0,0,0,47,71,76,42,47,44,58,72,35,60,43,2,0,68,62,36,5,QA Engineer,0
39,Bachelor's,Information Technology,1.0,2,1,84,87,68,80,56,75,81,62,40,60,62,6,5,79,65,58,100,Data Analyst,1
29,Diploma,Data Science,4.9,0,3,41,66,44,55,81,40,38,24,84,82,31,2,1,47,35,45,63,Backend Developer,0
42,Bachelor's,Information Technology,3.3,2,2,38,34,37,37,47,36,59,75,41,58,38,1,1,65,58,47,28,QA Engineer,1
23,Master's,Data Science,2,1,2,48,53,64,37,79,59,52,50,47,54,55,4,3,64,53,51,43,Full Stack Developer,1
21,Bachelor's,Information Technology,0,0,0,52,60,43,36,59,39,40,57,77,83,56,4,3,63,56,52,41,QA Engineer,1
29,Bachelor's,Information Technology,2.8,2,1,59,64,45,80,63,61,64,27,41,76,56,2,2,64,50,49,27,Backend Developer,1
38,PhD,Information Technology,3.7,2,1,41,46,18,43,36,49,36,96,60,68,16,0,1,64,54,46,15,QA Engineer,0
25,Bachelor's,Information Technology,0.8,0,0,90,94,96,57,98,72,84,75,41,65,92,4,3,86,78,84,84,Data Analyst,1
41,Diploma,Electrical Engineering,1.5,1,2,65,64,75,43,53,57,61,66,70,64,56,5,0,71,65,64,87,Cloud Engineer,1
34,Bachelor's,Other,2.9,1,1,50,55,67,30,24,36,42,52,63,72,40,1,4,65,52,45,21,Machine Learning Engineer,0
36,Diploma,Information Technology,1.9,0,1,81,53,60,31,84,70,45,77,56,52,56,1,1,78,68,48,54,DevOps Engineer,1
39,Master's,Computer Science,2.0,0,2,64,66,65,72,88,82,60,86,50,61,80,3,3,83,79,73,40,DevOps Engineer,1
22,Master's,Information Technology,0.5,2,0,49,58,55,64,36,66,42,58,66,95,54,2,4,58,54,53,47,Frontend Developer,1
41,Bachelor's,Information Technology,2.8,0,1,5,38,18,41,32,6,22,80,48,67,45,2,1,49,62,50,25,Full Stack Developer,0
27,Bachelor's,Data Science,2.1,2,2,100,81,73,56,93,79,78,53,26,50,90,5,3,91,72,84,60,Frontend Developer,1
37,Bachelor's,Data Science,7.0,3,2,86,84,95,85,88,83,79,42,26,79,69,5,4,88,55,57,60,QA Engineer,1
22,Bachelor's,Data Science,1,1,1,67,40,75,45,56,34,54,21,74,75,51,5,3,53,34,55,91,QA Engineer,1
20,Bachelor's,Information Technology,0,2,0,34,42,53,55,59,50,50,59,81,67,47,2,3,55,55,61,62,Frontend Developer,1
38,Bachelor's,Electrical Engineering,0.2,1,0,58,35,20,38,22,34,65,62,44,73,32,2,3,66,47,40,72,Software Developer,1
25,Bachelor's,Data Science,1.3,1,1,84,84,90,90,75,97,89,60,67,41,77,4,2,69,71,74,65,QA Engineer,1
24,PhD,Computer Science,3,1,1,44,53,56,47,37,30,51,40,51,64,39,2,2,60,42,52,25,Frontend Developer,0
32,Bachelor's,Electrical Engineering,2.6,2,2,76,37,64,75,68,95,78,50,68,58,91,2,4,67,68,90,52,Backend Developer,1
21,Bachelor's,Information Technology,0,1,0,57,68,53,77,40,53,74,84,35,59,64,5,2,79,77,65,50,Cloud Engineer,1
31,Master's,Data Science,9.0,1,5,71,45,34,77,16,55,41,69,52,67,22,5,0,83,48,38,70,Frontend Developer,1
32,Bachelor's,Data Science,3.1,3,3,69,69,73,68,74,75,69,74,44,52,76,5,0,75,72,69,55,Full Stack Developer,1
31,Master's,Other,0.1,0,0,65,62,83,75,69,58,69,61,75,58,74,6,2,71,69,66,77,Software Developer,1
20,Bachelor's,Computer Science,0,0,0,54,61,66,64,55,59,80,41,60,46,74,3,0,53,52,62,46,Backend Developer,0
34,Bachelor's,Data Science,0.5,1,0,66,73,53,69,46,86,59,92,62,95,58,3,1,77,75,58,38,Frontend Developer,1
34,Master's,Electrical Engineering,4.8,0,2,41,42,64,22,50,35,40,70,61,71,43,3,3,60,56,44,46,Cloud Engineer,1
33,PhD,Other,5.3,0,1,90,100,93,82,74,100,77,65,35,78,89,5,0,87,72,77,81,Cloud Engineer,1
22,Master's,Information Technology,1,1,1,59,52,50,46,49,41,35,79,64,64,34,4,2,80,57,45,40,Data Analyst,1
42,Bachelor's,Computer Science,0.7,2,0,83,90,79,73,80,75,81,63,76,57,80,4,0,75,73,76,98,Data Analyst,1
22,Bachelor's,Electrical Engineering,1,0,1,77,94,90,87,74,96,70,76,37,71,81,6,5,79,74,86,86,Software Developer,1
22,Bachelor's,Data Science,1,1,1,47,34,56,43,37,28,55,49,64,89,33,3,3,60,48,44,70,Full Stack Developer,1
39,Bachelor's,Electrical Engineering,2.9,0,1,69,67,79,47,68,65,42,57,35,54,72,1,0,52,62,67,60,QA Engineer,1
25,Bachelor's,Computer Science,4,2,2,79,82,70,70,88,34,68,65,44,59,84,6,3,75,71,78,73,Full Stack Developer,1
33,Bachelor's,Other,3.6,1,2,83,57,69,80,77,78,65,25,51,49,24,5,3,74,32,36,93,DevOps Engineer,1
38,Bachelor's,Electrical Engineering,5.4,3,4,100,81,64,73,94,72,86,45,69,81,90,6,4,82,65,75,75,Cloud Engineer,1
24,Master's,Data Science,1.0,3,1,40,51,54,52,43,44,73,76,56,57,40,4,3,67,61,52,35,QA Engineer,1
27,Bachelor's,Data Science,0.6,1,0,90,100,71,98,97,64,85,43,47,57,78,5,3,67,57,76,68,QA Engineer,1
22,Bachelor's,Electrical Engineering,1,1,1,76,100,68,83,83,85,46,73,49,72,97,5,2,77,78,69,77,Machine Learning Engineer,1
26,Diploma,Data Science,2.4,0,1,78,77,74,40,64,40,67,63,73,62,53,3,3,70,54,58,50,Data Analyst,1
27,Diploma,Electrical Engineering,6,3,5,39,35,29,47,46,30,38,61,52,86,42,0,3,50,51,49,33,Full Stack Developer,0
23,Master's,Other,1.5,2,1,63,67,69,79,80,77,100,60,69,82,41,3,2,73,52,48,64,Cloud Engineer,1
24,Bachelor's,Other,1.1,2,1,51,22,17,40,33,58,46,81,68,56,35,2,1,66,56,43,28,Backend Developer,1
37,Bachelor's,Data Science,0.7,0,0,49,52,46,59,36,64,36,77,57,71,56,0,2,60,67,52,25,Machine Learning Engineer,1
36,Bachelor's,Other,2.5,1,2,68,52,46,65,47,62,46,56,68,88,47,3,0,67,55,51,51,Machine Learning Engineer,1
31,Bachelor's,Information Technology,2.1,2,2,49,62,55,39,40,58,39,72,39,40,63,5,2,65,65,50,93,Cloud Engineer,1
39,Master's,Electrical Engineering,3.3,0,2,70,58,86,93,78,51,76,95,50,68,84,3,3,84,85,74,46,Data Analyst,1
27,Bachelor's,Other,6,1,4,63,56,54,52,51,54,42,74,90,78,43,2,1,70,57,55,22,Data Analyst,1
32,Master's,Information Technology,3.4,0,1,57,51,44,22,65,23,45,51,77,65,56,7,2,69,57,55,96,Machine Learning Engineer,1
31,Bachelor's,Electrical Engineering,0.3,0,0,77,74,58,67,70,72,51,66,74,94,67,1,3,64,65,64,54,QA Engineer,1
36,Bachelor's,Other,0.9,0,0,64,62,56,62,73,87,50,64,29,80,32,2,2,67,51,51,33,Software Developer,0
27,Bachelor's,Information Technology,0.7,1,0,23,25,53,58,59,28,34,47,41,55,27,2,0,38,39,41,51,Cloud Engineer,0
29,Bachelor's,Data Science,1.0,1,1,58,64,62,58,53,33,34,55,70,58,67,3,2,64,61,60,44,Cloud Engineer,1
29,Bachelor's,Computer Science,7.8,3,4,95,48,75,60,97,53,41,72,60,69,90,5,2,88,83,74,53,QA Engineer,1
34,Bachelor's,Other,0.3,2,0,71,92,62,44,56,85,50,70,32,68,60,2,6,68,59,59,56,Data Analyst,1
35,Bachelor's,Data Science,1.1,2,1,69,73,76,58,80,67,35,74,56,53,58,5,3,77,63,57,61,DevOps Engineer,1
23,Bachelor's,Data Science,0.5,4,0,69,64,54,74,50,68,75,30,64,37,63,7,0,73,49,54,81,Software Developer,1
26,Master's,Computer Science,4.3,0,2,62,69,68,80,87,47,55,57,68,75,56,5,1,81,59,50,69,DevOps Engineer,1
38,Bachelor's,Data Science,1.2,0,1,15,24,24,45,19,10,63,17,65,92,28,3,3,35,31,45,45,QA Engineer,0
21,Diploma,Other,0,0,0,46,31,51,39,30,26,25,24,64,77,70,5,3,54,47,67,84,Software Developer,0
23,Master's,Data Science,0.0,2,0,89,66,64,53,91,83,68,82,28,67,43,1,3,80,64,43,70,Machine Learning Engineer,1
27,Bachelor's,Data Science,1.9,2,2,45,57,38,53,66,57,54,53,40,50,50,2,2,57,52,49,24,Software Developer,1
42,Bachelor's,Computer Science,0.6,0,0,48,45,26,54,48,40,44,57,48,60,25,2,1,47,39,36,25,Backend Developer,0
31,Master's,Computer Science,0.1,1,0,40,30,48,36,66,68,65,39,66,67,52,4,1,55,45,61,41,Full Stack Developer,1
39,Master's,Information Technology,3.8,2,3,51,25,34,39,19,28,17,67,33,84,48,1,2,63,62,51,49,Machine Learning Engineer,1
29,Master's,Other,2.5,4,2,92,96,98,79,68,86,99,39,61,59,86,7,2,81,59,72,84,Backend Developer,1
32,Bachelor's,Computer Science,2.3,2,2,80,91,66,98,81,66,100,72,43,86,92,3,3,79,79,78,58,Full Stack Developer,1
29,Bachelor's,Computer Science,0.6,0,0,85,88,75,89,84,55,85,65,48,78,64,2,4,73,67,73,52,Frontend Developer,1
42,Bachelor's,Computer Science,4.7,2,1,80,78,97,81,100,75,59,49,66,62,75,6,3,72,64,63,68,QA Engineer,1
27,PhD,Computer Science,0.5,0,0,43,44,25,37,37,25,17,49,48,69,27,0,4,55,43,42,26,Data Analyst,0
32,Master's,Computer Science,0.9,0,0,63,80,58,38,65,27,70,56,59,58,53,4,1,72,57,49,92,QA Engineer,1
41,Bachelor's,Computer Science,2.2,3,2,77,91,56,68,92,84,90,65,51,69,82,2,4,66,68,67,60,Machine Learning Engineer,1
34,Bachelor's,Information Technology,0.6,2,0,48,47,43,47,67,63,42,35,41,83,91,5,2,56,64,69,67,QA Engineer,1
26,Bachelor's,Computer Science,2.8,1,2,87,90,62,65,72,44,33,71,52,50,74,4,2,84,70,75,60,DevOps Engineer,1
32,Bachelor's,Electrical Engineering,0.6,0,0,50,81,46,74,43,71,66,57,65,89,57,4,1,65,57,60,43,DevOps Engineer,1
42,Bachelor's,Other,2.8,0,2,60,58,42,56,41,86,67,49,78,80,73,2,3,54,58,62,31,Cloud Engineer,1
35,Bachelor's,Electrical Engineering,1.1,3,1,63,59,64,79,99,30,43,64,72,46,64,3,1,69,66,68,63,QA Engineer,1
29,Bachelor's,Computer Science,0.4,1,0,84,68,88,92,86,69,78,62,50,100,66,2,2,65,62,57,64,Backend Developer,1
31,Master's,Computer Science,1.7,1,1,67,53,42,81,58,66,39,69,78,57,54,3,3,70,57,50,77,Frontend Developer,1
24,Diploma,Other,3,0,2,83,63,62,69,56,75,84,78,64,35,72,5,3,92,72,69,57,Frontend Developer,1
40,Bachelor's,Electrical Engineering,2.9,2,1,67,56,58,82,72,55,53,47,49,69,91,4,1,66,67,75,78,Frontend Developer,1
42,Diploma,Information Technology,2.2,1,1,69,60,71,72,55,74,62,27,35,62,59,4,2,56,46,60,65,Machine Learning Engineer,0
39,Bachelor's,Data Science,3.2,0,3,85,66,58,75,56,46,53,39,63,68,76,3,1,72,53,80,75,Software Developer,1
34,Master's,Other,4.4,2,2,90,74,69,76,65,66,63,82,40,75,89,8,3,99,79,84,100,Software Developer,1
35,Master's,Computer Science,0.5,1,0,41,60,60,52,51,67,55,54,58,53,67,3,2,59,65,67,56,Full Stack Developer,1
42,Master's,Data Science,2.2,0,2,60,58,95,64,65,45,63,66,64,44,76,3,1,65,64,81,62,Cloud Engineer,1
35,Diploma,Computer Science,0.3,0,0,59,81,64,57,53,75,98,68,56,59,71,2,3,68,69,76,38,DevOps Engineer,1
42,Bachelor's,Data Science,4.2,1,1,21,55,60,35,40,18,38,60,70,59,15,3,3,55,45,37,40,Software Developer,0
34,Bachelor's,Information Technology,0.5,4,0,75,82,100,82,96,77,68,46,65,82,93,3,2,70,62,85,56,Frontend Developer,1
29,Bachelor's,Other,4.1,2,1,84,60,91,71,82,91,75,66,43,82,89,5,4,82,77,72,47,Backend Developer,1
29,Bachelor's,Data Science,1.3,0,1,53,55,55,46,56,75,61,87,69,71,67,4,2,87,71,63,63,DevOps Engineer,1
38,Bachelor's,Other,0.3,1,0,75,61,77,63,60,73,79,52,74,66,83,5,4,69,65,83,52,DevOps Engineer,1
40,Bachelor's,Data Science,2.1,2,2,78,83,75,59,95,100,59,63,23,80,82,5,1,77,73,74,46,Backend Developer,1
29,Bachelor's,Electrical Engineering,3.2,1,3,47,12,15,42,31,50,28,43,61,78,32,2,2,54,42,48,57,Frontend Developer,0
33,Master's,Electrical Engineering,3.9,2,3,69,44,50,62,66,46,73,77,35,66,36,5,4,75,62,47,38,Data Analyst,1
25,Bachelor's,Computer Science,1.4,1,1,39,31,50,58,46,61,53,72,72,94,47,5,2,65,56,42,45,Backend Developer,1
28,Bachelor's,Computer Science,7,1,2,44,49,39,57,36,23,58,68,72,61,36,5,4,67,55,46,62,Software Developer,1
20,Bachelor's,Computer Science,0,0,0,57,59,67,42,55,67,43,57,47,56,31,3,1,58,43,44,70,Frontend Developer,1
36,Master's,Computer Science,0.9,1,0,40,39,31,49,46,38,46,73,51,42,43,3,2,64,56,52,55,QA Engineer,1
30,Bachelor's,Data Science,0.4,2,0,73,55,50,81,68,78,76,100,65,63,64,2,2,80,75,60,59,QA Engineer,1
37,Diploma,Data Science,0.1,0,0,69,80,51,84,38,73,76,53,43,89,51,4,2,74,53,50,100,Software Developer,1
40,Bachelor's,Electrical Engineering,0.1,2,0,46,55,44,45,43,64,54,66,66,77,49,5,3,60,57,52,64,Frontend Developer,1
28,Master's,Electrical Engineering,0.8,2,0,60,44,38,47,47,63,14,74,49,72,53,2,1,74,63,49,57,DevOps Engineer,1
40,Bachelor's,Information Technology,0.6,0,0,58,80,64,54,78,53,30,60,48,86,53,5,0,65,54,54,77,Frontend Developer,1
36,Diploma,Data Science,14.0,1,2,100,59,62,81,80,71,64,58,70,57,86,5,4,79,69,74,80,Software Developer,1
40,Diploma,Information Technology,1.3,4,1,25,39,29,48,39,7,21,49,35,65,11,6,1,52,27,26,35,Data Analyst,0
20,Bachelor's,Computer Science,0,0,0,69,81,65,91,53,63,47,59,50,68,53,2,2,68,51,53,77,Frontend Developer,1
38,Master's,Data Science,4.9,0,4,68,55,52,71,28,40,20,62,72,61,41,3,0,72,53,52,7,Full Stack Developer,1
26,Diploma,Other,2.4,2,2,64,61,52,80,69,34,58,46,54,37,48,0,4,59,49,54,77,Cloud Engineer,0
41,Bachelor's,Information Technology,0.9,0,0,70,50,64,69,79,74,66,67,66,79,57,6,1,78,65,54,78,Frontend Developer,1
30,Bachelor's,Data Science,1.6,3,2,81,58,65,74,100,52,52,70,52,45,76,3,2,73,72,70,65,QA Engineer,1
37,Bachelor's,Other,10.4,2,5,68,58,69,68,61,31,57,44,33,36,67,5,1,70,59,64,58,QA Engineer,1
24,Diploma,Computer Science,0.6,1,0,78,93,71,66,72,57,76,81,61,99,86,4,3,85,74,67,56,QA Engineer,1
29,Master's,Electrical Engineering,0.0,2,0,33,56,49,22,61,47,45,74,15,55,43,1,1,46,56,47,41,Machine Learning Engineer,0
41,Bachelor's,Computer Science,4.7,1,1,51,48,44,71,66,43,22,49,61,83,26,3,2,58,42,44,71,Machine Learning Engineer,1
39,Bachelor's,Information Technology,0.7,2,0,17,26,43,37,44,40,48,78,73,44,11,2,1,58,43,31,33,Machine Learning Engineer,0
30,Diploma,Other,2.9,0,1,58,37,53,81,60,63,53,41,49,57,58,3,4,60,54,52,60,Frontend Developer,0
38,Bachelor's,Other,1.1,0,1,34,33,26,20,24,56,40,50,49,90,62,3,2,59,53,59,26,Software Developer,0
34,Bachelor's,Computer Science,3.7,0,3,30,33,36,45,40,24,28,52,39,75,14,5,2,54,37,42,64,Cloud Engineer,0
21,Bachelor's,Other,0,2,0,56,59,55,51,50,64,65,57,43,100,55,3,2,62,54,55,18,QA Engineer,1
31,Bachelor's,Electrical Engineering,4.3,0,2,71,78,51,40,70,84,73,56,54,59,75,2,3,72,63,69,46,Frontend Developer,1
21,Bachelor's,Other,0,1,0,42,65,64,73,47,40,46,42,34,48,67,3,3,52,55,68,46,Backend Developer,1
33,Bachelor's,Other,3.4,0,2,48,52,39,60,48,16,32,65,62,36,47,2,3,60,58,51,31,QA Engineer,1
24,Diploma,Information Technology,2.3,2,2,75,69,58,70,77,68,51,30,47,59,70,6,2,63,53,75,57,Data Analyst,1
22,Bachelor's,Electrical Engineering,0.1,2,0,38,37,45,24,38,35,46,49,51,40,49,1,3,61,51,49,82,Backend Developer,0
40,Master's,Information Technology,1.2,0,1,49,68,55,80,69,70,34,40,40,73,54,5,3,60,47,60,43,Full Stack Developer,1
29,Bachelor's,Other,5.8,0,4,52,44,58,36,63,36,71,57,36,76,48,4,3,70,50,43,42,Backend Developer,1
20,Bachelor's,Computer Science,0,0,0,70,46,74,66,89,32,50,85,49,70,48,4,2,87,64,46,56,DevOps Engineer,1
24,Bachelor's,Computer Science,3,1,3,47,50,52,59,43,52,15,65,85,81,43,2,3,64,57,55,27,Full Stack Developer,1
42,Diploma,Electrical Engineering,0.0,2,0,70,74,32,62,77,61,30,59,88,45,53,4,0,75,57,44,54,Software Developer,1
39,Bachelor's,Other,1.3,4,1,32,64,37,12,41,40,42,66,49,40,38,4,5,56,50,42,8,Backend Developer,0
20,Master's,Computer Science,0,3,0,53,54,51,74,58,52,56,44,56,29,46,3,5,56,54,52,56,QA Engineer,1
27,Bachelor's,Computer Science,4.5,2,3,45,59,41,50,48,25,42,49,50,79,61,4,5,51,55,65,43,QA Engineer,1
35,Bachelor's,Other,0.2,0,0,61,60,77,70,36,62,47,85,76,60,72,3,1,78,77,78,77,Cloud Engineer,1
26,Master's,Information Technology,0.4,1,0,35,48,50,25,14,48,67,51,43,53,10,1,3,48,41,37,18,QA Engineer,0
24,Master's,Other,3,1,1,90,88,64,70,89,64,71,73,65,79,73,3,3,74,71,73,60,QA Engineer,1
26,Bachelor's,Electrical Engineering,0.4,1,0,94,100,86,75,70,100,78,74,67,70,95,5,2,88,78,79,77,Backend Developer,1
40,Diploma,Electrical Engineering,3.0,0,1,79,62,63,66,77,51,47,88,72,70,75,4,4,82,76,81,42,Software Developer,1
22,Bachelor's,Computer Science,1,1,1,100,73,62,94,95,72,100,63,62,69,63,7,4,79,63,62,96,Data Analyst,1
38,Diploma,Information Technology,3.9,2,3,32,29,29,24,29,12,33,74,64,61,15,0,0,51,49,34,36,Cloud Engineer,0
37,Diploma,Information Technology,0.0,2,0,52,69,79,66,70,49,61,27,65,74,56,3,1,55,45,59,75,Frontend Developer,1
32,Master's,Electrical Engineering,6.1,0,2,58,70,57,60,64,70,38,66,51,45,51,4,2,72,58,65,58,QA Engineer,1
37,Diploma,Electrical Engineering,12.2,0,5,100,71,86,89,78,100,61,73,79,58,65,6,2,94,72,67,93,Data Analyst,1
20,Bachelor's,Electrical Engineering,0,3,0,70,92,70,64,57,51,76,40,100,45,72,2,2,69,56,65,32,Backend Developer,1
28,Bachelor's,Electrical Engineering,0.2,0,0,43,17,28,40,10,31,6,37,44,77,46,4,1,50,48,52,37,Backend Developer,1
26,PhD,Electrical Engineering,2.2,0,2,45,52,28,38,26,27,45,61,71,76,48,1,0,58,52,44,50,Full Stack Developer,0
30,Master's,Electrical Engineering,7.5,0,3,75,65,75,51,60,38,50,82,64,39,43,4,1,80,59,34,81,Full Stack Developer,1
31,Bachelor's,Information Technology,4.1,0,1,50,54,37,44,39,55,57,85,43,52,32,4,5,74,54,35,74,Full Stack Developer,1
37,Bachelor's,Other,2.2,0,1,62,60,63,53,54,49,66,33,61,51,52,5,2,67,43,52,75,Cloud Engineer,0
27,Bachelor's,Computer Science,1.3,2,1,49,44,64,37,31,48,55,63,70,87,58,2,2,69,54,54,80,Machine Learning Engineer,1
34,Bachelor's,Data Science,4.3,0,3,81,84,50,61,59,66,66,46,62,67,53,3,3,60,54,57,79,QA Engineer,1
36,Master's,Electrical Engineering,2.5,0,2,66,56,56,40,65,50,74,58,34,35,53,4,2,76,53,56,84,QA Engineer,1
41,PhD,Data Science,2.1,0,2,66,56,65,67,61,52,100,50,59,59,78,4,3,70,62,75,45,Data Analyst,1
23,PhD,Computer Science,2,1,1,63,70,38,87,56,49,56,75,68,48,76,5,4,78,75,72,82,DevOps Engineer,1
20,Master's,Data Science,0,3,0,61,52,40,55,60,38,35,28,47,70,68,4,2,47,43,63,46,Frontend Developer,1
35,Bachelor's,Data Science,0.3,0,0,62,51,35,31,49,34,37,40,39,50,48,2,3,57,51,41,78,DevOps Engineer,1
21,Bachelor's,Information Technology,0,1,0,67,56,60,70,36,68,17,57,23,79,45,4,4,72,49,55,63,Machine Learning Engineer,1
42,Bachelor's,Electrical Engineering,1.1,0,1,55,48,66,50,54,31,45,64,45,78,57,5,1,68,60,64,30,QA Engineer,1
30,Bachelor's,Data Science,3.6,0,2,100,77,81,99,88,86,100,63,59,76,76,3,2,84,68,71,31,Full Stack Developer,1
27,Master's,Other,2.4,1,1,35,28,37,7,28,33,32,83,65,61,25,2,1,64,57,49,65,Machine Learning Engineer,1
42,Bachelor's,Computer Science,0.0,1,0,54,29,47,67,50,49,47,67,57,65,47,3,2,68,57,44,32,Cloud Engineer,1
35,Bachelor's,Computer Science,3.2,1,2,24,36,26,37,18,5,7,76,29,60,5,3,2,49,41,44,67,DevOps Engineer,0
33,Master's,Information Technology,0.6,0,0,63,78,68,48,49,66,73,43,13,67,66,4,3,66,55,73,62,QA Engineer,1
20,Bachelor's,Computer Science,0,3,0,60,81,50,34,61,38,63,54,95,53,59,7,3,75,57,69,96,Full Stack Developer,1
20,Diploma,Electrical Engineering,0,1,0,47,53,57,75,54,31,21,53,53,52,51,3,3,55,52,44,49,Software Developer,0
29,Master's,Computer Science,2.8,0,1,58,53,46,36,35,41,49,79,55,57,49,3,1,77,65,57,60,Cloud Engineer,1
22,Bachelor's,Electrical Engineering,0.0,2,0,40,41,23,63,27,17,20,61,88,66,31,2,3,53,49,44,70,Data Analyst,0
27,Bachelor's,Other,6,1,1,57,62,76,51,39,53,77,50,37,65,46,2,2,62,47,44,42,Data Analyst,0
37,Bachelor's,Computer Science,2.6,2,1,50,49,47,40,65,22,17,28,51,58,16,4,1,57,29,41,29,Cloud Engineer,0
20,Bachelor's,Other,0,4,0,99,78,100,91,79,91,89,75,64,92,87,7,1,92,82,81,67,QA Engineer,1
42,Master's,Computer Science,2.4,0,2,75,75,54,77,87,69,58,33,65,58,66,6,2,62,54,61,97,Backend Developer,1
40,Master's,Data Science,0.1,0,0,22,31,27,14,35,32,53,32,44,46,41,3,0,52,40,56,44,Machine Learning Engineer,0
25,Bachelor's,Information Technology,3.3,1,1,50,45,38,61,36,29,43,69,71,65,39,2,1,64,50,55,15,QA Engineer,0
37,Bachelor's,Electrical Engineering,4.1,1,2,64,62,56,48,71,74,73,66,72,46,59,3,4,58,56,57,27,Frontend Developer,1
25,Bachelor's,Electrical Engineering,3.5,0,1,74,53,71,76,63,67,57,48,73,72,62,4,3,75,52,65,69,QA Engineer,1
23,Bachelor's,Data Science,1.6,0,1,70,71,54,58,47,64,66,62,61,71,64,4,4,72,60,56,79,Machine Learning Engineer,1
41,Bachelor's,Computer Science,0.8,1,0,32,21,40,17,35,35,39,71,47,53,8,2,4,56,41,29,51,DevOps Engineer,0
35,Bachelor's,Computer Science,4.2,2,3,82,58,64,83,76,29,39,69,28,63,80,4,1,81,70,66,71,Full Stack Developer,1
40,Diploma,Computer Science,0.3,4,0,92,89,72,100,94,58,61,58,52,70,63,6,5,85,62,65,88,Machine Learning Engineer,1
26,Master's,Information Technology,3.7,2,2,100,86,97,83,90,100,71,80,85,85,77,5,3,92,71,69,77,Full Stack Developer,1
26,Bachelor's,Information Technology,0.0,4,0,46,64,72,52,66,69,49,82,45,45,43,3,2,63,68,54,71,Cloud Engineer,1
39,Bachelor's,Information Technology,0.9,0,0,57,58,57,42,62,44,40,52,16,72,63,1,2,62,58,62,44,Machine Learning Engineer,0
37,Bachelor's,Computer Science,0.8,2,0,68,77,75,75,63,49,49,37,66,35,72,3,3,59,60,55,62,Full Stack Developer,1
40,Diploma,Electrical Engineering,3.0,0,2,66,69,74,79,79,64,28,66,73,35,67,5,2,72,64,62,47,Full Stack Developer,1
31,Bachelor's,Computer Science,2.7,0,1,79,62,71,91,65,48,77,41,75,61,80,6,3,73,57,68,30,DevOps Engineer,1
40,Bachelor's,Information Technology,4.5,0,2,62,58,71,58,61,44,39,61,50,38,35,5,2,69,49,40,40,Backend Developer,0
26,Master's,Computer Science,5,2,4,61,75,52,42,68,67,46,60,64,61,32,4,3,62,46,41,50,QA Engineer,1
40,Bachelor's,Other,5.1,3,4,84,68,45,70,61,76,46,49,63,76,70,6,0,75,59,77,63,Software Developer,1
31,Bachelor's,Information Technology,1.2,1,1,69,72,50,60,53,23,76,68,65,68,67,0,2,62,66,62,14,Frontend Developer,0
38,Master's,Data Science,2.4,1,2,74,57,70,75,57,81,49,78,80,86,67,4,1,78,77,65,86,Backend Developer,1
24,Bachelor's,Computer Science,0.4,0,0,30,13,19,14,38,21,15,49,69,74,21,2,3,52,42,40,51,Cloud Engineer,0
29,Bachelor's,Other,1.8,1,2,56,48,75,54,52,28,72,57,75,88,66,3,3,66,66,59,35,QA Engineer,1
37,Master's,Information Technology,1.4,2,1,82,96,73,86,83,92,52,58,83,70,86,3,5,68,66,79,73,DevOps Engineer,1
41,Diploma,Electrical Engineering,4.5,2,2,57,49,50,59,40,57,35,68,72,55,66,3,1,70,71,67,29,QA Engineer,1
29,Master's,Electrical Engineering,0.6,0,0,42,39,56,31,56,21,47,48,38,61,35,5,1,57,46,58,58,Frontend Developer,1
32,Master's,Computer Science,3.4,1,1,69,54,27,61,53,36,36,51,32,59,62,4,0,73,56,52,80,Frontend Developer,1
24,Diploma,Computer Science,1.3,0,1,77,83,70,72,80,60,58,66,69,81,77,2,3,77,69,80,47,Machine Learning Engineer,1
42,PhD,Electrical Engineering,2.3,0,1,58,45,46,55,52,70,41,59,54,80,49,3,1,68,57,41,54,Cloud Engineer,1
40,Bachelor's,Information Technology,0.8,0,0,37,43,50,64,60,39,63,64,25,68,59,4,4,59,62,64,49,Full Stack Developer,1
32,Diploma,Information Technology,0.6,1,0,70,84,78,73,67,38,52,38,27,58,73,2,2,57,52,67,43,Frontend Developer,1
27,Master's,Electrical Engineering,4.3,0,3,51,67,44,65,48,46,9,73,73,81,67,1,0,64,68,74,41,QA Engineer,1
41,Master's,Computer Science,1.4,0,1,53,71,84,69,81,83,77,56,44,52,69,3,2,58,58,64,54,Cloud Engineer,1
39,Bachelor's,Computer Science,1.2,1,1,84,69,57,100,76,81,50,51,44,76,80,3,3,75,59,70,48,Machine Learning Engineer,1
21,Bachelor's,Data Science,0,0,0,59,57,45,68,78,62,13,55,85,64,68,3,2,66,57,64,26,Software Developer,1
27,Bachelor's,Data Science,6,2,2,57,23,48,52,22,12,5,58,59,63,22,0,1,54,46,31,47,Backend Developer,1
22,Diploma,Information Technology,1,2,1,18,33,10,26,12,15,5,49,44,75,37,4,1,57,50,42,64,Frontend Developer,0
39,Bachelor's,Information Technology,0.8,3,0,45,41,49,52,42,45,52,46,69,45,41,2,3,50,43,48,35,QA Engineer,0
32,Diploma,Information Technology,3.5,3,3,80,50,68,53,42,67,55,58,25,81,84,3,2,81,71,67,61,Full Stack Developer,1
23,Bachelor's,Data Science,1.0,2,1,66,85,73,73,73,52,74,57,64,68,98,6,1,73,72,82,99,Cloud Engineer,1
20,Bachelor's,Data Science,0,1,0,55,42,63,52,32,38,62,79,64,67,32,2,2,66,52,41,96,Machine Learning Engineer,1
24,Bachelor's,Information Technology,3,0,2,68,71,80,47,58,39,69,74,68,60,68,2,3,79,74,74,55,Cloud Engineer,1
20,Bachelor's,Information Technology,0,1,0,56,69,64,69,86,73,69,71,30,79,71,1,4,61,72,71,46,Data Analyst,1
27,Bachelor's,Other,4.7,0,3,75,59,54,65,66,48,23,50,50,68,58,6,2,74,51,56,100,Frontend Developer,1
28,Bachelor's,Information Technology,1.2,2,1,59,61,48,59,62,37,64,74,44,75,37,6,1,71,59,42,99,Cloud Engineer,1
24,Master's,Other,0.1,0,0,49,36,21,27,36,59,32,55,41,71,34,4,0,63,48,42,64,Software Developer,0
23,Bachelor's,Computer Science,0.6,0,0,43,40,34,48,53,62,62,86,30,58,44,5,2,75,63,49,88,Machine Learning Engineer,1
32,Master's,Other,3.1,0,1,46,30,47,36,5,19,20,43,46,72,24,4,1,52,41,37,34,Backend Developer,0
33,Bachelor's,Computer Science,1.8,4,1,57,63,40,59,57,56,52,61,63,61,53,6,3,74,58,62,70,QA Engineer,1
20,Diploma,Electrical Engineering,0,2,0,41,55,43,60,29,24,27,48,58,92,35,5,1,56,44,42,62,Cloud Engineer,0
38,Bachelor's,Other,0.1,0,0,54,50,34,43,64,26,54,72,70,65,55,5,1,74,60,73,90,Full Stack Developer,1
40,Master's,Computer Science,2.4,1,2,88,43,82,100,84,52,100,60,44,56,100,6,4,83,77,86,92,DevOps Engineer,1
36,Bachelor's,Electrical Engineering,3.8,0,1,59,61,41,62,59,38,56,81,59,25,45,3,3,74,57,52,87,Cloud Engineer,1
38,Bachelor's,Electrical Engineering,0.1,0,0,46,29,42,63,63,13,5,86,24,66,48,4,1,74,70,58,53,Data Analyst,1
29,Bachelor's,Other,5.8,2,3,60,47,46,59,41,72,45,50,64,80,40,2,4,64,46,44,41,QA Engineer,0
37,Master's,Computer Science,3.5,2,2,48,40,49,81,49,60,54,59,31,55,39,2,2,60,56,52,39,QA Engineer,0
29,Master's,Electrical Engineering,0.9,2,0,52,39,49,52,48,46,34,67,64,59,45,2,3,66,58,57,72,Backend Developer,1
41,Bachelor's,Information Technology,2.0,2,1,66,90,68,70,57,60,63,72,51,77,82,3,2,70,67,78,27,QA Engineer,1
30,Master's,Information Technology,2.3,1,2,100,81,89,75,79,91,100,89,36,72,92,6,3,98,84,78,68,Cloud Engineer,1
34,Bachelor's,Other,10.2,0,5,63,73,62,35,61,49,76,38,31,65,62,3,3,67,56,58,51,Full Stack Developer,1
29,Bachelor's,Computer Science,1.7,0,2,40,57,49,37,56,48,54,33,75,63,39,4,2,52,41,48,54,Frontend Developer,0
41,Bachelor's,Electrical Engineering,1.9,1,1,40,55,50,21,38,23,14,73,60,73,22,2,1,61,47,46,32,Data Analyst,0
24,Master's,Other,3,1,2,51,69,75,64,33,65,49,60,47,81,91,5,1,66,70,82,78,Data Analyst,1
38,Bachelor's,Data Science,5.0,1,4,47,46,33,88,76,40,24,31,57,90,33,3,1,53,36,52,69,Backend Developer,0
41,Bachelor's,Electrical Engineering,0.4,0,0,53,71,63,59,57,52,48,47,61,51,47,3,1,68,49,44,40,Data Analyst,0
22,Diploma,Computer Science,1,0,1,94,76,79,82,89,100,80,51,57,53,92,6,3,76,73,80,100,Machine Learning Engineer,1
36,Bachelor's,Information Technology,1.9,1,1,76,74,71,45,84,90,100,52,51,72,99,5,6,74,78,85,74,Full Stack Developer,1
25,Bachelor's,Data Science,1.1,2,1,94,96,92,97,91,84,90,74,70,65,100,6,4,78,81,79,68,Full Stack Developer,1
31,Bachelor's,Computer Science,0.3,1,0,69,61,59,55,65,35,59,62,61,76,83,3,4,62,70,76,63,Cloud Engineer,1
40,Bachelor's,Electrical Engineering,6.0,0,4,96,70,73,53,66,46,44,51,80,68,71,2,0,75,63,65,57,Software Developer,1
30,Bachelor's,Other,1.6,3,2,68,68,79,75,85,77,60,48,50,91,92,3,3,64,67,73,31,Machine Learning Engineer,1
28,Master's,Data Science,6.5,1,2,100,100,94,94,89,89,94,68,58,75,100,4,4,88,82,95,69,Backend Developer,1
20,PhD,Information Technology,0,2,0,67,60,69,82,74,73,63,85,50,83,81,5,2,69,82,67,55,Cloud Engineer,1
42,Bachelor's,Other,1.3,3,1,55,42,68,72,84,64,43,67,40,48,71,2,3,61,69,88,27,Backend Developer,1
35,Master's,Other,0.8,0,0,70,39,85,94,75,93,71,60,38,71,77,4,2,76,67,69,64,Cloud Engineer,1
26,Bachelor's,Electrical Engineering,3.1,1,2,87,64,90,74,87,56,79,78,63,60,69,5,4,82,72,65,89,Full Stack Developer,1
21,Diploma,Electrical Engineering,0,3,0,45,34,46,65,26,29,60,52,30,60,59,5,3,67,56,51,61,Backend Developer,1
34,Diploma,Information Technology,8.8,3,4,60,34,49,51,34,11,22,60,52,70,47,2,1,70,53,57,43,Frontend Developer,1
34,Bachelor's,Computer Science,3.5,2,3,99,100,81,68,91,87,62,23,49,71,91,4,2,78,59,81,79,Data Analyst,1
26,Bachelor's,Electrical Engineering,1.1,2,1,42,61,32,65,42,66,36,87,78,68,82,1,2,70,81,73,32,Cloud Engineer,1
37,Bachelor's,Data Science,5.5,0,2,78,66,50,52,43,78,65,35,73,71,76,4,3,67,57,70,69,Software Developer,1
39,Master's,Data Science,1.5,3,1,27,34,19,7,54,45,46,71,55,74,12,2,3,55,45,33,36,Backend Developer,0
28,Bachelor's,Data Science,6.1,2,2,97,80,85,100,76,78,81,56,60,29,100,5,4,83,73,68,100,Full Stack Developer,1
40,Master's,Information Technology,1.4,1,1,72,56,61,77,75,58,85,41,45,79,73,5,3,76,56,66,90,Full Stack Developer,1
30,Bachelor's,Computer Science,0.2,1,0,86,74,71,80,68,44,59,49,41,56,52,1,3,69,51,50,44,Cloud Engineer,1
41,Bachelor's,Data Science,2.9,1,1,41,36,61,50,58,26,47,37,83,84,37,6,0,60,39,46,81,Cloud Engineer,0
40,Master's,Information Technology,0.6,1,0,66,64,52,46,59,41,71,87,43,70,67,1,0,77,77,66,66,Frontend Developer,1
23,Bachelor's,Data Science,1.1,1,1,59,57,68,42,61,56,45,53,59,67,62,4,2,58,55,64,89,DevOps Engineer,1
29,Master's,Electrical Engineering,0.2,0,0,68,78,44,75,71,48,73,37,53,56,55,4,2,65,42,53,51,DevOps Engineer,1
25,Bachelor's,Information Technology,1.7,3,2,60,46,22,56,40,24,43,42,51,72,40,5,3,65,45,43,42,Machine Learning Engineer,1
36,Master's,Data Science,0.4,2,0,88,77,89,93,90,79,70,42,46,79,100,2,1,72,66,90,100,Full Stack Developer,1
38,Bachelor's,Other,0.3,4,0,42,74,41,61,35,43,50,48,63,89,68,4,2,58,58,63,45,Frontend Developer,1
27,Diploma,Data Science,0.2,0,0,22,33,22,20,56,13,14,69,69,67,27,2,1,53,52,39,37,QA Engineer,0
24,Bachelor's,Data Science,3,1,2,84,57,73,74,63,54,65,53,40,60,61,1,1,67,58,51,58,Full Stack Developer,1
33,Bachelor's,Other,0.5,1,0,45,98,71,77,82,72,56,45,56,66,48,3,3,50,50,43,100,Backend Developer,0
40,Bachelor's,Electrical Engineering,7.9,1,5,91,81,68,83,84,60,75,53,52,61,95,5,3,81,71,84,63,Software Developer,1
36,Diploma,Computer Science,1.3,2,1,69,86,55,72,34,45,73,51,66,68,62,5,3,66,47,62,45,Cloud Engineer,1
26,PhD,Computer Science,0.5,1,0,66,65,68,90,60,74,69,56,39,57,79,3,3,67,61,65,51,Machine Learning Engineer,1
21,Master's,Electrical Engineering,0,3,0,43,41,44,35,54,40,25,56,40,67,34,2,0,52,49,43,23,Cloud Engineer,0
31,PhD,Other,10,2,1,89,74,72,63,68,39,56,74,41,66,49,4,3,78,63,59,58,DevOps Engineer,1
33,Diploma,Other,1.8,3,2,100,96,100,96,99,46,49,62,62,40,92,6,0,84,76,76,94,Machine Learning Engineer,1
38,Bachelor's,Information Technology,3.2,0,1,80,90,86,89,91,100,74,63,57,74,77,3,2,70,69,77,100,Full Stack Developer,1
27,Bachelor's,Other,4.2,0,3,72,63,61,77,65,46,58,77,40,65,54,2,1,82,59,54,49,Software Developer,1
32,Bachelor's,Data Science,1.5,1,2,54,67,28,38,40,41,49,40,67,77,31,5,3,53,39,36,64,Frontend Developer,0
42,Bachelor's,Computer Science,2.4,3,2,51,60,38,28,34,29,23,47,65,78,28,3,3,50,41,36,41,Software Developer,1
40,Master's,Data Science,0.7,1,0,63,78,78,55,63,62,36,49,61,62,65,2,5,52,59,58,88,Cloud Engineer,1
24,Diploma,Data Science,3,3,3,94,88,78,85,52,55,83,47,32,59,65,4,3,78,62,61,47,QA Engineer,1
22,Master's,Data Science,0.3,0,0,34,28,20,21,20,5,22,46,61,60,38,5,3,60,50,55,61,Full Stack Developer,0
21,Master's,Information Technology,0,2,0,29,28,15,46,28,34,34,49,53,72,19,4,1,48,37,35,5,Software Developer,0
31,Master's,Other,0.5,4,0,73,90,72,94,85,74,67,49,100,57,95,1,0,62,72,81,35,QA Engineer,1
39,Diploma,Information Technology,2.1,1,1,66,64,63,71,63,50,54,90,46,58,59,3,2,74,74,69,43,Machine Learning Engineer,1
38,Bachelor's,Information Technology,3.5,2,2,58,41,20,19,60,26,44,58,59,70,39,4,4,60,49,48,68,Frontend Developer,1
33,Master's,Computer Science,1.8,0,2,13,44,8,48,5,19,34,86,57,55,5,5,3,56,45,27,55,DevOps Engineer,0
27,Bachelor's,Electrical Engineering,5.5,1,4,61,52,38,69,37,38,43,73,73,66,27,2,1,67,55,43,35,Machine Learning Engineer,1
38,Diploma,Information Technology,1.3,1,1,49,32,37,35,13,28,40,66,56,81,41,6,2,66,56,49,54,Cloud Engineer,1
41,Bachelor's,Other,2.2,1,1,62,61,74,43,10,46,58,68,72,56,48,4,3,74,59,62,83,Backend Developer,1
32,Bachelor's,Data Science,1.2,2,1,78,91,84,94,70,86,96,53,80,71,99,2,4,68,76,82,31,Machine Learning Engineer,1
31,Diploma,Computer Science,2.4,2,2,28,30,22,32,19,31,21,40,16,65,27,1,0,46,37,36,29,DevOps Engineer,0
28,Master's,Electrical Engineering,3.5,2,1,49,70,46,37,39,22,43,65,66,72,36,3,1,66,53,45,39,Data Analyst,1
35,Bachelor's,Other,4.0,1,3,62,54,42,42,49,44,19,52,51,67,51,1,1,62,48,50,49,QA Engineer,1
24,Bachelor's,Computer Science,2.6,2,1,34,63,51,71,35,17,40,61,62,51,17,3,3,56,47,41,43,Data Analyst,0
33,Bachelor's,Data Science,3.5,4,2,63,65,29,57,68,52,53,54,70,67,73,3,4,59,67,63,12,Full Stack Developer,1
28,Bachelor's,Data Science,0.4,1,0,73,49,58,64,57,43,42,49,63,59,55,6,3,66,51,55,83,QA Engineer,1
25,Bachelor's,Data Science,0.6,4,0,54,67,83,71,54,51,53,50,60,65,57,3,3,61,56,51,75,Frontend Developer,1
22,Master's,Electrical Engineering,1,0,1,59,53,47,77,68,75,78,72,63,72,77,5,2,72,72,66,35,Machine Learning Engineer,1
31,Bachelor's,Electrical Engineering,6.1,0,2,83,91,94,93,56,62,67,48,38,76,74,4,2,78,59,65,64,Data Analyst,1
29,Bachelor's,Information Technology,0.6,0,0,68,77,70,71,69,65,39,58,54,76,72,6,2,71,62,62,82,DevOps Engineer,1
28,Bachelor's,Other,4.1,2,2,52,65,61,39,36,48,48,84,54,87,42,3,2,70,64,50,64,Software Developer,1
38,Bachelor's,Computer Science,1.2,1,1,61,56,46,53,52,47,51,64,63,58,58,1,1,64,61,69,44,Cloud Engineer,1
34,Master's,Data Science,1.2,2,1,44,50,54,76,53,36,31,42,71,71,40,6,1,44,43,44,50,Machine Learning Engineer,0
29,Bachelor's,Electrical Engineering,8,1,2,72,70,63,82,75,68,64,62,43,75,55,5,2,78,57,50,66,DevOps Engineer,1
37,Master's,Data Science,4.7,0,2,27,15,17,27,8,24,51,54,69,46,9,2,2,53,36,29,48,DevOps Engineer,0
34,Bachelor's,Other,1.7,4,2,49,31,33,50,27,42,37,63,65,82,39,1,3,62,54,35,50,Frontend Developer,1
25,Bachelor's,Electrical Engineering,4,2,2,64,66,48,39,46,33,36,55,61,69,40,5,5,69,51,48,49,Frontend Developer,1
30,Bachelor's,Other,3.1,1,3,62,54,58,65,61,43,49,37,63,42,61,4,2,61,52,63,62,QA Engineer,1
40,Bachelor's,Computer Science,0.2,2,0,80,77,79,96,55,82,80,72,91,77,76,4,3,76,72,64,36,Full Stack Developer,1
23,Bachelor's,Information Technology,0.4,1,0,52,43,51,39,58,66,27,78,43,58,70,4,3,64,73,67,64,Frontend Developer,1
35,Master's,Data Science,6.1,4,2,29,6,40,40,41,5,47,65,38,81,32,1,4,47,49,57,33,Backend Developer,1
32,Bachelor's,Data Science,0.7,2,0,77,80,83,66,84,84,75,71,35,58,92,4,3,74,74,70,72,Data Analyst,1
42,Bachelor's,Other,3.7,2,3,74,98,61,98,79,73,44,77,48,62,85,4,1,76,78,69,72,Backend Developer,1
23,Bachelor's,Electrical Engineering,1.5,1,2,66,69,52,34,71,22,40,46,31,57,47,4,3,62,49,50,54,Data Analyst,1
30,Bachelor's,Information Technology,2.2,0,2,57,44,36,40,53,42,20,39,51,70,28,1,1,58,42,46,65,Backend Developer,0
20,Master's,Other,0,2,0,76,73,86,76,58,86,50,51,68,98,75,5,2,64,63,72,88,Software Developer,1
30,Bachelor's,Computer Science,9,1,3,100,72,69,74,61,41,85,54,8,70,75,6,1,78,64,70,93,QA Engineer,1
20,Bachelor's,Electrical Engineering,0,0,0,52,60,51,58,52,56,56,53,45,75,52,3,1,57,56,55,77,Cloud Engineer,1
38,Bachelor's,Electrical Engineering,0.2,1,0,44,30,51,57,37,46,17,68,37,75,8,1,0,59,46,30,44,Backend Developer,0
25,Bachelor's,Computer Science,0.3,1,0,63,68,58,51,61,74,41,47,78,63,54,3,3,56,55,43,70,Cloud Engineer,1
38,PhD,Electrical Engineering,8.9,0,1,55,42,34,46,49,23,54,61,35,32,48,2,0,68,55,58,34,Software Developer,1
24,Master's,Other,1.5,3,1,59,56,68,63,48,85,64,93,72,88,47,7,3,83,66,55,47,DevOps Engineer,1
40,Master's,Computer Science,3.7,4,2,53,43,46,38,79,31,46,38,61,72,39,3,3,62,43,47,54,QA Engineer,1
41,Diploma,Data Science,4.4,0,3,48,49,47,46,57,31,34,61,81,87,51,2,2,58,55,58,37,Backend Developer,1
27,Bachelor's,Electrical Engineering,3.3,1,1,68,62,62,64,70,40,67,56,51,57,59,4,4,68,62,62,37,Frontend Developer,1
22,Bachelor's,Information Technology,1,1,1,81,46,81,57,70,85,62,75,41,89,83,5,2,85,80,74,77,QA Engineer,1
41,Diploma,Data Science,0.7,1,0,73,65,84,86,71,71,89,34,67,83,74,4,3,70,57,68,64,QA Engineer,1
25,Diploma,Information Technology,0.8,2,0,99,80,90,82,100,100,100,29,26,65,90,4,3,70,57,79,91,Software Developer,1
22,Bachelor's,Information Technology,1,0,1,59,48,54,53,56,73,38,34,44,71,45,3,1,52,39,57,73,Software Developer,1
22,Bachelor's,Other,1.0,1,1,77,73,79,83,85,100,81,85,85,66,86,3,2,82,84,74,100,Data Analyst,1
30,Bachelor's,Computer Science,6.6,2,2,100,71,77,83,71,65,76,52,66,69,93,6,2,84,70,80,91,Data Analyst,1
23,Diploma,Other,2,3,1,48,54,53,72,40,24,58,57,41,74,34,4,3,51,49,43,13,Backend Developer,1
35,Bachelor's,Computer Science,5.7,1,4,93,81,100,89,73,92,86,34,40,76,100,3,3,75,63,86,84,Software Developer,1
28,Bachelor's,Other,1.1,0,1,82,68,58,85,64,48,74,59,48,64,83,5,2,83,71,76,75,DevOps Engineer,1
41,PhD,Other,0.1,1,0,77,96,87,64,69,76,61,86,33,56,89,4,4,84,84,69,43,Cloud Engineer,1
20,Bachelor's,Data Science,0,2,0,55,65,48,81,51,26,43,56,58,60,40,3,0,70,45,51,34,Software Developer,1
31,Bachelor's,Other,0.7,0,0,28,36,24,29,40,6,27,66,63,73,18,2,0,54,46,38,39,Frontend Developer,0
24,Master's,Other,3,2,2,47,38,57,65,86,56,55,63,70,61,62,4,1,61,59,54,27,Full Stack Developer,1
37,Bachelor's,Computer Science,0.8,2,0,68,62,57,58,59,57,47,66,37,61,61,4,3,72,63,55,54,Full Stack Developer,1
42,Bachelor's,Data Science,3.2,3,2,50,23,32,19,53,38,23,100,78,74,49,3,2,63,71,51,47,Cloud Engineer,1
32,PhD,Computer Science,5.1,1,2,44,45,68,46,38,46,38,52,71,67,51,5,0,60,53,55,59,Frontend Developer,1
22,Master's,Electrical Engineering,1,1,1,60,65,69,47,34,42,50,61,55,59,60,2,3,58,62,68,67,Software Developer,1
25,Master's,Data Science,0.3,3,0,28,43,47,63,37,32,32,56,43,68,32,5,4,54,48,47,94,Machine Learning Engineer,1
38,Bachelor's,Other,0.1,1,0,69,79,72,74,71,93,71,57,62,37,69,3,2,70,59,72,75,Software Developer,1
24,Master's,Electrical Engineering,3,1,3,48,71,70,47,55,40,56,85,41,69,62,4,4,74,75,76,69,Software Developer,1
39,Bachelor's,Computer Science,2.9,1,2,92,97,100,100,100,97,74,67,77,71,100,4,3,91,79,83,89,Full Stack Developer,1
32,Bachelor's,Electrical Engineering,0.7,2,0,98,100,100,79,100,100,81,62,37,63,93,3,3,77,72,85,70,Software Developer,1
33,Bachelor's,Computer Science,8.3,2,5,100,79,59,65,75,70,47,80,62,59,57,5,2,93,64,57,96,Backend Developer,1
34,Bachelor's,Computer Science,3.6,1,3,77,65,72,75,76,68,44,72,52,50,85,6,4,82,72,78,100,Full Stack Developer,1
29,Bachelor's,Computer Science,1.5,0,2,75,89,80,81,66,92,77,34,65,51,71,2,5,61,53,71,52,Data Analyst,1
35,Bachelor's,Data Science,2.0,1,1,69,73,50,68,66,54,65,57,40,55,67,4,2,71,59,61,68,Frontend Developer,1
41,PhD,Computer Science,0.6,2,0,82,100,81,70,47,62,78,72,62,61,81,4,2,82,76,76,52,Machine Learning Engineer,1
23,Diploma,Data Science,1.6,0,2,73,79,76,75,86,67,59,42,48,75,66,3,1,65,57,63,86,Software Developer,1
42,Bachelor's,Computer Science,1.0,2,1,81,74,81,51,65,46,46,96,75,58,70,5,2,84,77,64,74,Software Developer,1
36,Bachelor's,Computer Science,14.0,1,2,70,47,41,76,71,24,19,81,52,80,38,1,3,78,55,41,46,QA Engineer,1
41,Diploma,Computer Science,3.8,0,2,68,71,85,77,72,79,40,40,54,69,90,2,3,58,65,86,64,Software Developer,1
25,Bachelor's,Other,0.5,1,0,65,67,64,61,86,65,23,66,53,51,65,4,2,74,56,60,43,Cloud Engineer,1
32,Diploma,Computer Science,2.0,0,2,88,89,83,71,99,66,78,58,67,79,95,3,2,77,74,92,69,Backend Developer,1
32,Bachelor's,Other,1.5,0,1,44,42,45,54,32,30,33,44,70,61,30,5,3,60,38,46,49,DevOps Engineer,0
41,Bachelor's,Information Technology,0.7,4,0,50,49,78,78,67,75,65,40,36,89,65,3,2,51,57,52,54,Machine Learning Engineer,0
36,Bachelor's,Data Science,5.2,3,2,82,94,65,71,83,72,81,39,69,68,68,7,3,79,56,52,92,Frontend Developer,1
42,Bachelor's,Information Technology,4.7,4,1,28,36,55,52,47,12,37,25,55,31,53,3,2,55,43,52,43,Software Developer,0
29,Diploma,Information Technology,1.4,1,1,57,41,68,61,62,26,59,27,94,63,41,5,1,66,37,46,81,Frontend Developer,0
32,Bachelor's,Information Technology,1.9,3,2,61,59,52,42,35,52,43,60,59,68,58,5,3,71,56,53,84,Frontend Developer,1
33,Master's,Electrical Engineering,10.8,4,3,63,37,37,55,38,14,42,69,68,59,54,5,4,71,62,66,80,Cloud Engineer,1
35,Diploma,Information Technology,4.6,2,2,62,67,74,35,46,59,57,50,51,79,45,5,1,66,49,39,75,Machine Learning Engineer,1
28,Bachelor's,Data Science,4.0,0,2,56,49,49,51,58,57,43,69,72,71,48,2,3,59,57,55,46,Backend Developer,0
22,Diploma,Other,1,0,1,49,60,50,48,25,43,27,64,81,5,45,5,2,71,60,40,44,Cloud Engineer,1
28,Bachelor's,Information Technology,0.9,4,0,66,76,52,63,57,46,88,54,64,61,69,2,3,63,63,78,49,Data Analyst,1
23,Bachelor's,Information Technology,2,1,2,12,55,28,28,35,36,28,76,55,99,41,2,2,57,59,44,59,Data Analyst,0
34,Master's,Other,3.1,0,2,65,44,53,44,50,57,69,63,67,57,61,1,2,63,60,68,51,Backend Developer,1
36,Master's,Information Technology,4.1,1,1,74,78,84,75,72,62,71,77,74,47,84,3,2,80,77,87,71,Software Developer,1
31,Bachelor's,Information Technology,1.2,2,1,68,79,79,71,100,81,98,39,77,74,70,7,5,69,56,45,98,Full Stack Developer,1
21,Master's,Other,0,3,0,33,35,40,36,37,5,32,60,76,88,46,2,0,42,57,57,33,Frontend Developer,0
29,Diploma,Electrical Engineering,2.1,0,1,84,86,80,70,65,60,87,36,68,81,60,3,4,75,51,58,80,Full Stack Developer,1
23,Master's,Data Science,2,4,2,53,53,62,43,37,65,31,40,63,97,34,2,2,50,40,51,71,Data Analyst,0
33,Bachelor's,Computer Science,1.2,1,1,81,77,85,85,89,93,71,60,52,43,84,7,6,77,69,68,82,Backend Developer,1
41,Master's,Computer Science,1.7,1,2,64,30,54,51,60,40,33,44,67,68,11,6,2,74,40,32,86,Data Analyst,1
35,Bachelor's,Data Science,0.9,1,0,71,53,58,74,60,42,39,53,33,71,59,6,0,72,54,58,95,Frontend Developer,1
35,Master's,Data Science,0.2,4,0,60,58,45,5,44,59,67,44,49,65,58,2,4,56,55,49,67,Backend Developer,1
20,Diploma,Information Technology,0,1,0,41,65,68,54,50,98,80,72,67,99,64,4,3,62,62,57,51,QA Engineer,1
23,Diploma,Computer Science,0.0,0,0,38,47,31,30,49,47,43,53,61,65,68,2,2,51,61,64,59,Backend Developer,1
26,Diploma,Computer Science,3.9,0,1,92,75,74,76,47,77,66,54,47,77,76,5,2,76,66,72,68,Backend Developer,1
37,Diploma,Computer Science,4.6,0,1,100,80,63,63,62,62,71,63,54,69,83,2,4,76,71,82,62,Cloud Engineer,1
24,Bachelor's,Computer Science,2.4,1,2,91,73,85,54,97,74,75,58,46,91,76,3,1,73,68,73,37,Cloud Engineer,1
42,Master's,Information Technology,0.1,2,0,82,88,62,72,83,100,100,34,67,63,81,5,4,62,58,71,67,Data Analyst,1
20,Diploma,Other,0,1,0,49,53,58,68,44,24,57,58,40,75,50,4,4,55,53,54,39,Machine Learning Engineer,0
32,Bachelor's,Other,2.7,0,2,100,87,83,66,95,50,78,52,56,58,77,4,4,87,60,69,65,Backend Developer,1
33,Bachelor's,Information Technology,0.7,0,0,73,83,73,58,47,47,60,67,27,53,58,6,4,79,59,67,72,Cloud Engineer,1
24,Bachelor's,Data Science,0.5,0,0,36,46,45,30,47,36,47,72,55,76,49,4,2,68,58,50,66,QA Engineer,1
32,Bachelor's,Computer Science,0.7,3,0,53,72,48,49,86,52,56,50,54,49,57,5,2,58,60,65,72,DevOps Engineer,1
24,Master's,Electrical Engineering,3,0,2,60,41,56,83,38,46,46,55,38,72,40,3,4,59,50,46,69,Software Developer,1
25,Bachelor's,Other,0.4,1,0,63,17,42,49,60,61,41,88,56,56,44,2,3,70,61,41,60,DevOps Engineer,1
32,Bachelor's,Other,0.6,3,0,56,89,50,57,73,82,40,47,36,67,62,2,3,61,55,55,22,DevOps Engineer,1
22,Diploma,Data Science,1,1,1,72,81,59,59,89,89,43,72,68,64,73,1,1,73,73,80,37,QA Engineer,1
35,Diploma,Computer Science,1.9,1,2,75,61,50,65,54,63,71,37,42,52,65,5,2,61,54,73,83,Software Developer,1
33,PhD,Other,0.2,0,0,69,37,30,52,58,37,21,62,62,47,39,6,1,66,53,55,63,Data Analyst,1
34,Bachelor's,Computer Science,3.2,0,3,60,80,78,67,68,50,68,55,76,73,44,2,1,69,49,49,31,Cloud Engineer,1
29,Bachelor's,Electrical Engineering,7.6,2,1,69,63,44,68,32,59,71,35,55,49,56,2,3,62,50,55,44,Frontend Developer,1
32,Bachelor's,Other,3.7,1,2,70,85,84,67,100,50,56,44,62,90,63,3,3,58,57,54,74,DevOps Engineer,1
36,Bachelor's,Information Technology,1.6,3,2,49,62,67,78,36,52,51,57,89,47,74,0,2,55,60,68,28,Backend Developer,1
34,Master's,Other,4.3,3,1,59,51,58,72,57,53,67,41,68,61,65,4,3,64,55,67,57,Frontend Developer,1
25,Master's,Electrical Engineering,0.1,1,0,39,32,35,14,12,50,38,65,39,60,40,2,2,51,55,59,82,Frontend Developer,0
20,Bachelor's,Information Technology,0,1,0,71,70,99,42,71,57,68,47,97,91,64,2,1,55,50,68,69,DevOps Engineer,1
35,Bachelor's,Other,2.0,1,2,52,34,52,33,56,28,25,58,39,56,42,3,2,63,46,56,67,DevOps Engineer,0
26,Bachelor's,Computer Science,2.5,0,2,38,58,33,24,48,44,39,32,33,63,63,4,0,54,42,57,54,DevOps Engineer,1
33,Bachelor's,Other,8.9,3,5,82,69,74,69,73,51,61,48,73,60,69,6,4,80,54,85,91,Frontend Developer,1
41,Master's,Electrical Engineering,2.3,0,1,75,63,61,52,95,53,55,63,74,58,56,2,4,79,56,58,55,Software Developer,1
21,Bachelor's,Data Science,0,1,0,42,42,55,45,39,34,52,51,36,68,58,3,1,56,53,67,57,QA Engineer,1
37,Master's,Electrical Engineering,0.7,2,0,51,47,37,46,46,33,32,79,57,65,65,0,4,71,72,64,37,Software Developer,1
29,Diploma,Data Science,3.2,1,1,33,32,42,20,58,15,21,75,51,45,10,6,3,68,42,39,73,QA Engineer,0
37,Bachelor's,Information Technology,2.0,0,2,49,41,25,32,34,34,35,42,46,71,58,2,2,49,55,48,35,Data Analyst,1
27,Bachelor's,Computer Science,4.2,0,3,75,76,84,38,37,55,49,82,52,93,40,2,2,81,55,55,37,Full Stack Developer,1
29,Bachelor's,Information Technology,0.6,1,0,42,16,68,37,58,9,42,50,83,56,52,4,2,65,55,64,100,Data Analyst,1
20,Bachelor's,Computer Science,0,0,0,65,78,41,70,34,70,51,57,53,64,45,5,3,65,52,58,76,Machine Learning Engineer,1
38,Master's,Electrical Engineering,1.3,2,1,57,68,74,43,59,61,27,77,53,68,72,2,3,79,74,71,67,Cloud Engineer,1
35,Bachelor's,Other,1.5,1,2,58,52,35,40,32,22,85,62,49,66,50,5,2,76,54,52,37,Software Developer,1
29,Bachelor's,Electrical Engineering,7.6,3,5,39,52,63,53,42,38,32,75,52,79,36,1,3,65,59,47,38,Software Developer,1
31,Bachelor's,Data Science,0.5,1,0,58,59,62,72,61,59,65,56,5,64,54,4,2,66,53,54,61,QA Engineer,1
33,Bachelor's,Electrical Engineering,6.6,2,2,69,53,76,77,45,64,60,39,55,65,74,4,3,80,52,70,68,Full Stack Developer,1
34,Diploma,Computer Science,2.7,3,2,46,71,35,59,20,63,40,64,64,45,68,3,0,58,65,70,64,Data Analyst,1
33,Master's,Other,0.4,1,0,36,51,48,48,28,35,58,38,78,72,29,5,4,50,39,36,40,Backend Developer,0
22,PhD,Electrical Engineering,1,2,1,26,35,50,48,44,26,28,58,45,66,48,1,1,45,53,47,49,Data Analyst,1
30,Bachelor's,Other,2.6,3,1,60,59,57,58,39,54,52,35,33,56,62,4,2,54,45,60,57,Frontend Developer,1
27,Bachelor's,Other,5.6,1,2,65,51,59,32,40,19,39,66,71,66,57,4,1,70,59,51,67,Data Analyst,1
27,Master's,Information Technology,3.0,3,2,34,58,43,53,63,37,34,47,56,76,62,2,2,58,50,65,68,DevOps Engineer,1
34,Diploma,Information Technology,1.4,1,1,56,72,54,66,44,51,77,66,57,70,65,4,3,73,65,54,63,Data Analyst,1
24,Diploma,Information Technology,3,0,3,67,68,56,66,55,59,32,52,71,56,61,3,2,71,57,57,56,Data Analyst,1
31,Bachelor's,Electrical Engineering,8.0,3,3,60,37,48,45,49,53,47,58,33,79,63,4,3,60,54,61,40,DevOps Engineer,1
34,Bachelor's,Other,4.0,1,1,69,46,36,35,68,38,85,59,50,60,44,3,4,65,55,59,29,Frontend Developer,1
32,Bachelor's,Computer Science,2.6,2,2,37,50,45,49,44,33,59,76,61,87,55,4,2,58,62,51,39,DevOps Engineer,1
25,Bachelor's,Computer Science,2.8,1,1,51,31,57,39,56,8,60,72,63,77,33,4,2,74,55,45,59,Frontend Developer,0
40,Bachelor's,Other,4.2,1,1,75,64,83,50,61,39,63,64,86,71,61,5,1,78,60,68,89,Machine Learning Engineer,1
35,Bachelor's,Information Technology,2.0,1,1,74,43,43,53,37,46,35,63,31,77,43,1,4,64,54,60,67,Data Analyst,1
20,Diploma,Data Science,0,0,0,77,47,61,64,39,61,56,71,84,93,63,4,5,78,64,59,68,Data Analyst,1
27,Bachelor's,Information Technology,0.5,4,0,60,44,50,47,56,57,72,55,33,82,71,5,5,64,61,73,80,Data Analyst,1
26,Diploma,Computer Science,1.6,1,2,57,72,76,71,74,62,63,55,61,69,68,4,4,60,61,67,37,DevOps Engineer,1
23,Bachelor's,Data Science,2,1,1,53,37,56,72,70,50,52,37,53,83,52,3,3,54,49,56,55,Data Analyst,0
26,Bachelor's,Data Science,3.1,1,1,58,59,68,50,53,27,65,65,81,43,29,1,5,67,47,43,19,Full Stack Developer,0
37,Bachelor's,Computer Science,0.5,0,0,65,78,69,64,62,81,51,45,87,40,62,4,3,69,53,55,71,Data Analyst,1
38,Diploma,Electrical Engineering,2.0,1,1,71,64,38,58,71,55,62,58,42,73,45,2,2,70,53,28,27,DevOps Engineer,1
31,Master's,Computer Science,1.7,0,2,67,59,73,59,47,100,33,58,43,85,59,5,1,69,59,51,100,Software Developer,1
24,Bachelor's,Computer Science,1.4,0,1,49,73,42,91,64,85,60,90,45,57,39,5,4,73,60,53,48,Frontend Developer,0
28,Bachelor's,Data Science,3.5,1,1,48,61,30,70,39,40,17,66,65,56,32,1,1,61,55,53,26,Cloud Engineer,0
27,Bachelor's,Computer Science,6,0,3,80,73,47,62,75,64,91,40,71,90,58,2,5,60,52,59,47,Full Stack Developer,1
22,Bachelor's,Data Science,1,1,1,30,37,32,20,47,11,50,53,55,54,30,3,3,60,44,38,62,QA Engineer,0
29,Bachelor's,Electrical Engineering,3.6,1,3,73,70,91,80,82,56,69,74,64,64,69,4,1,74,71,65,48,QA Engineer,1
31,Bachelor's,Computer Science,2.5,1,2,83,67,90,46,94,69,85,21,36,74,88,4,2,70,52,68,69,Data Analyst,1
40,Bachelor's,Computer Science,1.4,3,1,57,67,48,35,65,47,28,46,77,72,22,2,2,48,37,33,52,Software Developer,1
31,Diploma,Electrical Engineering,4.6,1,2,88,100,98,100,73,100,100,51,61,66,95,5,5,78,68,80,97,DevOps Engineer,1
35,Bachelor's,Data Science,5.2,1,4,93,77,100,82,57,56,66,84,50,91,66,7,3,90,71,63,81,Full Stack Developer,1
27,Bachelor's,Electrical Engineering,0.7,0,0,74,87,73,60,83,72,44,60,34,73,77,2,2,69,63,77,24,QA Engineer,1
21,Bachelor's,Electrical Engineering,0,2,0,96,87,88,84,86,65,74,51,45,56,82,3,3,75,63,69,44,Machine Learning Engineer,1
29,Bachelor's,Computer Science,0.0,1,0,40,22,28,51,54,56,29,51,71,79,62,3,1,59,57,54,57,Cloud Engineer,1
36,Bachelor's,Other,4.8,1,4,63,61,60,80,41,26,58,48,68,76,69,3,3,66,59,70,61,Cloud Engineer,1
30,Bachelor's,Information Technology,0.6,0,0,53,82,62,58,67,60,73,21,62,69,64,5,1,60,43,72,73,Cloud Engineer,1
41,Master's,Information Technology,0.7,2,0,46,47,28,41,51,30,45,50,50,97,55,6,3,60,51,61,80,Cloud Engineer,1
35,Master's,Data Science,0.7,0,0,45,61,47,54,75,55,30,49,29,67,68,4,4,68,52,60,45,Frontend Developer,1
34,Diploma,Information Technology,7.5,3,1,61,60,23,68,77,50,53,43,38,60,62,2,1,66,57,59,36,Software Developer,1
40,Bachelor's,Other,2.2,1,2,86,86,68,66,67,78,33,72,46,60,53,4,2,71,58,67,54,QA Engineer,1
30,Bachelor's,Computer Science,9,1,4,15,5,31,5,7,45,5,63,42,58,24,0,3,38,42,36,16,Software Developer,0
26,PhD,Other,4.3,2,2,68,86,68,35,41,29,49,60,49,65,37,4,1,66,52,38,52,QA Engineer,1
34,Bachelor's,Electrical Engineering,0.4,0,0,91,98,70,73,100,62,85,63,63,63,78,4,2,87,71,67,63,QA Engineer,1
21,Diploma,Computer Science,0,0,0,44,36,52,39,38,45,62,67,45,80,43,2,1,56,58,47,12,Backend Developer,1
27,Diploma,Data Science,6,0,5,65,46,73,64,55,65,39,54,47,55,46,3,4,66,53,55,30,Full Stack Developer,1
24,Bachelor's,Electrical Engineering,3,0,3,80,83,100,80,73,78,75,57,40,55,100,6,3,73,79,76,65,Data Analyst,1
31,Master's,Computer Science,0.3,0,0,89,63,72,66,76,81,69,64,39,61,83,4,3,76,68,68,78,Frontend Developer,1
31,PhD,Computer Science,2.7,0,1,91,84,86,61,64,78,73,34,64,52,66,4,4,74,48,66,89,Backend Developer,1
29,Bachelor's,Other,1.7,1,2,54,24,48,51,51,32,56,55,53,49,63,2,3,66,56,66,52,DevOps Engineer,1
23,Bachelor's,Data Science,2,1,1,80,100,63,67,88,89,72,29,55,65,59,2,5,63,49,66,81,Machine Learning Engineer,1
28,Bachelor's,Electrical Engineering,6.3,0,3,81,83,71,69,69,63,68,47,58,100,53,5,2,76,48,55,67,Full Stack Developer,1
28,PhD,Computer Science,0.3,0,0,60,33,64,50,45,55,48,58,48,61,48,7,2,73,56,51,99,Data Analyst,1
35,Master's,Other,1.8,0,1,75,59,61,71,60,89,67,50,16,69,63,1,3,67,53,61,5,Full Stack Developer,1
30,Master's,Computer Science,2.0,2,2,67,62,52,37,28,43,38,93,55,68,26,2,3,77,57,41,37,Software Developer,1
26,Bachelor's,Data Science,3.2,1,1,100,48,52,53,74,65,88,59,66,60,51,5,2,79,58,42,100,QA Engineer,1
27,Master's,Other,1.6,1,2,74,50,49,63,65,49,58,71,45,64,60,4,2,75,68,57,64,Software Developer,1
20,Bachelor's,Other,0,2,0,56,45,66,40,73,46,52,38,29,61,63,2,1,61,50,63,78,DevOps Engineer,0
23,Bachelor's,Other,2,0,2,60,69,42,50,66,42,48,32,43,69,62,3,3,60,47,58,51,Cloud Engineer,1
28,Bachelor's,Other,0.1,2,0,43,35,30,22,48,19,33,66,100,43,19,4,2,57,45,39,31,Software Developer,0
35,Master's,Information Technology,7.1,4,5,49,54,62,68,52,57,30,64,46,65,44,2,0,60,52,50,57,Full Stack Developer,1
37,Diploma,Electrical Engineering,1.7,0,1,68,48,50,24,66,67,39,40,54,79,40,4,2,62,45,52,88,Machine Learning Engineer,0
32,Bachelor's,Information Technology,0.4,1,0,72,82,72,100,76,54,24,55,60,56,51,3,2,72,55,58,62,Full Stack Developer,1
39,Bachelor's,Information Technology,1.6,1,2,74,76,70,56,67,55,100,79,68,12,71,4,3,73,72,65,100,Data Analyst,1
22,Bachelor's,Information Technology,0.1,0,0,45,21,26,7,60,35,58,94,59,66,35,2,2,65,63,36,37,Frontend Developer,0
22,Bachelor's,Data Science,1,1,1,80,86,77,67,70,72,74,43,71,49,62,6,2,79,53,58,76,Full Stack Developer,1
26,Bachelor's,Electrical Engineering,0.1,0,0,62,37,44,48,58,41,48,61,64,62,32,5,1,69,44,43,64,QA Engineer,1
38,Bachelor's,Data Science,4.1,1,1,87,86,76,79,72,64,54,41,35,52,100,4,4,59,70,81,47,Machine Learning Engineer,1
26,Bachelor's,Data Science,4.4,1,2,100,95,94,84,78,87,77,60,54,63,83,7,3,96,70,69,95,Cloud Engineer,1
22,Bachelor's,Information Technology,0.9,0,0,65,78,57,83,51,67,56,100,75,63,63,3,2,84,74,67,66,Cloud Engineer,1
27,Diploma,Information Technology,2.7,1,1,70,65,65,38,54,80,81,63,35,56,65,6,3,72,56,62,85,DevOps Engineer,1
37,Diploma,Information Technology,0.9,0,0,61,56,41,35,13,40,22,88,66,47,47,4,1,77,62,61,85,DevOps Engineer,1
36,Bachelor's,Data Science,5.4,0,4,57,57,53,27,74,27,37,56,62,67,63,3,1,63,61,61,30,DevOps Engineer,1
40,Bachelor's,Electrical Engineering,1.7,3,2,94,78,73,72,62,84,61,74,54,56,84,4,0,83,76,70,58,DevOps Engineer,1
25,Master's,Computer Science,3.6,2,2,67,55,50,50,38,29,52,56,48,66,35,4,4,72,48,46,93,Cloud Engineer,1
31,Master's,Computer Science,0.0,3,0,23,33,8,38,39,57,11,38,58,52,27,1,3,35,35,45,41,Backend Developer,0
30,Diploma,Computer Science,7.9,0,4,29,21,28,36,27,5,5,54,59,65,29,2,1,52,45,41,41,Machine Learning Engineer,0
28,Bachelor's,Information Technology,1.2,2,1,57,49,59,49,55,47,61,64,93,94,70,3,0,57,68,68,64,Full Stack Developer,1
38,Bachelor's,Computer Science,5.6,2,3,70,49,59,56,55,59,58,83,52,59,39,2,1,76,62,44,39,Machine Learning Engineer,1
39,Bachelor's,Computer Science,1.5,0,2,75,85,67,76,77,65,100,64,88,64,98,4,4,74,78,84,78,Full Stack Developer,1
20,Master's,Other,0,1,0,76,64,58,64,78,57,86,60,63,52,65,3,3,73,55,70,59,Frontend Developer,1
25,Bachelor's,Other,1.1,0,1,74,89,70,67,90,78,82,79,52,59,80,2,3,75,76,70,56,Machine Learning Engineer,1
31,Bachelor's,Data Science,8.8,0,3,57,37,36,38,36,19,31,71,59,86,15,3,2,71,47,39,38,Software Developer,0
24,Bachelor's,Electrical Engineering,0.8,3,0,56,23,69,42,54,42,95,50,51,81,56,4,3,66,55,55,41,Cloud Engineer,1
27,Bachelor's,Data Science,2.1,3,1,72,73,81,96,71,85,60,76,67,76,89,2,3,68,74,85,39,Software Developer,1
41,PhD,Data Science,0.0,1,0,49,51,68,39,57,32,59,68,37,61,54,4,1,65,66,56,55,Software Developer,1
38,Master's,Computer Science,2.6,0,2,56,78,54,76,40,39,59,55,58,47,40,1,4,63,48,47,53,Data Analyst,1
35,Bachelor's,Computer Science,0.3,3,0,46,51,55,54,48,57,32,67,46,61,41,2,3,64,50,52,23,DevOps Engineer,1
36,Bachelor's,Information Technology,4.3,3,3,78,85,82,82,70,64,85,39,71,85,78,4,4,61,61,71,37,Frontend Developer,1
41,Master's,Electrical Engineering,14.0,0,1,66,56,42,45,43,44,41,63,58,44,18,6,2,81,45,34,74,Data Analyst,1
40,Diploma,Other,6.9,1,1,47,46,42,67,73,63,28,71,61,71,37,3,2,60,59,58,46,Software Developer,0
25,Bachelor's,Computer Science,1.2,1,1,36,22,30,22,51,42,32,55,66,35,38,2,4,57,46,44,10,Data Analyst,0
38,Bachelor's,Computer Science,0.9,0,0,55,53,45,24,44,79,47,48,58,61,57,4,3,60,53,64,51,Software Developer,1
38,Master's,Computer Science,0.2,3,0,70,56,64,45,78,67,72,59,75,49,68,6,1,71,59,64,82,Frontend Developer,1
22,Bachelor's,Computer Science,0.6,3,0,53,67,87,70,65,56,56,73,43,54,59,3,2,65,62,59,45,DevOps Engineer,1
33,Master's,Other,0.2,1,0,57,39,56,44,46,25,8,38,59,59,33,3,1,60,35,38,38,Software Developer,1
38,Bachelor's,Computer Science,0.1,1,0,46,22,38,45,62,19,27,80,65,60,53,2,3,64,65,53,40,Machine Learning Engineer,1
40,Bachelor's,Data Science,0.3,1,0,78,60,74,54,40,92,66,77,62,61,76,3,3,75,74,63,61,DevOps Engineer,1
29,Bachelor's,Computer Science,2.7,0,2,89,81,73,69,61,76,92,78,31,35,49,6,3,94,59,50,100,Data Analyst,1
26,Master's,Other,4.6,1,2,81,53,50,33,67,64,46,47,66,58,72,4,3,80,58,72,85,Software Developer,1
39,Bachelor's,Electrical Engineering,0.0,3,0,86,70,98,77,93,84,96,61,55,38,78,5,3,85,65,65,99,Machine Learning Engineer,1
23,Bachelor's,Electrical Engineering,1.1,2,1,52,44,62,75,36,61,55,42,56,63,41,4,2,70,43,49,41,QA Engineer,1
36,Master's,Computer Science,0.0,2,0,58,55,68,33,87,80,61,42,61,71,71,4,4,60,58,68,27,Software Developer,1
34,Diploma,Electrical Engineering,7.2,1,3,78,40,44,41,31,49,64,47,45,56,40,4,0,64,48,52,100,Backend Developer,1
39,Bachelor's,Computer Science,6.1,4,2,49,65,59,62,42,54,54,55,29,77,64,5,1,69,57,65,39,Machine Learning Engineer,1
26,Bachelor's,Other,1.4,1,1,79,87,67,72,55,37,36,58,68,49,67,6,2,83,64,62,73,Data Analyst,1
40,Bachelor's,Computer Science,1.7,1,2,58,46,43,36,55,49,42,62,94,76,23,3,4,64,45,31,45,Cloud Engineer,1
37,Bachelor's,Other,2.5,2,1,73,54,50,36,56,41,65,64,58,70,38,3,4,76,54,48,85,Software Developer,1
40,Bachelor's,Computer Science,6.8,3,1,73,79,87,51,62,71,68,52,66,52,53,5,4,71,57,61,72,Data Analyst,1
20,Bachelor's,Data Science,0,1,0,38,67,54,71,64,43,46,72,57,66,74,5,3,72,68,59,50,Frontend Developer,1
23,Bachelor's,Information Technology,1.5,1,2,55,67,49,51,50,56,32,52,67,39,54,4,3,74,51,59,61,Backend Developer,1
27,Master's,Electrical Engineering,0.4,1,0,56,40,52,59,42,53,50,57,39,55,80,2,2,53,63,79,41,QA Engineer,1
41,Bachelor's,Electrical Engineering,1.9,2,1,77,70,79,67,70,70,42,48,66,26,82,5,1,60,65,68,79,Frontend Developer,1
23,Diploma,Computer Science,2,0,2,55,54,61,54,55,39,6,50,65,56,49,3,1,67,52,52,41,Frontend Developer,0
21,Bachelor's,Other,0,0,0,21,20,27,16,22,14,8,42,30,78,21,6,3,56,38,35,55,Software Developer,0
42,Bachelor's,Electrical Engineering,0.9,1,0,53,37,59,40,58,18,53,69,78,100,54,0,2,60,56,59,42,Cloud Engineer,1
27,Bachelor's,Other,3.6,3,1,62,59,42,57,41,49,28,56,55,77,59,3,1,74,56,54,53,QA Engineer,1
36,Master's,Computer Science,14.0,0,3,70,49,54,45,84,64,73,61,27,65,45,5,3,74,53,50,77,DevOps Engineer,1
37,Bachelor's,Data Science,2.3,3,1,62,54,36,36,27,57,44,54,70,69,39,2,1,61,47,49,46,Software Developer,1
37,Bachelor's,Information Technology,5.9,0,2,39,22,46,24,47,19,24,74,36,83,47,4,2,69,62,53,40,Machine Learning Engineer,1
30,Diploma,Data Science,0.5,0,0,85,77,74,69,92,42,76,62,65,87,79,3,3,66,69,67,71,QA Engineer,1
21,Bachelor's,Other,0,4,0,26,27,27,26,35,44,20,54,58,74,31,6,1,63,42,53,59,DevOps Engineer,0
27,Bachelor's,Other,0.8,3,0,31,19,41,38,23,5,37,47,88,36,29,5,2,53,36,48,45,Software Developer,1
37,Master's,Computer Science,1.5,1,2,66,60,86,81,94,80,50,59,45,73,78,2,1,61,68,69,47,Frontend Developer,1
25,Master's,Computer Science,0.5,2,0,73,68,85,69,57,61,64,57,64,72,66,5,3,77,63,74,64,Cloud Engineer,1
26,Bachelor's,Information Technology,1.1,0,1,22,31,42,43,45,34,18,61,80,73,44,3,2,49,60,44,39,Full Stack Developer,0
20,Bachelor's,Other,0,2,0,44,58,37,52,30,33,58,51,63,65,75,3,1,59,62,80,46,DevOps Engineer,1
41,Bachelor's,Other,3.0,0,1,46,42,27,39,53,14,39,56,55,55,29,3,3,56,51,49,39,Full Stack Developer,0
33,Bachelor's,Data Science,2.8,1,1,79,87,66,61,69,67,74,37,61,53,78,4,0,68,61,78,85,QA Engineer,1
37,Diploma,Computer Science,1.0,1,1,74,82,64,77,71,80,77,55,51,57,54,3,3,71,57,50,43,Machine Learning Engineer,1
41,Bachelor's,Information Technology,0.8,0,0,87,73,82,95,67,61,92,60,68,75,68,4,4,80,68,73,67,Cloud Engineer,1
29,Bachelor's,Information Technology,3.7,0,3,69,24,55,56,30,60,36,58,33,86,28,4,2,67,52,43,33,Software Developer,1
27,Bachelor's,Data Science,4.2,0,2,60,59,50,63,27,40,37,50,64,47,65,2,3,61,63,57,44,Cloud Engineer,1
31,Bachelor's,Computer Science,0.7,0,0,46,33,41,53,47,17,23,45,60,58,38,2,1,54,45,46,28,Full Stack Developer,0
36,Diploma,Electrical Engineering,1.0,0,1,44,36,41,11,68,39,41,78,43,58,32,4,2,67,55,32,80,Software Developer,0
20,Bachelor's,Information Technology,0,3,0,70,58,56,23,51,64,53,73,67,87,37,4,0,82,61,41,65,Frontend Developer,1
39,PhD,Other,0.9,1,0,97,74,78,83,86,82,89,68,61,82,99,5,4,77,79,82,54,Frontend Developer,1
24,PhD,Electrical Engineering,3,0,2,76,45,60,71,57,30,55,74,65,54,48,3,3,74,62,49,67,Machine Learning Engineer,1
28,Bachelor's,Data Science,1.3,0,1,68,37,62,47,61,50,50,68,60,94,52,4,1,77,59,59,84,Cloud Engineer,1
22,PhD,Information Technology,1,1,1,30,59,34,29,30,25,41,67,46,71,32,0,3,56,48,42,35,Data Analyst,0
40,Bachelor's,Information Technology,0.1,4,0,69,30,75,68,91,82,37,72,66,48,60,3,2,72,66,58,14,DevOps Engineer,1
31,Bachelor's,Electrical Engineering,2.5,2,2,76,59,82,74,72,82,96,59,48,71,92,5,5,85,70,83,52,Frontend Developer,1
32,Diploma,Other,3.3,0,2,49,54,51,80,60,25,33,64,58,61,44,5,2,60,57,54,63,Backend Developer,1
20,Diploma,Electrical Engineering,0,2,0,49,40,51,51,43,72,53,83,55,63,62,2,2,70,70,57,54,Backend Developer,1
34,Bachelor's,Information Technology,3.0,0,3,56,53,69,65,56,77,55,71,59,74,66,4,2,69,70,49,70,Full Stack Developer,1
26,Bachelor's,Data Science,0.7,2,0,69,76,71,77,76,83,36,68,52,58,68,4,1,71,58,59,41,Machine Learning Engineer,1
33,Master's,Information Technology,8.6,1,3,72,78,62,47,64,48,56,37,72,64,82,2,4,53,59,73,58,Cloud Engineer,1
34,Bachelor's,Other,1.4,4,1,36,29,46,6,12,19,19,51,61,60,43,3,2,56,51,53,44,Frontend Developer,1
34,Master's,Data Science,2.1,1,1,42,46,22,63,57,45,47,74,75,54,45,3,1,76,60,51,5,Machine Learning Engineer,1
28,Bachelor's,Electrical Engineering,1.2,4,1,41,37,64,34,46,44,59,67,50,66,37,4,3,61,50,48,63,Full Stack Developer,1
31,Diploma,Other,2.1,0,1,71,73,92,75,91,86,54,61,62,56,91,2,3,70,71,81,54,Frontend Developer,1
33,Master's,Computer Science,1.3,4,1,49,29,40,59,51,47,49,69,54,66,49,3,1,69,56,50,57,Backend Developer,1
33,Diploma,Electrical Engineering,0.8,4,0,48,56,47,56,57,44,36,49,43,62,76,4,2,61,59,58,82,Data Analyst,1
28,Diploma,Electrical Engineering,2.3,1,1,57,57,64,68,79,79,48,77,62,65,46,7,2,69,63,42,81,Cloud Engineer,1
20,Master's,Other,0,1,0,68,49,59,63,30,68,32,81,77,68,46,6,3,90,64,51,35,Frontend Developer,1
40,Diploma,Information Technology,5.1,2,4,79,93,80,62,58,66,67,63,71,86,88,6,3,66,69,65,50,QA Engineer,1
25,Bachelor's,Electrical Engineering,0.7,0,0,78,86,93,68,100,84,80,57,57,64,100,5,2,78,74,80,100,Backend Developer,1
40,Bachelor's,Computer Science,0.4,1,0,85,74,57,61,64,89,58,59,52,50,96,5,4,70,73,80,85,Software Developer,1
30,Bachelor's,Other,3.0,1,1,50,32,26,21,21,7,32,61,93,61,38,0,2,67,55,34,54,DevOps Engineer,0
37,Bachelor's,Data Science,0.4,1,0,52,77,49,54,57,23,63,43,59,63,54,0,1,56,55,52,43,Frontend Developer,0
22,Bachelor's,Electrical Engineering,0.5,1,0,72,66,47,58,76,50,51,92,70,64,74,6,1,86,78,60,81,Software Developer,1
28,Master's,Information Technology,6.6,1,2,88,52,69,43,68,42,74,38,32,48,59,5,3,71,58,57,87,Machine Learning Engineer,1
20,Bachelor's,Computer Science,0,1,0,77,80,82,75,69,66,15,81,56,60,71,3,2,75,69,65,47,Software Developer,1
32,Bachelor's,Other,2.5,2,2,59,71,60,55,28,48,42,88,88,69,64,5,2,78,72,66,76,Full Stack Developer,1
31,Bachelor's,Data Science,4.2,1,2,75,70,94,77,45,90,93,65,49,69,72,5,4,81,69,76,84,Backend Developer,1
42,Master's,Information Technology,2.6,2,2,61,36,42,32,35,29,46,72,51,67,33,6,2,75,54,34,62,Data Analyst,1
33,Diploma,Other,2.6,0,2,49,43,53,49,50,42,42,67,40,54,30,0,1,62,46,47,5,Software Developer,0
31,Bachelor's,Electrical Engineering,6.5,1,3,63,69,76,54,66,70,67,63,40,69,60,2,3,71,58,75,31,QA Engineer,1
24,Master's,Information Technology,0.8,0,0,59,52,40,53,44,40,22,68,73,66,46,4,3,77,60,52,47,Software Developer,1
23,Bachelor's,Other,2,1,1,70,67,64,79,72,46,74,63,57,60,71,8,2,73,66,73,73,Frontend Developer,1
34,Diploma,Computer Science,2.4,0,1,36,17,29,47,24,46,28,55,52,98,29,4,4,59,41,48,37,Full Stack Developer,0
42,Bachelor's,Other,0.2,2,0,44,52,40,37,55,42,37,72,77,81,34,4,1,56,54,50,26,Frontend Developer,0
22,Master's,Data Science,1.0,2,1,67,76,76,81,65,45,88,55,77,94,59,5,4,77,58,66,15,Machine Learning Engineer,1
42,Master's,Computer Science,1.2,2,1,46,48,51,50,47,36,33,57,55,89,63,5,1,66,61,60,24,Frontend Developer,1
25,Diploma,Other,1.4,1,1,79,60,72,48,44,59,67,98,40,72,41,2,3,82,67,55,90,Cloud Engineer,1
36,Bachelor's,Information Technology,1.0,0,1,51,32,54,39,59,50,30,61,81,57,35,4,3,67,47,47,56,Data Analyst,1
29,Bachelor's,Data Science,4.8,0,4,71,59,60,69,73,67,60,63,39,53,78,2,3,67,65,75,95,Data Analyst,1
21,PhD,Electrical Engineering,0,1,0,84,72,83,89,56,88,89,49,52,43,86,1,4,70,66,74,34,Software Developer,1
21,Bachelor's,Data Science,0,0,0,5,5,9,5,11,5,5,71,64,60,19,1,2,45,46,38,20,Machine Learning Engineer,0
29,Bachelor's,Electrical Engineering,8.0,2,4,64,52,64,52,33,70,61,55,89,91,60,3,2,69,57,60,75,QA Engineer,1
39,Bachelor's,Information Technology,0.5,2,0,64,42,51,35,35,24,45,91,82,100,40,2,1,74,69,42,47,Machine Learning Engineer,1
36,Bachelor's,Data Science,2.1,2,2,56,41,47,54,63,49,56,62,30,41,60,2,4,61,57,68,43,Software Developer,0
24,Bachelor's,Other,3,2,3,64,77,65,86,45,43,66,59,37,46,52,5,4,69,55,59,85,QA Engineer,1
30,Bachelor's,Electrical Engineering,1.9,1,1,61,55,95,75,64,64,44,68,51,65,67,2,1,74,70,55,79,QA Engineer,1
30,PhD,Computer Science,5.7,3,1,48,22,12,16,22,36,15,66,42,62,27,5,2,69,50,38,55,Frontend Developer,1
24,Bachelor's,Other,3,2,2,41,36,74,48,34,30,31,68,54,69,29,2,2,59,52,33,41,QA Engineer,1
26,Bachelor's,Data Science,2.1,2,2,41,53,59,42,49,47,49,68,49,60,55,4,1,74,59,69,87,Frontend Developer,1
30,Master's,Information Technology,4.3,0,1,61,58,64,35,76,43,50,80,64,62,38,1,3,66,52,60,69,QA Engineer,1
24,Master's,Other,2.8,3,1,100,94,96,93,80,78,87,79,30,67,75,6,3,86,71,66,89,Full Stack Developer,1
26,Bachelor's,Data Science,1.0,2,1,49,48,54,67,49,64,38,58,41,84,50,4,2,67,55,50,53,Full Stack Developer,1
24,Bachelor's,Information Technology,3,0,2,56,27,50,88,36,38,53,50,42,73,43,4,3,69,44,47,64,Data Analyst,1
35,Bachelor's,Information Technology,2.2,3,2,75,93,82,88,53,73,98,48,64,47,80,4,1,72,57,82,78,Data Analyst,1
41,Diploma,Electrical Engineering,0.7,0,0,42,50,41,48,36,39,47,50,63,53,78,3,0,56,62,71,57,QA Engineer,1
20,Bachelor's,Computer Science,0,4,0,84,100,96,79,100,67,82,51,33,70,82,3,5,69,68,68,100,Backend Developer,1
29,Bachelor's,Information Technology,0.6,1,0,79,78,71,76,91,42,84,44,39,71,69,5,3,66,59,67,94,Cloud Engineer,1
26,Bachelor's,Data Science,0.6,0,0,37,54,42,54,66,49,67,62,34,80,40,3,2,56,58,43,30,Machine Learning Engineer,0
28,Bachelor's,Other,0.2,1,0,59,46,40,45,41,18,19,76,42,58,26,5,2,72,52,54,63,DevOps Engineer,1
26,Diploma,Information Technology,0.3,0,0,100,86,89,100,100,76,88,54,41,43,94,7,3,86,71,79,100,Software Developer,1
27,Diploma,Other,6,2,5,84,72,76,43,53,55,65,74,60,80,40,5,4,81,56,42,100,QA Engineer,1
37,Master's,Computer Science,2.5,4,1,68,63,47,41,32,67,44,92,42,59,48,6,1,91,72,55,50,Frontend Developer,1
31,Bachelor's,Computer Science,7.9,0,1,94,66,63,61,67,67,67,32,70,76,63,5,1,65,51,65,73,DevOps Engineer,1
27,Diploma,Electrical Engineering,1.4,0,1,49,49,66,79,82,53,65,57,60,48,62,4,1,65,56,66,5,Cloud Engineer,1
26,Diploma,Computer Science,1.5,4,2,50,43,37,57,67,63,53,53,70,82,71,4,3,65,61,60,63,Full Stack Developer,1
30,Bachelor's,Data Science,2.1,1,2,71,58,88,76,93,55,60,43,51,53,57,5,1,74,50,60,59,Frontend Developer,1
42,Diploma,Other,3.7,1,1,78,94,95,87,72,62,40,42,55,94,71,4,0,65,52,70,53,Full Stack Developer,1
23,Bachelor's,Other,2,1,1,42,34,47,9,46,9,30,46,69,63,56,2,2,52,50,60,55,DevOps Engineer,1
20,Diploma,Data Science,0,0,0,47,36,31,56,19,54,35,24,71,53,55,1,2,46,50,61,29,Machine Learning Engineer,0
42,Bachelor's,Data Science,1.0,1,1,88,93,74,83,83,87,82,58,44,42,70,4,4,83,70,62,48,Full Stack Developer,1
24,Diploma,Data Science,2.7,0,2,90,74,58,44,65,73,76,69,38,71,75,2,3,79,67,77,90,Software Developer,1
30,Master's,Other,2.4,0,2,53,73,58,41,52,38,51,82,69,48,46,4,2,74,65,46,72,QA Engineer,1
42,Bachelor's,Computer Science,0.6,1,0,87,81,67,85,85,76,100,45,46,66,83,5,3,66,62,84,70,QA Engineer,1
20,Master's,Other,0,0,0,54,64,80,40,85,62,64,80,80,57,52,4,4,78,67,52,30,Full Stack Developer,1
35,Bachelor's,Electrical Engineering,0.4,2,0,78,63,80,67,66,57,73,90,40,65,91,6,3,89,86,72,91,Machine Learning Engineer,1
31,Bachelor's,Data Science,0.7,2,0,66,72,81,61,66,55,41,31,54,71,57,3,1,51,48,52,57,DevOps Engineer,1
36,Master's,Computer Science,1.7,3,1,69,61,67,59,51,77,52,66,20,56,67,3,2,67,70,70,82,Software Developer,1
36,Master's,Data Science,1.3,0,1,59,73,70,68,86,85,68,42,63,69,44,3,3,51,43,56,43,Machine Learning Engineer,1
36,Master's,Other,2.2,2,1,89,71,79,87,96,56,52,75,65,54,63,5,2,83,67,54,79,Backend Developer,1
23,Bachelor's,Computer Science,1.0,3,1,67,72,58,67,60,87,41,30,99,66,76,4,3,68,52,61,50,Frontend Developer,1
42,Bachelor's,Electrical Engineering,1.2,0,1,37,39,25,58,10,40,17,62,38,46,14,3,3,56,46,32,36,DevOps Engineer,0
31,Bachelor's,Other,0.9,4,0,81,72,60,62,100,89,56,39,54,46,40,4,2,65,45,47,61,Full Stack Developer,1
41,Bachelor's,Information Technology,0.7,1,0,71,62,63,51,51,45,58,73,30,71,75,4,2,80,72,72,62,Data Analyst,1
28,Bachelor's,Information Technology,4.2,0,1,66,41,76,70,75,71,49,100,55,68,80,3,2,72,86,68,92,Full Stack Developer,1
24,PhD,Computer Science,3,0,1,55,47,46,35,44,40,37,65,31,63,31,2,1,61,43,48,43,QA Engineer,1
23,Bachelor's,Data Science,2,1,1,59,62,73,80,67,58,67,63,91,57,81,3,4,62,69,81,66,Machine Learning Engineer,1
23,Bachelor's,Data Science,2,0,1,78,59,61,48,51,53,78,40,70,52,65,3,3,62,56,55,15,Frontend Developer,1
25,Diploma,Information Technology,1.1,1,1,63,65,49,43,45,74,63,40,43,76,56,4,3,61,52,66,57,Frontend Developer,1
32,Bachelor's,Computer Science,6.5,0,5,77,71,68,89,80,71,59,64,68,83,63,4,1,75,62,61,58,QA Engineer,1
20,Bachelor's,Data Science,0,2,0,46,35,55,64,40,51,51,53,65,61,56,2,2,60,56,52,77,QA Engineer,1
24,Diploma,Computer Science,3,0,1,89,84,88,91,74,57,76,50,41,36,81,4,2,86,63,73,55,Machine Learning Engineer,1
35,Diploma,Computer Science,5.6,3,4,66,51,46,65,42,49,66,59,57,50,52,6,1,72,55,52,49,QA Engineer,1
33,Bachelor's,Electrical Engineering,7.5,2,5,45,12,5,9,23,5,7,64,36,55,40,2,0,55,56,46,66,Cloud Engineer,1
29,Master's,Other,0.3,1,0,41,33,35,49,62,33,23,35,58,83,29,0,2,45,38,54,27,Full Stack Developer,0
31,Bachelor's,Computer Science,0.7,1,0,23,26,20,29,42,30,20,40,54,63,19,3,3,49,38,34,70,Frontend Developer,0
35,Bachelor's,Data Science,2.0,1,2,71,60,75,50,70,40,53,55,47,59,65,6,3,77,61,64,72,Backend Developer,1
33,PhD,Electrical Engineering,0.4,1,0,52,63,43,24,44,53,14,57,50,96,26,3,0,66,45,45,50,Cloud Engineer,1
34,Bachelor's,Electrical Engineering,1.6,1,2,43,42,63,50,8,49,28,65,36,45,50,4,2,72,61,45,74,DevOps Engineer,1
28,Bachelor's,Data Science,0.0,1,0,87,90,76,93,91,100,76,65,76,63,100,3,4,69,83,92,27,DevOps Engineer,1
30,Master's,Electrical Engineering,0.6,2,0,30,49,54,70,45,55,35,77,59,55,40,1,3,56,57,45,18,Cloud Engineer,1
27,Bachelor's,Computer Science,0.3,2,0,75,61,71,100,92,81,77,62,61,46,66,6,3,75,67,65,73,Data Analyst,1
24,PhD,Data Science,0.1,1,0,67,63,63,57,47,40,57,51,37,71,71,4,2,77,61,72,70,QA Engineer,1
39,Master's,Information Technology,0.2,2,0,60,73,86,71,63,72,68,62,49,57,61,3,4,72,58,72,56,Full Stack Developer,1
42,Bachelor's,Electrical Engineering,5.6,0,1,46,25,37,37,37,30,5,63,53,82,22,3,1,59,49,38,33,Cloud Engineer,0
28,Diploma,Electrical Engineering,0.2,4,0,65,70,53,68,43,52,41,45,65,93,44,3,2,56,48,49,58,Data Analyst,0
27,Bachelor's,Data Science,1.4,1,1,47,62,73,61,38,42,64,48,32,74,49,0,3,62,50,58,17,QA Engineer,1
33,Master's,Other,1.4,1,1,70,72,49,56,53,45,76,56,78,55,93,5,3,75,73,76,43,Frontend Developer,1
33,Bachelor's,Electrical Engineering,5.7,2,4,70,65,36,73,50,80,52,65,62,78,51,5,2,81,59,62,49,Cloud Engineer,1
31,Bachelor's,Information Technology,3.5,0,1,41,38,39,29,45,12,39,31,76,45,41,4,1,51,38,46,33,DevOps Engineer,0
24,Bachelor's,Data Science,3,2,3,42,43,34,32,28,5,42,94,67,57,26,3,3,71,63,33,57,Machine Learning Engineer,1
37,Bachelor's,Data Science,9.4,2,4,100,82,88,72,99,85,100,62,47,42,82,7,2,87,71,77,83,Software Developer,1
34,Bachelor's,Data Science,1.1,2,1,78,88,82,75,54,67,73,78,64,60,84,3,2,75,77,71,48,QA Engineer,1
29,Master's,Computer Science,0.2,2,0,41,43,29,36,67,41,27,51,57,43,44,4,1,61,48,45,17,Software Developer,1
22,Bachelor's,Electrical Engineering,1,0,1,69,67,48,81,51,51,48,50,58,66,50,4,2,68,53,41,54,Cloud Engineer,1
24,Diploma,Information Technology,1.7,1,1,100,96,77,99,100,66,77,65,55,60,98,3,2,76,83,88,74,DevOps Engineer,1
32,Bachelor's,Information Technology,1.1,1,1,42,27,38,40,21,20,43,66,60,67,46,4,3,62,56,58,61,Frontend Developer,1
33,Diploma,Other,3.6,0,3,82,51,52,67,50,25,54,43,72,77,58,3,3,65,53,57,79,QA Engineer,1
33,Bachelor's,Other,2.0,1,2,54,44,51,41,49,26,55,76,50,61,50,1,2,65,59,43,33,Machine Learning Engineer,1
30,PhD,Data Science,2.4,2,1,21,9,5,5,15,8,5,65,59,63,15,2,2,55,48,39,80,Software Developer,1
31,Bachelor's,Data Science,4.6,0,1,34,38,19,60,36,45,29,39,41,74,37,3,2,53,42,46,52,QA Engineer,0
23,Diploma,Information Technology,2,2,2,56,45,48,30,59,35,50,68,64,77,68,0,1,62,63,55,53,DevOps Engineer,0
26,Bachelor's,Computer Science,0.3,3,0,62,51,55,40,41,45,30,29,33,70,30,6,1,65,37,37,62,Data Analyst,0
27,Master's,Electrical Engineering,1.4,0,1,68,52,74,24,61,47,65,61,63,83,68,5,3,79,65,67,74,Backend Developer,1
39,Bachelor's,Information Technology,1.7,1,1,51,55,33,25,72,41,35,61,48,44,49,2,2,62,59,57,38,Data Analyst,0
28,Bachelor's,Other,3.0,0,1,87,96,94,100,78,78,100,48,37,78,84,6,2,77,65,81,97,QA Engineer,1
34,Bachelor's,Data Science,0.8,2,0,26,29,36,15,13,5,21,53,46,64,5,3,1,54,39,26,40,Frontend Developer,0
38,Bachelor's,Data Science,5.6,0,1,61,68,72,21,52,54,46,49,50,83,66,6,2,69,58,67,84,Backend Developer,1
35,Master's,Electrical Engineering,1.0,0,1,61,52,70,83,80,81,81,24,48,73,74,3,3,58,51,71,62,Cloud Engineer,1
35,Diploma,Information Technology,2.2,4,1,47,63,40,63,47,10,28,69,73,52,57,2,1,54,62,59,33,Data Analyst,0
38,Bachelor's,Other,3.8,0,3,37,35,31,36,56,33,17,61,18,78,11,3,2,61,40,24,71,Frontend Developer,0
27,Bachelor's,Computer Science,6,0,3,76,68,100,74,92,68,97,63,38,62,83,3,3,71,70,71,52,Cloud Engineer,1
37,Bachelor's,Computer Science,2.1,1,2,97,90,82,90,97,98,66,59,55,57,93,7,4,83,75,77,79,Machine Learning Engineer,1
23,Bachelor's,Other,1.0,4,1,53,34,51,55,53,31,39,49,18,82,39,3,1,61,45,48,37,QA Engineer,0
32,Bachelor's,Electrical Engineering,1.1,2,1,17,42,40,38,43,11,23,67,69,51,6,2,2,58,38,27,23,Backend Developer,0
39,Diploma,Electrical Engineering,0.5,2,0,56,71,66,48,80,34,93,54,48,66,51,4,2,64,50,47,48,Full Stack Developer,1
40,Bachelor's,Electrical Engineering,0.7,4,0,68,72,70,84,67,41,71,54,58,72,66,4,4,71,58,75,69,Backend Developer,1
41,Master's,Data Science,5.1,1,4,71,46,45,48,38,13,21,92,33,43,33,3,3,81,61,43,28,Full Stack Developer,1
42,Bachelor's,Computer Science,3.5,4,3,73,83,53,60,65,73,31,55,50,65,56,6,3,75,51,50,43,DevOps Engineer,1
35,Bachelor's,Electrical Engineering,1.6,2,2,53,40,58,64,43,52,41,42,72,84,62,8,1,72,55,49,100,Data Analyst,1
39,Bachelor's,Information Technology,6.6,1,1,69,53,33,56,30,64,39,50,51,47,68,5,4,76,59,67,73,Machine Learning Engineer,1
21,Master's,Information Technology,0,1,0,72,82,93,90,65,51,61,42,54,52,43,3,3,59,48,47,45,Data Analyst,1
32,Diploma,Data Science,1.2,0,1,62,66,75,66,63,61,74,64,59,85,69,5,2,61,60,61,96,DevOps Engineer,1
20,Bachelor's,Information Technology,0,1,0,26,29,27,24,36,17,38,84,93,40,35,4,4,67,52,58,55,Data Analyst,1
30,PhD,Information Technology,1.5,4,2,63,33,59,32,39,51,26,95,74,52,67,4,2,86,77,56,73,Backend Developer,1
41,Diploma,Data Science,2.1,0,1,69,54,86,96,38,74,49,50,68,58,78,3,3,70,65,70,21,Frontend Developer,1
30,Bachelor's,Other,3.9,0,3,80,61,54,55,29,71,38,70,61,69,58,4,1,85,66,64,61,Software Developer,1
22,Bachelor's,Electrical Engineering,1,3,1,77,63,77,90,78,63,82,63,53,55,70,7,3,81,68,59,79,DevOps Engineer,1
34,Diploma,Computer Science,2.9,0,2,60,12,45,44,75,55,59,38,81,53,69,4,2,66,58,66,59,Software Developer,1
40,Bachelor's,Computer Science,4.8,0,3,57,49,54,42,59,29,30,76,49,56,56,2,3,63,64,58,36,Backend Developer,1
39,Master's,Electrical Engineering,6.1,0,1,81,84,81,69,80,96,98,66,64,59,65,4,4,68,65,74,49,Machine Learning Engineer,1
22,Bachelor's,Data Science,1,1,1,77,70,57,68,84,51,68,44,54,72,53,1,0,55,48,63,36,Software Developer,1
31,Bachelor's,Other,1.3,0,1,74,95,100,87,92,94,79,59,71,51,90,3,3,75,69,86,27,QA Engineer,1
34,Bachelor's,Data Science,5.7,1,4,82,62,69,58,47,46,46,56,43,71,74,6,4,84,64,74,90,Full Stack Developer,1
26,Bachelor's,Data Science,1.6,3,1,77,74,92,78,95,72,90,43,47,60,88,5,5,74,62,70,88,Cloud Engineer,1
27,Bachelor's,Information Technology,0.4,1,0,75,47,77,50,73,51,32,83,62,71,53,4,3,85,66,57,72,Backend Developer,1
29,Master's,Other,0.1,1,0,34,35,29,20,43,14,33,51,61,56,39,2,3,46,43,39,59,Full Stack Developer,0
24,Master's,Electrical Engineering,0.2,1,0,53,39,31,58,52,38,60,77,54,41,46,0,2,55,63,59,16,Backend Developer,0
26,Bachelor's,Electrical Engineering,2.7,2,1,46,34,36,24,73,30,21,35,62,49,48,3,3,46,52,46,48,Backend Developer,1
36,Bachelor's,Electrical Engineering,1.4,2,1,70,66,73,92,72,55,59,68,37,71,51,4,0,70,60,55,87,Cloud Engineer,1
40,Bachelor's,Information Technology,0.9,1,0,69,62,63,49,87,58,52,50,55,78,88,4,5,67,70,81,84,Full Stack Developer,1
23,Bachelor's,Electrical Engineering,1.4,2,1,56,40,49,69,70,55,46,60,36,58,54,4,1,71,60,59,26,Data Analyst,1
32,Diploma,Data Science,4.7,1,3,85,71,60,85,85,49,99,76,42,43,76,4,4,86,75,74,82,Cloud Engineer,1
21,Diploma,Other,0,1,0,40,35,43,49,35,40,34,46,51,60,48,4,2,48,48,50,38,Frontend Developer,0
23,Diploma,Information Technology,2,3,1,69,98,61,61,73,83,61,39,64,81,63,1,3,61,48,61,56,DevOps Engineer,1
28,Bachelor's,Data Science,0.9,0,0,54,69,75,38,93,55,84,64,57,62,87,5,6,71,71,81,59,QA Engineer,1
31,Master's,Information Technology,3.0,2,2,80,52,58,61,50,53,79,54,47,74,76,4,1,70,60,77,67,Data Analyst,1
31,Bachelor's,Information Technology,10,2,4,70,62,38,72,26,51,44,80,55,54,62,5,1,77,67,64,64,Data Analyst,1
40,Bachelor's,Other,4.1,2,2,51,59,46,52,50,29,27,73,60,56,36,3,1,69,54,54,53,QA Engineer,1
24,Bachelor's,Other,3,2,1,74,71,83,83,78,67,60,65,62,70,82,2,2,69,73,71,23,Frontend Developer,1
21,Master's,Electrical Engineering,0,0,0,62,62,61,54,38,84,64,46,45,69,44,3,2,59,49,38,58,Cloud Engineer,1
33,Bachelor's,Computer Science,0.8,1,0,73,82,100,87,82,88,50,40,49,49,75,3,2,66,58,69,44,Software Developer,1
28,Bachelor's,Computer Science,1.7,1,1,72,70,75,39,51,31,46,38,62,62,43,6,2,74,43,42,64,Data Analyst,1
38,Bachelor's,Information Technology,0.1,2,0,39,45,53,48,53,5,35,58,67,64,43,5,2,68,46,57,46,Frontend Developer,1
40,Diploma,Electrical Engineering,2.3,3,1,49,80,42,58,61,57,64,50,56,84,42,5,5,61,46,48,55,Cloud Engineer,0
32,Bachelor's,Electrical Engineering,3.9,1,2,74,46,37,43,28,33,43,26,44,58,41,5,3,66,39,44,56,Frontend Developer,1
42,Diploma,Information Technology,7.0,1,3,68,69,72,59,67,48,63,61,55,54,46,4,4,65,53,42,63,Machine Learning Engineer,1
26,Master's,Computer Science,5,0,2,55,44,39,73,61,59,58,40,58,86,53,7,3,66,49,59,78,QA Engineer,1
33,Bachelor's,Information Technology,2.7,3,1,50,84,60,73,78,88,75,59,52,52,70,2,4,61,69,68,50,QA Engineer,1
42,Diploma,Computer Science,0.4,2,0,69,67,79,86,82,74,93,66,37,72,82,3,2,77,68,70,42,Software Developer,0
25,Bachelor's,Other,0.1,1,0,70,73,89,83,90,42,89,78,62,54,44,5,3,85,62,48,72,Software Developer,1
20,Master's,Data Science,0,2,0,54,41,40,32,28,60,58,55,57,74,58,4,3,75,56,57,74,Data Analyst,1
28,Bachelor's,Data Science,4.1,0,3,67,74,49,42,48,30,71,59,47,77,60,3,3,66,59,51,31,Backend Developer,1
36,Bachelor's,Electrical Engineering,14.0,1,1,100,91,94,100,94,65,76,63,57,77,100,3,0,85,77,87,58,Data Analyst,1
20,Bachelor's,Other,0,0,0,53,71,80,60,83,79,70,86,76,55,90,5,3,75,81,82,55,Frontend Developer,1
21,Bachelor's,Data Science,0,0,0,72,52,54,75,64,55,64,54,43,86,90,3,1,70,70,82,29,Backend Developer,1
28,Bachelor's,Electrical Engineering,7,2,5,75,68,42,45,38,32,76,94,29,53,60,3,3,88,74,65,81,Data Analyst,1
30,Bachelor's,Computer Science,8.0,0,3,65,58,48,38,17,68,57,56,59,61,51,2,2,69,55,48,28,Backend Developer,1
38,Bachelor's,Other,4.7,0,4,71,58,64,69,83,83,59,62,56,71,47,2,2,71,48,48,63,Machine Learning Engineer,1
25,Bachelor's,Data Science,2.0,1,1,58,76,55,87,85,46,77,58,42,80,44,5,1,69,53,44,79,Machine Learning Engineer,1
33,Bachelor's,Electrical Engineering,2.2,2,2,35,21,53,45,6,12,16,75,70,66,54,5,2,69,64,51,9,QA Engineer,0
37,Master's,Other,0.0,2,0,79,76,83,82,77,79,78,53,68,65,78,6,4,72,68,68,91,QA Engineer,1
20,Bachelor's,Data Science,0,3,0,39,24,50,39,44,58,59,75,67,62,43,6,2,70,59,41,74,Frontend Developer,1
37,PhD,Computer Science,2.0,1,1,58,35,43,56,55,72,38,81,57,77,59,4,2,70,69,60,71,DevOps Engineer,1
30,Master's,Computer Science,1.7,3,2,89,85,89,66,76,73,63,47,48,55,74,2,0,67,62,70,80,Data Analyst,1
39,Bachelor's,Electrical Engineering,0.5,0,0,62,68,83,67,59,58,79,65,74,79,84,4,5,69,68,65,77,Machine Learning Engineer,1
32,Bachelor's,Information Technology,5.9,1,2,58,48,75,43,51,57,52,39,56,66,51,4,1,63,48,55,93,Data Analyst,1
22,Diploma,Data Science,0.8,2,0,54,40,54,53,57,85,68,46,64,73,77,1,4,46,63,76,35,DevOps Engineer,1
28,Bachelor's,Computer Science,2.5,2,1,58,86,46,42,62,41,51,59,59,49,43,4,1,59,55,51,85,Data Analyst,1
33,Bachelor's,Other,0.5,0,0,45,57,44,37,59,41,17,45,76,55,69,5,1,61,60,63,67,Full Stack Developer,1
35,Bachelor's,Information Technology,2.2,0,2,77,56,80,31,65,66,54,70,51,84,68,5,2,78,69,65,73,DevOps Engineer,1
20,PhD,Other,0,1,0,73,70,69,58,82,84,32,53,38,89,67,5,1,78,62,64,80,Machine Learning Engineer,1
23,Bachelor's,Data Science,1.3,3,1,54,38,26,39,32,12,45,80,79,48,47,3,1,66,63,55,68,Data Analyst,1
38,Bachelor's,Other,6.3,1,4,67,56,43,5,62,34,58,84,57,87,20,3,4,69,51,33,41,Backend Developer,1
35,Bachelor's,Data Science,1.5,1,2,70,44,71,47,29,53,59,68,69,97,25,5,2,79,50,38,58,DevOps Engineer,1
39,Master's,Other,0.2,2,0,53,39,45,45,40,55,42,57,62,67,20,4,2,60,42,33,47,QA Engineer,1
40,Bachelor's,Computer Science,8.6,4,5,36,28,36,19,19,64,33,46,87,85,58,3,1,57,49,56,59,Machine Learning Engineer,1
27,Bachelor's,Information Technology,0.0,1,0,80,83,80,83,74,94,97,55,61,65,80,3,5,71,62,84,60,QA Engineer,1
20,Bachelor's,Data Science,0,2,0,44,52,27,35,21,26,47,69,46,57,42,4,0,64,56,46,46,Frontend Developer,1
27,Bachelor's,Data Science,6,3,3,74,50,59,52,58,36,65,72,76,60,83,6,3,82,71,67,51,Full Stack Developer,1
24,Master's,Electrical Engineering,3,0,2,67,47,59,59,55,56,63,12,33,45,92,3,2,57,50,82,64,Cloud Engineer,1
37,Diploma,Computer Science,2.1,2,2,69,65,99,62,61,61,45,39,78,80,61,3,4,61,49,63,86,Cloud Engineer,1
34,Bachelor's,Information Technology,0.2,0,0,31,29,15,33,45,35,36,51,44,49,62,4,1,54,59,67,65,Software Developer,0
41,Bachelor's,Other,4.0,0,2,89,81,79,93,87,100,100,63,50,86,86,6,5,82,71,67,100,Software Developer,1
32,Bachelor's,Electrical Engineering,1.8,2,1,69,86,73,83,66,65,74,69,49,42,75,3,3,69,67,72,58,Cloud Engineer,1
40,Bachelor's,Electrical Engineering,3.2,1,3,87,64,84,87,82,67,52,73,50,66,77,8,3,100,73,72,78,Full Stack Developer,1
42,Bachelor's,Data Science,0.1,0,0,41,38,47,57,57,12,48,59,49,69,55,1,4,52,56,64,42,Backend Developer,0
22,Diploma,Data Science,1,0,1,44,47,31,53,40,10,58,28,59,78,53,2,3,43,41,49,32,Machine Learning Engineer,0
28,Bachelor's,Data Science,0.6,1,0,34,50,22,47,38,20,24,94,57,50,15,2,3,65,52,35,14,Machine Learning Engineer,0
23,PhD,Other,2,0,1,68,50,68,46,61,57,23,43,33,81,46,4,2,60,48,51,40,Full Stack Developer,1
28,Diploma,Electrical Engineering,7,0,1,67,66,61,53,56,57,45,49,66,87,100,6,6,63,70,78,76,QA Engineer,1
25,Bachelor's,Computer Science,4,0,1,69,20,72,49,44,21,39,79,76,73,46,4,0,67,60,42,74,Full Stack Developer,1
30,Bachelor's,Other,3.0,0,1,74,50,43,75,64,65,55,28,36,55,81,3,0,60,56,68,100,Data Analyst,1
29,Diploma,Electrical Engineering,8,1,1,46,28,35,31,44,53,5,48,44,37,30,5,2,58,43,42,65,Data Analyst,0
34,Bachelor's,Other,2.2,3,1,57,45,51,49,70,55,33,62,34,42,44,7,1,72,56,56,100,Backend Developer,1
30,Diploma,Other,5.4,1,1,75,95,76,75,64,51,68,50,36,64,70,2,3,64,60,64,47,Backend Developer,1
30,Bachelor's,Data Science,0.8,3,0,75,43,65,52,60,75,82,97,50,67,75,4,1,82,81,77,64,QA Engineer,1
39,Bachelor's,Information Technology,3.6,0,2,87,70,59,59,56,86,47,59,35,61,87,7,3,76,67,70,100,Cloud Engineer,1
25,Bachelor's,Electrical Engineering,1.3,2,1,51,78,57,64,63,22,60,59,59,73,61,4,1,64,66,56,36,DevOps Engineer,1
20,Bachelor's,Other,0,2,0,68,54,80,58,43,57,39,68,76,67,50,7,2,78,64,51,75,Full Stack Developer,1
26,Bachelor's,Computer Science,1.6,2,1,64,52,35,70,69,42,67,54,68,54,77,3,2,67,61,69,90,Machine Learning Engineer,1
26,Bachelor's,Other,1.0,0,1,84,85,89,98,81,45,71,58,40,93,83,2,3,69,66,73,62,Data Analyst,1
27,Bachelor's,Other,2.1,0,2,62,58,68,64,69,31,50,68,50,80,64,4,2,76,62,67,32,Cloud Engineer,1
22,Master's,Other,1,0,1,62,75,48,74,44,89,63,56,52,63,61,3,2,62,56,57,71,DevOps Engineer,1
23,Master's,Other,2,0,1,69,63,43,50,38,40,37,59,61,66,45,3,3,61,48,52,61,QA Engineer,1
20,Bachelor's,Computer Science,0,4,0,84,75,79,100,82,47,58,80,65,67,73,4,2,81,75,72,62,Software Developer,1
37,Bachelor's,Electrical Engineering,2.4,3,1,60,86,75,54,53,61,53,77,61,62,55,4,3,65,63,57,61,Data Analyst,1
25,Master's,Computer Science,3.8,0,1,29,44,46,49,31,33,21,58,67,73,42,1,0,51,53,51,5,Frontend Developer,0
42,Master's,Other,9.7,1,4,100,74,81,100,65,62,69,74,59,49,76,6,1,89,74,64,83,Frontend Developer,1
28,Bachelor's,Other,2.6,0,1,42,36,62,43,25,22,44,71,45,69,25,3,4,66,50,27,36,Full Stack Developer,0
30,Bachelor's,Electrical Engineering,0.0,0,0,80,86,70,83,86,78,80,82,72,74,65,4,4,80,77,68,90,Cloud Engineer,1
36,Bachelor's,Computer Science,1.1,1,1,62,61,54,53,69,57,54,53,85,65,77,4,4,71,69,65,56,Frontend Developer,1
29,Bachelor's,Electrical Engineering,0.8,0,0,63,58,36,49,66,13,50,27,82,56,50,4,4,67,39,55,74,Full Stack Developer,1
28,Master's,Data Science,7,2,3,56,62,61,35,71,30,29,86,21,72,41,2,2,67,55,60,54,Software Developer,1
42,Diploma,Information Technology,11.1,3,4,53,39,43,60,7,25,33,61,52,76,59,7,2,77,60,52,68,Software Developer,1
23,Bachelor's,Electrical Engineering,2,1,1,56,63,59,68,73,94,52,79,46,65,54,5,1,76,66,55,39,DevOps Engineer,1
37,Diploma,Data Science,2.8,2,2,49,18,37,35,40,18,17,62,58,96,27,4,2,68,42,46,56,Frontend Developer,0
21,Master's,Information Technology,0,2,0,96,71,90,100,80,83,80,76,43,46,80,5,5,86,77,74,79,Frontend Developer,1
34,Bachelor's,Electrical Engineering,0.4,0,0,56,64,63,73,81,41,58,73,54,60,71,6,2,76,71,73,64,Backend Developer,1
42,Bachelor's,Computer Science,0.1,0,0,36,16,17,43,18,22,37,57,49,84,39,3,1,57,49,43,38,QA Engineer,0
31,Bachelor's,Electrical Engineering,0.4,3,0,45,38,24,49,28,23,33,71,40,68,19,5,4,65,49,29,69,Full Stack Developer,0
32,PhD,Other,0.2,0,0,51,38,43,35,29,33,52,47,41,52,56,3,1,58,50,59,47,Backend Developer,0
20,Master's,Information Technology,0,0,0,57,64,48,21,70,37,67,49,60,65,56,4,2,70,52,48,49,QA Engineer,1
29,Master's,Other,0.1,1,0,69,62,80,48,75,73,45,87,61,41,70,4,2,80,78,57,80,Data Analyst,1
27,Bachelor's,Other,0.8,1,0,57,75,42,67,61,57,63,57,44,61,52,5,1,68,58,61,62,Data Analyst,1
40,Bachelor's,Other,0.6,1,0,78,65,64,61,71,64,36,55,46,68,63,2,0,60,58,56,55,Machine Learning Engineer,1
39,PhD,Computer Science,0.4,0,0,77,81,79,83,82,81,81,81,79,47,95,4,4,80,84,85,73,Full Stack Developer,1
35,Diploma,Electrical Engineering,1.8,0,1,70,62,66,54,54,55,56,100,27,46,83,2,2,86,80,75,75,Full Stack Developer,1
37,Bachelor's,Data Science,8.2,3,3,82,53,59,45,66,41,77,93,84,39,74,5,3,91,81,59,92,Full Stack Developer,1
38,Diploma,Other,9.5,0,4,40,20,5,19,47,17,5,59,63,50,35,0,1,52,48,54,29,Data Analyst,0
37,Master's,Other,0.6,0,0,59,87,85,80,76,91,94,56,100,75,77,4,4,68,64,69,84,Backend Developer,1
39,Master's,Other,2.7,0,1,51,49,45,32,32,63,24,75,80,59,40,3,1,72,58,45,44,DevOps Engineer,0
23,Master's,Data Science,0.7,1,0,47,52,31,67,27,54,27,44,45,53,7,4,2,62,32,24,48,Frontend Developer,0
28,Bachelor's,Data Science,7,1,3,52,32,61,40,39,60,27,40,41,83,63,5,1,67,50,61,65,Data Analyst,1
25,Bachelor's,Electrical Engineering,0.4,1,0,60,57,64,75,46,54,24,77,51,58,53,1,1,58,66,63,47,Data Analyst,0
28,Diploma,Electrical Engineering,3.1,0,3,85,63,74,68,83,77,62,71,67,44,85,1,2,69,71,65,29,Machine Learning Engineer,1
24,Bachelor's,Information Technology,1.9,0,2,97,87,74,93,86,61,83,67,48,60,85,6,3,82,68,77,83,Full Stack Developer,1
36,Bachelor's,Electrical Engineering,1.9,0,1,78,43,64,57,47,77,57,71,57,67,72,4,2,78,73,64,94,Frontend Developer,1
23,Master's,Computer Science,0.6,4,0,45,56,43,37,51,36,48,65,50,71,41,2,5,67,57,41,87,Backend Developer,1
42,Bachelor's,Data Science,0.9,3,0,66,63,62,82,61,60,52,67,53,52,61,5,2,68,61,57,99,Machine Learning Engineer,1
21,Diploma,Other,0,4,0,42,39,56,46,69,26,34,45,24,51,44,4,0,53,49,53,73,Frontend Developer,1
41,Master's,Data Science,4.5,2,1,76,83,73,63,74,58,54,75,45,80,75,0,2,68,69,56,76,DevOps Engineer,1
42,Bachelor's,Information Technology,0.4,1,0,100,100,100,100,91,78,100,54,41,50,94,5,3,87,71,87,80,Backend Developer,1
36,Bachelor's,Information Technology,8.7,2,4,86,62,36,70,56,81,55,69,81,73,79,5,4,89,71,67,63,Machine Learning Engineer,1
22,Bachelor's,Electrical Engineering,1,1,1,55,49,31,57,62,46,68,53,75,88,38,6,1,70,51,55,55,Data Analyst,1
33,Master's,Electrical Engineering,6.5,3,2,65,47,45,63,42,64,58,50,50,70,43,2,2,59,49,41,45,Full Stack Developer,1
24,Master's,Electrical Engineering,1.1,1,1,66,80,72,56,43,67,55,67,47,65,54,7,1,77,58,66,100,Full Stack Developer,1
34,Bachelor's,Computer Science,2.4,1,2,44,16,48,70,22,57,63,77,90,65,33,0,3,53,56,43,25,Backend Developer,0
35,Bachelor's,Computer Science,0.9,2,0,38,52,49,16,29,10,28,70,33,67,52,2,2,57,60,47,23,Data Analyst,1
25,Master's,Data Science,4,0,3,53,34,35,40,53,30,56,39,52,70,38,2,2,53,42,40,8,QA Engineer,0
36,Bachelor's,Other,0.5,1,0,20,12,37,21,35,5,12,99,48,73,23,2,1,67,62,30,46,Full Stack Developer,0
28,PhD,Information Technology,0.9,2,0,27,24,38,24,38,65,57,85,75,47,38,7,4,67,58,44,91,Frontend Developer,1
24,Bachelor's,Other,3,1,1,36,11,5,30,13,17,42,86,37,41,31,1,4,61,61,35,24,Software Developer,0
28,Master's,Computer Science,7,0,5,60,51,44,52,71,42,17,72,89,74,38,5,3,66,58,44,79,Full Stack Developer,1
35,Bachelor's,Electrical Engineering,0.8,2,0,61,43,61,80,88,69,67,50,65,83,54,2,1,71,56,65,66,Cloud Engineer,1
36,Bachelor's,Other,5.1,1,3,89,53,68,63,52,68,64,66,26,57,60,5,3,92,63,71,78,QA Engineer,1
26,Diploma,Information Technology,0.5,2,0,90,87,79,100,94,63,88,73,70,83,88,6,3,86,79,74,80,Machine Learning Engineer,1
33,Bachelor's,Electrical Engineering,5.7,0,2,55,51,54,33,44,52,46,71,84,69,37,5,3,72,57,41,79,QA Engineer,1
36,Bachelor's,Other,4.7,2,3,70,68,73,71,68,74,46,69,56,74,74,5,2,74,68,69,62,Full Stack Developer,1
42,Bachelor's,Electrical Engineering,0.6,3,0,60,66,40,43,39,49,53,58,67,47,38,3,2,67,49,46,37,Cloud Engineer,1
30,Master's,Computer Science,0.7,4,0,89,79,84,78,48,100,57,50,25,85,98,2,4,67,70,95,67,Data Analyst,1
23,Bachelor's,Computer Science,2,1,1,34,38,59,25,13,64,41,77,39,68,27,2,2,58,56,36,5,QA Engineer,1
22,Bachelor's,Electrical Engineering,1,0,1,59,52,60,48,53,49,57,72,61,67,61,3,2,67,64,56,34,Frontend Developer,1
27,Bachelor's,Information Technology,1.7,2,1,57,26,47,73,64,64,51,65,43,51,50,5,4,58,58,67,64,DevOps Engineer,1
33,Bachelor's,Electrical Engineering,3.9,3,3,47,51,58,21,37,30,31,64,31,77,48,4,2,67,58,71,45,Frontend Developer,1
34,Master's,Electrical Engineering,11.6,0,2,97,61,63,47,69,45,50,34,52,52,68,3,3,69,53,67,70,Backend Developer,1
21,Bachelor's,Other,0,0,0,75,82,100,74,75,82,51,45,76,56,99,3,0,64,73,80,35,Frontend Developer,1
41,Bachelor's,Other,3.1,1,2,69,63,52,41,51,60,56,43,52,61,67,4,5,69,56,65,57,Frontend Developer,1
23,Bachelor's,Data Science,2,3,2,64,58,40,37,37,33,45,22,62,62,64,7,0,70,51,58,100,Cloud Engineer,1
42,Master's,Data Science,3.7,1,1,73,61,71,53,91,63,65,72,47,58,60,6,4,86,62,49,83,Cloud Engineer,1
38,Bachelor's,Other,1.7,0,1,73,67,75,70,85,44,84,38,35,66,81,4,4,74,63,73,87,DevOps Engineer,1
32,Bachelor's,Data Science,8.2,1,3,67,51,63,39,55,56,63,56,42,64,65,1,2,60,56,59,39,Software Developer,0
29,Bachelor's,Data Science,5.1,0,2,56,52,41,32,64,43,32,65,42,97,38,2,3,67,55,39,52,QA Engineer,1
21,Bachelor's,Information Technology,0,1,0,58,67,62,85,64,35,61,41,35,70,67,4,3,63,55,60,46,Data Analyst,1
24,PhD,Data Science,1.4,3,1,46,72,81,47,40,36,49,25,60,68,60,4,3,51,51,59,73,Cloud Engineer,1
26,Bachelor's,Electrical Engineering,4.1,1,1,41,61,52,45,40,42,54,67,40,54,55,3,2,57,55,56,43,Cloud Engineer,1
37,Master's,Other,1.2,3,1,48,37,14,48,44,51,50,83,56,46,21,3,1,75,53,37,55,QA Engineer,1
30,PhD,Computer Science,0.4,2,0,42,48,39,65,53,60,22,68,61,74,56,2,0,63,59,61,35,Backend Developer,1
38,Master's,Information Technology,1.9,2,1,69,56,85,55,56,59,68,66,26,64,52,1,5,59,56,63,32,Backend Developer,1
22,Diploma,Electrical Engineering,1,3,1,54,49,51,47,49,28,25,75,44,87,50,4,1,75,65,60,76,Full Stack Developer,1
31,Bachelor's,Computer Science,0.1,0,0,60,55,71,49,65,58,63,23,64,78,95,0,2,54,57,86,58,Software Developer,0
20,Bachelor's,Information Technology,0,0,0,84,100,64,63,54,86,88,58,61,60,86,6,2,83,70,80,68,Software Developer,1
31,Bachelor's,Electrical Engineering,1.6,2,2,76,54,52,48,41,54,23,57,51,60,44,6,2,81,52,46,93,QA Engineer,1
35,Bachelor's,Data Science,1.9,1,1,38,53,62,39,38,45,64,55,57,65,46,1,0,51,49,44,36,Frontend Developer,0
23,Diploma,Other,0.1,1,0,58,50,58,48,71,73,67,68,35,47,61,5,3,71,64,63,78,Machine Learning Engineer,1
31,Diploma,Electrical Engineering,4.0,2,3,91,100,95,100,100,93,100,53,59,66,99,3,5,81,76,75,47,QA Engineer,1
41,Bachelor's,Data Science,2.2,0,2,77,61,70,77,78,49,75,78,44,65,62,5,4,90,67,59,52,Frontend Developer,1
29,Bachelor's,Information Technology,8,2,1,47,21,32,46,5,14,57,58,48,76,40,0,2,47,53,45,18,Full Stack Developer,0
39,Bachelor's,Electrical Engineering,1.1,1,1,33,33,43,37,9,5,38,91,23,57,23,2,0,65,59,33,25,Cloud Engineer,0
39,Bachelor's,Electrical Engineering,4.3,2,2,57,70,50,55,42,19,64,71,68,83,62,5,4,73,64,67,38,Frontend Developer,1
37,Bachelor's,Information Technology,1.2,1,1,39,39,55,37,45,14,24,42,42,52,37,5,1,58,43,49,66,Full Stack Developer,1
26,Master's,Information Technology,4.4,0,3,63,52,51,38,41,25,59,58,70,68,32,2,2,68,51,47,20,Frontend Developer,1
41,Bachelor's,Electrical Engineering,8.1,2,5,91,66,74,89,54,93,40,39,65,79,59,5,2,70,48,59,65,Machine Learning Engineer,1
25,Bachelor's,Information Technology,4,1,2,67,52,46,49,54,59,61,34,74,47,54,3,3,64,48,52,28,Cloud Engineer,1
37,Master's,Data Science,1.2,3,1,51,89,98,83,79,72,79,54,48,61,87,5,1,64,72,79,48,Full Stack Developer,1
34,Master's,Electrical Engineering,3.4,1,1,64,65,55,84,54,53,48,60,54,65,84,5,1,72,70,77,85,Full Stack Developer,1
20,Bachelor's,Information Technology,0,1,0,54,52,58,58,80,33,52,39,44,74,59,6,1,63,47,56,73,Software Developer,1
29,Diploma,Electrical Engineering,0.8,0,0,53,66,68,24,38,42,57,60,66,47,42,4,3,62,50,49,70,Full Stack Developer,0
21,Bachelor's,Data Science,0,1,0,69,58,39,60,71,67,69,73,68,45,47,2,3,71,61,49,48,Full Stack Developer,1
40,Bachelor's,Electrical Engineering,1.2,2,1,36,55,28,34,58,35,8,56,52,80,43,1,0,48,45,53,50,Full Stack Developer,0
26,Bachelor's,Other,3.4,4,1,54,63,58,58,42,20,59,61,82,82,46,3,2,69,55,47,42,Backend Developer,1
30,Master's,Other,2.0,0,2,75,74,61,72,50,64,79,53,26,60,72,2,2,60,64,70,39,Backend Developer,1
35,Master's,Data Science,2.5,3,2,49,40,44,16,41,31,29,44,57,57,24,3,1,56,37,42,17,Machine Learning Engineer,1
38,Bachelor's,Data Science,0.0,0,0,67,63,67,62,69,76,79,65,57,68,35,2,2,74,51,45,41,Software Developer,0
29,Diploma,Computer Science,0.5,0,0,38,43,31,43,67,66,44,51,28,63,49,4,1,58,58,59,70,Machine Learning Engineer,0
40,Master's,Information Technology,0.2,0,0,49,56,78,67,63,18,56,58,65,40,62,3,3,62,59,53,58,Data Analyst,1
37,Bachelor's,Data Science,2.1,0,2,15,10,18,25,5,5,39,50,24,56,12,1,1,43,37,44,39,QA Engineer,0
28,Bachelor's,Electrical Engineering,0.6,0,0,77,61,86,56,70,46,54,79,78,67,65,4,3,85,67,58,55,Machine Learning Engineer,1
22,Bachelor's,Data Science,1,1,1,72,71,67,62,53,39,70,30,87,64,60,4,1,66,50,63,69,Software Developer,1
35,Diploma,Data Science,0.7,3,0,53,63,52,40,54,60,42,41,43,63,64,3,2,62,54,69,62,Full Stack Developer,1
39,Bachelor's,Information Technology,3.0,4,2,76,69,53,46,71,62,48,72,51,80,66,3,4,73,65,59,65,Frontend Developer,1
41,Master's,Information Technology,0.6,1,0,59,62,62,78,65,81,75,65,32,76,48,6,3,77,57,48,74,Data Analyst,1
29,Bachelor's,Information Technology,0.6,1,0,65,62,41,33,52,39,46,79,51,62,52,4,0,76,62,63,50,QA Engineer,1
27,Bachelor's,Other,3.0,0,1,60,30,44,35,53,15,37,41,47,66,40,3,4,62,50,48,75,Backend Developer,1
24,Master's,Computer Science,0.4,1,0,39,36,31,29,41,6,58,61,84,80,45,2,1,50,56,50,54,Machine Learning Engineer,0
34,Bachelor's,Computer Science,1.3,0,1,75,60,44,77,71,54,41,62,57,84,62,5,4,71,63,62,75,DevOps Engineer,1
39,Diploma,Information Technology,1.6,0,1,53,29,30,51,49,46,59,58,39,60,37,3,4,62,42,47,46,Cloud Engineer,0
24,Bachelor's,Information Technology,1.9,2,1,77,72,69,61,54,69,67,85,53,54,60,4,3,90,72,62,82,Software Developer,1
22,Bachelor's,Computer Science,1,0,1,61,54,69,40,69,52,33,38,49,57,33,0,3,50,39,40,50,Backend Developer,0
22,Diploma,Computer Science,0.1,3,0,42,48,36,24,67,36,35,42,77,88,55,2,4,53,48,62,45,Data Analyst,0
31,Bachelor's,Data Science,4.1,1,2,56,46,46,56,56,41,55,46,51,52,63,3,1,61,51,66,62,DevOps Engineer,1
21,Master's,Electrical Engineering,0,0,0,48,61,60,66,48,65,28,58,57,64,42,2,2,61,50,58,20,Data Analyst,0
40,Master's,Data Science,14.0,0,2,71,78,72,28,33,49,72,77,62,67,54,2,3,74,64,56,5,DevOps Engineer,1
35,Diploma,Other,1.0,1,1,80,67,53,68,51,17,51,54,60,73,69,3,2,75,61,65,85,Machine Learning Engineer,1
38,Bachelor's,Information Technology,0.4,4,0,66,89,64,85,67,65,57,73,84,79,66,3,2,77,68,68,50,Backend Developer,1
22,Diploma,Information Technology,0.0,3,0,64,50,71,69,62,66,77,54,74,32,73,4,1,63,58,65,59,QA Engineer,1
27,Bachelor's,Information Technology,6,1,1,83,66,52,51,70,65,57,60,36,70,78,8,3,85,68,69,100,Frontend Developer,1
38,Bachelor's,Electrical Engineering,0.8,3,0,49,71,44,38,73,70,39,67,41,84,47,1,2,63,58,45,56,DevOps Engineer,1
21,Bachelor's,Computer Science,0,1,0,42,30,31,28,41,35,22,70,32,73,16,3,1,66,42,44,40,Data Analyst,1
40,Bachelor's,Information Technology,3.2,1,1,57,51,53,47,41,55,10,59,57,44,36,3,1,66,45,53,51,Full Stack Developer,0
28,Bachelor's,Information Technology,2.3,1,2,50,45,62,44,61,11,34,53,44,80,27,2,2,56,42,35,40,Full Stack Developer,0
22,Bachelor's,Information Technology,1,0,1,55,42,46,41,55,38,64,68,56,64,60,5,5,71,65,61,33,Software Developer,1
41,Bachelor's,Data Science,1.1,0,1,79,84,91,64,66,73,73,39,17,82,68,2,3,59,54,67,33,Machine Learning Engineer,1
21,Bachelor's,Other,0,0,0,74,54,63,100,58,64,34,73,49,28,80,2,1,76,70,64,54,Data Analyst,1
30,Bachelor's,Computer Science,1.9,1,1,69,59,33,39,71,48,71,53,52,69,66,6,2,75,54,68,59,Full Stack Developer,1
26,Bachelor's,Information Technology,1.0,1,1,64,55,58,40,56,30,61,56,30,59,31,3,5,65,51,40,48,Machine Learning Engineer,1
33,Bachelor's,Information Technology,8.9,1,4,72,73,44,76,13,65,69,71,45,72,66,5,2,75,64,58,29,Machine Learning Engineer,1
27,Diploma,Other,3.9,1,3,87,56,46,49,66,50,70,72,85,62,55,2,4,84,63,52,40,Software Developer,1
38,Master's,Information Technology,2.5,0,2,50,40,69,31,43,63,19,72,42,76,26,4,0,64,48,41,58,Software Developer,1
37,Bachelor's,Electrical Engineering,2.2,0,1,50,36,31,40,27,40,34,46,20,19,54,5,2,68,45,61,88,Full Stack Developer,1
40,Bachelor's,Data Science,3.0,2,3,78,49,60,73,55,74,69,56,50,60,64,3,3,67,62,60,29,DevOps Engineer,1
26,Bachelor's,Other,3.1,3,3,28,51,29,12,20,40,5,83,58,74,20,3,2,64,52,33,20,Frontend Developer,1
38,Bachelor's,Electrical Engineering,1.5,0,1,100,68,94,77,93,61,100,56,36,61,74,5,4,86,63,72,100,Machine Learning Engineer,1
21,Master's,Other,0,0,0,53,71,66,70,49,51,49,88,51,58,68,4,2,89,77,69,69,Full Stack Developer,1
36,Bachelor's,Computer Science,0.9,3,0,22,31,34,34,23,47,36,50,39,59,39,2,1,44,54,43,28,QA Engineer,0
22,Master's,Computer Science,1,2,1,84,83,85,67,68,78,81,61,49,78,82,5,3,78,67,76,80,Backend Developer,1
22,Bachelor's,Other,0.2,0,0,97,70,94,94,100,100,100,98,73,67,100,4,0,85,89,70,73,Cloud Engineer,1
25,Bachelor's,Data Science,1.0,0,1,47,43,52,41,44,54,51,53,62,63,60,3,0,59,53,68,69,Data Analyst,0
42,Bachelor's,Information Technology,2.9,1,1,46,29,44,65,34,46,46,96,53,74,46,4,1,68,73,52,45,Full Stack Developer,1
28,Bachelor's,Information Technology,0.0,1,0,48,56,35,45,13,43,39,41,71,66,67,6,2,61,62,69,71,Backend Developer,1
38,Diploma,Information Technology,0.6,0,0,57,65,77,55,83,62,58,41,60,49,42,4,3,65,43,55,40,Backend Developer,1
24,Bachelor's,Other,2.5,2,2,60,48,50,31,54,57,34,65,40,57,29,2,3,70,48,44,25,Machine Learning Engineer,1
41,Bachelor's,Electrical Engineering,0.6,1,0,40,48,43,31,41,41,42,33,40,75,25,2,3,62,34,30,42,Frontend Developer,0
31,Bachelor's,Computer Science,3.2,2,2,63,91,68,65,46,49,22,59,72,43,89,3,2,75,70,79,87,Full Stack Developer,1
31,Bachelor's,Information Technology,0.1,1,0,35,44,47,23,32,13,13,46,60,49,41,2,2,50,49,38,54,Data Analyst,0
26,Bachelor's,Data Science,0.3,2,0,40,48,31,38,52,28,20,76,31,55,21,2,2,54,51,31,30,Data Analyst,0
28,Bachelor's,Data Science,0.7,2,0,58,68,51,62,76,44,44,58,74,73,50,2,1,62,50,59,65,DevOps Engineer,0
38,Bachelor's,Electrical Engineering,6.6,0,2,73,84,83,87,63,91,70,59,53,65,58,3,3,57,58,56,95,Data Analyst,1
41,Bachelor's,Electrical Engineering,5.3,3,4,86,85,44,50,45,33,42,31,67,86,55,4,1,71,48,54,54,Cloud Engineer,1
33,Master's,Electrical Engineering,0.6,1,0,14,28,7,19,33,24,18,32,58,44,13,5,1,39,24,36,59,Data Analyst,0
38,Master's,Electrical Engineering,2.4,0,1,61,53,60,74,59,64,39,58,67,73,62,5,3,71,52,59,60,QA Engineer,1
28,Bachelor's,Information Technology,5.6,2,2,85,81,81,78,76,85,80,72,62,50,68,2,4,74,68,71,57,Data Analyst,1
40,Master's,Data Science,10.3,0,3,74,23,47,44,35,67,55,60,70,64,41,3,0,77,52,39,35,Data Analyst,1
35,Bachelor's,Information Technology,2.0,1,2,56,48,49,55,36,36,27,71,72,66,61,4,1,72,65,64,48,Software Developer,1
33,Bachelor's,Information Technology,0.8,0,0,41,48,58,55,55,52,45,82,57,71,75,5,3,69,74,56,77,Machine Learning Engineer,1
39,Bachelor's,Computer Science,0.4,2,0,63,69,76,55,54,56,58,69,72,71,65,5,1,76,61,65,83,Software Developer,1
42,Bachelor's,Information Technology,2.0,1,2,90,58,81,100,44,68,64,37,83,85,64,6,3,73,50,68,83,DevOps Engineer,1
21,Bachelor's,Other,0,3,0,70,92,80,86,95,84,47,74,62,84,67,7,4,90,66,66,69,Frontend Developer,1
32,Bachelor's,Electrical Engineering,6.0,0,1,76,66,62,50,44,46,67,46,46,77,61,3,2,77,57,69,66,Cloud Engineer,1
36,Master's,Information Technology,6.0,4,1,98,81,83,93,69,94,71,68,61,68,92,6,3,94,73,75,86,Backend Developer,1
31,PhD,Other,1.6,0,2,46,74,51,77,92,65,65,36,57,68,72,2,3,51,53,67,26,Cloud Engineer,0
36,Bachelor's,Computer Science,2.3,0,2,66,28,48,44,52,21,40,50,45,37,49,3,2,60,51,54,47,Cloud Engineer,1
28,Bachelor's,Computer Science,6.6,0,3,48,59,30,30,34,28,17,58,18,76,21,3,2,63,41,26,55,Machine Learning Engineer,1
30,Master's,Data Science,0.7,1,0,99,64,87,95,57,74,86,43,67,56,62,7,2,79,57,59,99,QA Engineer,1
24,Bachelor's,Data Science,2.0,1,1,80,77,76,61,82,62,45,63,66,69,84,4,2,74,66,70,97,Machine Learning Engineer,1
24,Diploma,Other,3,2,3,61,63,59,58,45,54,37,64,69,74,48,5,2,62,54,47,83,Software Developer,1
42,Bachelor's,Computer Science,7.9,1,3,71,66,34,62,58,27,21,54,69,67,53,2,1,64,58,61,73,DevOps Engineer,1
37,Diploma,Computer Science,1.3,0,1,68,59,70,59,68,39,55,35,42,60,69,4,2,63,52,58,69,Backend Developer,0
31,PhD,Computer Science,7.1,2,4,52,39,52,40,68,58,80,68,67,66,71,2,3,60,61,74,77,Machine Learning Engineer,1
27,PhD,Electrical Engineering,4.1,0,2,65,54,63,44,43,54,45,63,27,94,37,3,3,63,55,48,57,DevOps Engineer,1
35,Bachelor's,Computer Science,1.4,0,1,73,62,53,66,61,70,43,77,64,32,62,6,3,94,59,55,84,QA Engineer,1
36,Bachelor's,Electrical Engineering,9.4,1,3,79,63,85,58,61,42,54,11,63,88,44,4,2,63,37,58,68,Software Developer,1
27,Bachelor's,Data Science,3.2,2,3,54,18,39,52,34,21,48,38,64,53,38,6,4,64,37,48,83,DevOps Engineer,1
26,Bachelor's,Data Science,5,2,2,91,96,70,100,94,100,75,39,52,86,64,6,0,82,50,57,63,QA Engineer,1
25,Bachelor's,Information Technology,2.8,0,1,65,54,47,34,33,19,43,60,61,81,42,3,2,72,52,50,53,Machine Learning Engineer,1
42,Bachelor's,Computer Science,1.1,1,1,65,76,76,65,83,68,59,61,25,79,81,4,3,75,65,71,43,Frontend Developer,1
29,Master's,Data Science,8,2,4,52,64,62,51,52,41,70,86,66,54,56,2,3,69,73,53,42,DevOps Engineer,1
39,Diploma,Data Science,0.8,3,0,42,49,36,30,33,23,34,51,55,55,31,3,2,60,44,38,35,Backend Developer,0
34,Master's,Electrical Engineering,0.5,0,0,65,68,53,62,67,48,55,72,43,51,79,5,4,69,76,72,62,Backend Developer,1
41,Bachelor's,Data Science,1.3,2,1,53,60,43,21,54,47,44,73,75,81,45,4,2,73,58,44,60,Cloud Engineer,1
26,Master's,Other,3.2,2,2,100,82,83,100,97,55,68,30,54,49,83,5,3,69,57,69,100,DevOps Engineer,1
31,Bachelor's,Data Science,4.1,1,3,60,62,40,50,39,21,45,63,44,54,52,4,2,74,58,55,60,Machine Learning Engineer,1
28,Bachelor's,Data Science,1.2,1,1,74,71,54,85,55,51,51,55,31,69,87,5,1,76,69,76,60,Software Developer,1
33,Bachelor's,Electrical Engineering,0.7,1,0,73,47,75,62,64,46,66,46,42,74,51,3,2,70,52,46,68,Data Analyst,1
34,Bachelor's,Information Technology,1.5,1,1,60,52,59,81,61,48,73,65,34,68,59,4,4,67,60,64,50,QA Engineer,1
32,Bachelor's,Data Science,2.1,1,1,81,88,75,78,96,79,52,47,62,67,92,3,2,69,67,85,87,Full Stack Developer,1
41,Diploma,Other,1.9,4,2,61,27,57,27,59,48,53,79,66,77,56,6,1,85,65,53,95,DevOps Engineer,1
21,Bachelor's,Other,0,2,0,36,54,63,65,40,37,48,57,69,39,45,5,1,47,51,61,29,DevOps Engineer,0
40,PhD,Information Technology,2.8,1,2,85,85,56,69,71,25,73,79,45,50,73,6,1,86,70,67,72,Backend Developer,1
42,Master's,Computer Science,12.3,1,1,100,73,73,80,83,62,87,5,43,77,74,2,2,66,49,58,55,Full Stack Developer,1
33,Diploma,Other,3.7,2,2,81,75,83,92,91,73,78,54,41,88,78,3,1,66,67,75,38,Full Stack Developer,1
29,Bachelor's,Other,2.9,0,2,65,39,31,49,5,66,45,53,51,50,48,1,2,60,55,47,50,Machine Learning Engineer,1
41,Bachelor's,Information Technology,0.4,4,0,73,73,82,96,48,62,68,49,77,82,53,5,4,72,55,62,95,Software Developer,1
20,Diploma,Electrical Engineering,0,0,0,64,73,59,66,78,77,67,50,58,66,68,3,1,81,56,59,66,DevOps Engineer,1
35,Bachelor's,Electrical Engineering,0.6,1,0,42,72,37,19,34,25,28,54,47,49,39,4,1,56,42,44,60,Backend Developer,1
35,Bachelor's,Other,2.9,1,1,72,58,55,87,58,53,46,66,36,63,53,5,1,77,59,58,58,DevOps Engineer,1
26,Bachelor's,Other,1.3,1,1,83,82,52,77,77,45,75,49,64,90,62,5,0,79,54,54,74,DevOps Engineer,1
24,Bachelor's,Data Science,3,1,2,60,97,65,67,72,37,60,71,76,57,70,3,3,75,72,65,46,Data Analyst,1
23,Bachelor's,Electrical Engineering,1.3,2,1,83,100,93,72,78,77,63,36,68,56,93,8,2,87,60,74,71,Machine Learning Engineer,1
40,Bachelor's,Computer Science,3.1,4,3,44,27,31,35,5,43,40,71,35,51,26,5,1,71,52,41,61,Backend Developer,1
30,Bachelor's,Data Science,1.4,0,1,51,47,56,31,65,26,65,56,38,69,24,1,2,61,41,43,19,Machine Learning Engineer,0
39,Diploma,Information Technology,0.8,2,0,55,51,55,60,88,65,47,38,39,77,48,2,1,54,43,42,44,Software Developer,0
20,Bachelor's,Information Technology,0,2,0,46,42,53,35,52,67,44,54,42,43,47,3,3,50,51,58,76,Software Developer,1
29,Bachelor's,Other,0.3,0,0,73,74,68,56,70,80,52,64,63,60,77,0,2,70,71,78,36,Cloud Engineer,1
36,Diploma,Data Science,1.8,3,1,58,40,76,38,62,22,61,56,48,78,50,2,0,61,55,50,61,DevOps Engineer,1
30,Bachelor's,Electrical Engineering,3.1,1,1,85,76,81,68,81,79,93,63,68,24,89,4,3,85,73,77,69,Data Analyst,1
35,Master's,Other,3.9,1,3,66,58,30,36,35,47,34,68,62,57,44,5,2,82,52,52,59,Software Developer,1
32,Bachelor's,Information Technology,7.3,1,5,34,15,27,19,31,30,29,93,34,77,29,5,2,67,56,33,71,Backend Developer,1
42,Bachelor's,Information Technology,2.9,1,1,39,35,26,29,29,36,23,80,48,56,30,5,1,71,58,36,48,Cloud Engineer,1
39,Master's,Other,1.5,0,2,38,34,44,38,30,38,46,59,68,57,48,5,3,72,56,61,50,Machine Learning Engineer,1
29,Diploma,Other,3.0,3,2,41,38,29,40,50,7,46,100,65,71,12,4,2,74,55,28,48,Cloud Engineer,0
37,Bachelor's,Information Technology,0.1,0,0,50,52,49,52,72,70,31,56,48,100,64,2,1,62,59,57,5,Software Developer,1
39,Master's,Electrical Engineering,5.4,1,3,81,68,72,75,72,48,60,85,32,58,74,4,3,84,76,71,75,Frontend Developer,1
28,Bachelor's,Electrical Engineering,0.9,3,0,54,47,38,26,26,38,38,73,55,63,50,6,2,69,57,60,49,Backend Developer,1
30,Bachelor's,Electrical Engineering,3.1,2,1,72,83,45,63,74,71,70,46,86,62,45,4,3,64,48,48,58,Machine Learning Engineer,1
22,Bachelor's,Other,1,0,1,62,48,83,83,70,59,41,100,42,74,65,3,2,80,78,62,18,Machine Learning Engineer,1
23,Bachelor's,Other,2,1,2,84,73,77,100,80,74,64,40,50,60,66,5,2,72,57,75,84,Backend Developer,1
31,Diploma,Other,1.4,3,1,51,46,45,21,32,25,59,55,43,67,43,4,2,69,49,49,77,Frontend Developer,0
32,Diploma,Data Science,0.3,2,0,32,39,42,51,35,10,33,70,56,70,42,2,3,57,57,54,57,Software Developer,0
26,Diploma,Computer Science,5,0,3,87,57,47,66,48,61,56,67,56,72,53,4,2,81,54,54,69,Machine Learning Engineer,1
27,Bachelor's,Information Technology,1.5,0,2,69,45,32,66,13,61,55,68,68,72,36,3,3,63,55,34,50,Software Developer,1
41,Bachelor's,Computer Science,4.8,0,4,63,38,53,43,58,55,41,80,57,72,66,4,1,76,65,60,63,QA Engineer,1
21,Bachelor's,Computer Science,0,1,0,55,38,65,58,48,51,62,81,57,63,46,1,3,58,63,51,38,Machine Learning Engineer,1
33,Bachelor's,Data Science,5.7,1,1,61,28,48,66,67,27,36,90,35,91,78,2,1,80,74,76,53,DevOps Engineer,1
41,Bachelor's,Electrical Engineering,1.4,0,1,54,57,48,38,57,58,48,57,47,44,66,4,3,68,57,62,34,Machine Learning Engineer,1
32,Bachelor's,Other,1.5,1,2,50,87,61,59,52,80,51,69,63,71,63,1,0,59,65,56,40,Frontend Developer,1
36,Bachelor's,Other,0.7,1,0,66,71,48,70,48,70,34,43,32,73,76,4,2,67,58,66,89,Full Stack Developer,1
35,Master's,Electrical Engineering,3.1,3,1,76,73,90,82,71,68,83,70,52,48,94,3,4,75,77,81,85,QA Engineer,1
41,Diploma,Data Science,6.5,0,5,100,68,80,100,77,78,79,62,55,49,85,5,3,85,71,73,99,Frontend Developer,1
28,Bachelor's,Computer Science,2.9,1,1,85,62,73,93,75,65,78,51,67,49,92,3,2,66,67,76,63,Backend Developer,1
29,Bachelor's,Electrical Engineering,1.6,1,2,61,63,72,60,100,73,100,65,22,66,64,4,4,80,65,64,42,Data Analyst,1
40,Bachelor's,Information Technology,0.6,0,0,31,33,27,37,12,41,34,51,47,69,18,5,3,58,47,42,93,Full Stack Developer,0
33,Master's,Electrical Engineering,0.0,1,0,60,56,66,60,57,81,54,43,63,87,45,2,2,59,42,53,23,Frontend Developer,1
41,Diploma,Computer Science,11.9,0,5,88,79,71,77,58,78,87,72,57,33,55,4,3,74,55,64,70,Frontend Developer,1
34,Bachelor's,Computer Science,1.4,3,1,68,91,71,85,68,73,98,52,46,51,63,4,0,71,52,58,52,Data Analyst,1
38,Bachelor's,Computer Science,3.7,0,1,76,59,94,79,59,84,56,68,74,78,69,3,4,74,71,65,88,QA Engineer,1
22,Master's,Other,1,0,1,84,88,85,87,75,73,61,47,55,57,78,6,2,77,66,67,63,Software Developer,1
21,Master's,Data Science,0,3,0,68,86,82,78,78,83,89,63,63,70,63,4,4,74,64,58,100,QA Engineer,1
40,Bachelor's,Information Technology,1.4,1,1,63,62,58,59,71,66,5,54,51,68,57,3,2,65,59,60,50,Frontend Developer,1
27,Master's,Data Science,3.7,0,3,55,60,89,90,52,85,81,39,87,86,85,5,2,65,61,81,67,Full Stack Developer,1
41,Bachelor's,Computer Science,2.3,2,2,91,65,64,69,66,87,77,71,50,68,79,4,4,82,70,68,66,Machine Learning Engineer,1
24,Bachelor's,Electrical Engineering,0.3,0,0,66,59,66,69,64,79,74,62,67,76,42,2,3,73,58,47,49,Backend Developer,1
21,Master's,Computer Science,0,3,0,34,39,29,46,31,13,10,82,70,44,47,2,3,59,64,61,31,DevOps Engineer,1
26,Diploma,Electrical Engineering,1.1,3,1,76,60,69,87,77,57,66,67,70,96,96,3,2,79,75,86,41,Machine Learning Engineer,1
24,Diploma,Computer Science,3,1,2,38,41,65,42,17,39,22,60,50,67,37,0,3,52,51,51,29,QA Engineer,0
27,Diploma,Other,0.6,0,0,50,41,58,29,37,48,31,84,77,80,38,6,2,79,62,44,63,DevOps Engineer,1
28,Bachelor's,Electrical Engineering,1.0,2,1,53,45,58,71,45,66,40,61,55,76,41,5,2,69,50,49,54,Data Analyst,1
26,Diploma,Computer Science,5,1,3,65,69,44,74,47,61,34,39,56,61,49,4,2,63,45,54,85,DevOps Engineer,1
32,Diploma,Information Technology,3.0,2,1,16,13,42,28,23,5,31,61,55,48,37,1,2,47,45,36,51,Cloud Engineer,0
39,PhD,Electrical Engineering,1.0,0,1,72,51,81,56,50,40,67,54,78,55,62,3,2,55,57,63,63,Full Stack Developer,1
41,Bachelor's,Electrical Engineering,0.1,0,0,36,62,56,80,72,67,55,39,67,71,66,2,1,49,48,59,38,Software Developer,0
22,Diploma,Information Technology,1,2,1,78,81,69,71,65,75,78,70,64,56,55,3,3,75,67,56,65,QA Engineer,1
34,Bachelor's,Information Technology,1.9,1,1,60,51,41,68,85,55,50,74,61,52,60,2,3,77,59,60,57,Machine Learning Engineer,1
27,Master's,Data Science,2.3,1,2,100,88,82,92,72,98,74,56,54,57,61,6,0,85,53,62,98,Cloud Engineer,1
34,Bachelor's,Information Technology,2.5,1,2,79,77,49,68,71,49,63,63,64,49,79,4,3,78,64,70,84,Data Analyst,1
24,Master's,Other,0.6,1,0,71,77,59,74,52,39,69,82,46,40,58,2,4,81,68,66,56,Full Stack Developer,1
31,Diploma,Other,1.7,0,2,43,57,53,59,50,47,44,58,53,35,66,0,4,58,71,68,38,Frontend Developer,0
31,Diploma,Other,3.6,0,1,72,77,59,37,57,31,54,77,34,81,55,5,1,74,65,54,71,DevOps Engineer,0
41,Master's,Information Technology,4.6,2,2,47,59,33,57,38,32,32,26,39,64,38,4,2,53,42,44,70,Backend Developer,1
34,Bachelor's,Information Technology,2.1,1,2,68,61,68,63,41,37,50,77,53,61,69,3,2,74,70,72,45,Machine Learning Engineer,1
35,Diploma,Data Science,3.0,0,2,63,65,48,48,60,78,95,64,44,51,56,3,4,64,55,50,67,Software Developer,1
30,Master's,Other,7.5,1,1,100,82,99,86,91,89,100,35,26,74,76,3,2,77,56,65,44,QA Engineer,1
39,Bachelor's,Information Technology,5.0,1,2,68,70,84,50,78,65,37,45,81,49,77,1,3,55,58,82,21,Data Analyst,1
41,Bachelor's,Information Technology,5.2,1,2,68,75,57,79,62,50,46,48,57,80,63,4,4,78,62,58,66,Data Analyst,1
28,Diploma,Computer Science,0.5,0,0,19,13,12,24,5,8,5,49,53,85,24,0,1,46,35,42,17,Full Stack Developer,0
33,PhD,Data Science,1.8,0,1,100,92,85,79,87,96,67,53,50,47,97,3,1,82,65,81,86,Frontend Developer,1
42,Master's,Computer Science,1.1,1,1,70,41,22,51,55,12,39,74,71,83,58,2,1,71,67,58,86,Backend Developer,1
31,Master's,Information Technology,3.8,0,3,51,73,59,42,48,26,50,52,47,80,46,1,3,56,49,47,47,Full Stack Developer,1
21,Bachelor's,Electrical Engineering,0,2,0,63,64,61,40,87,53,48,48,71,52,57,3,2,67,55,65,64,Machine Learning Engineer,1
35,Diploma,Computer Science,3.1,1,3,83,98,88,98,84,87,86,56,75,53,82,5,1,76,64,73,74,Full Stack Developer,1
32,Diploma,Computer Science,0.4,1,0,69,67,57,32,58,69,63,86,49,64,81,2,1,79,76,71,100,Data Analyst,1
25,Master's,Other,2.5,1,2,63,40,45,60,39,62,66,55,52,46,50,4,3,74,56,58,84,Data Analyst,1
28,Bachelor's,Information Technology,1.9,4,2,54,60,61,56,75,60,64,63,36,63,61,4,2,71,64,61,48,Backend Developer,1
35,Bachelor's,Information Technology,3.0,1,2,70,64,64,70,74,65,74,75,59,73,58,3,1,72,67,58,29,Backend Developer,1
28,Bachelor's,Data Science,3.0,1,2,78,77,62,93,73,81,89,71,68,73,77,4,5,72,69,87,45,Frontend Developer,1
23,Diploma,Computer Science,2,0,2,65,50,35,68,18,38,34,56,50,49,83,4,2,65,62,84,72,DevOps Engineer,1
37,Bachelor's,Computer Science,4.3,0,1,21,22,6,40,10,5,26,92,40,31,24,1,1,56,54,32,35,QA Engineer,1
26,Master's,Electrical Engineering,0.4,1,0,30,17,21,35,36,5,29,82,25,88,5,2,1,65,51,34,41,Full Stack Developer,0
37,Bachelor's,Computer Science,0.4,1,0,69,68,88,68,81,69,60,59,77,75,79,2,0,69,66,73,71,Frontend Developer,1
39,Master's,Electrical Engineering,6.1,1,2,81,73,81,62,54,57,78,57,38,55,74,8,4,83,64,58,99,Frontend Developer,1
33,Master's,Other,1.8,2,1,70,63,53,75,78,48,72,63,82,78,42,4,2,78,52,49,50,Machine Learning Engineer,1
24,Bachelor's,Electrical Engineering,0.3,0,0,26,39,53,35,37,32,24,94,32,79,19,0,1,54,58,42,15,QA Engineer,0
33,Master's,Electrical Engineering,1.0,1,1,62,33,56,69,48,50,51,54,52,47,60,3,2,65,55,62,63,Cloud Engineer,1
33,Bachelor's,Information Technology,1.8,0,2,47,31,33,43,54,58,13,50,59,75,52,2,1,54,54,64,48,DevOps Engineer,0
24,Diploma,Electrical Engineering,3,1,2,57,52,33,83,45,53,49,57,51,70,32,3,3,68,45,43,44,Machine Learning Engineer,0
32,Bachelor's,Data Science,2.5,1,1,66,76,75,53,64,57,44,56,64,18,79,3,3,65,68,75,63,Data Analyst,1
36,Diploma,Computer Science,0.4,4,0,44,55,47,25,46,25,45,57,36,44,60,5,4,65,57,64,55,QA Engineer,1
21,Master's,Other,0,1,0,70,73,47,60,62,53,60,70,32,56,82,4,3,76,74,66,76,Frontend Developer,1
28,Bachelor's,Computer Science,1.1,3,1,80,82,80,86,90,70,88,52,61,68,89,6,1,74,61,78,90,Backend Developer,1
37,Bachelor's,Data Science,4.3,2,3,59,62,39,47,73,29,48,57,55,64,59,4,2,64,59,67,65,Full Stack Developer,1
27,Bachelor's,Computer Science,5.7,2,3,75,52,66,74,62,62,54,46,37,80,89,2,2,70,68,72,48,Data Analyst,1
25,Diploma,Other,0.3,0,0,85,78,76,87,87,57,90,56,42,51,62,3,3,79,57,63,66,Backend Developer,1
30,Master's,Other,0.0,2,0,57,75,64,43,39,83,60,53,18,77,66,0,3,51,64,69,26,Cloud Engineer,1
39,Bachelor's,Computer Science,4.2,0,3,59,33,44,69,59,22,27,44,53,63,53,6,1,65,45,49,89,QA Engineer,1
23,Master's,Data Science,0.4,1,0,53,54,57,58,43,26,48,57,30,52,67,3,3,60,62,54,67,Frontend Developer,1
42,Bachelor's,Data Science,4.6,1,1,70,70,75,60,55,51,72,43,53,55,68,2,3,56,59,63,77,Machine Learning Engineer,1
39,Master's,Other,5.6,1,1,81,50,51,37,61,67,67,73,67,77,58,5,1,82,68,61,56,Machine Learning Engineer,1
24,Master's,Other,0.7,0,0,62,66,57,26,65,46,76,27,71,83,50,3,4,58,40,58,58,Software Developer,1
42,Diploma,Information Technology,0.1,1,0,48,69,39,61,37,17,19,61,64,39,43,3,2,61,53,45,58,DevOps Engineer,1
34,Diploma,Data Science,2.2,3,1,81,62,56,70,71,72,36,63,57,65,66,3,4,76,61,59,96,Frontend Developer,1
24,Bachelor's,Electrical Engineering,3,0,3,79,49,33,57,59,46,35,71,69,93,70,0,2,67,62,83,44,Cloud Engineer,1
21,Bachelor's,Electrical Engineering,0,0,0,28,37,39,28,13,30,5,55,61,43,23,3,5,42,38,43,22,Frontend Developer,0
31,Bachelor's,Other,0.3,0,0,33,62,39,40,55,24,22,91,64,69,52,5,2,65,72,51,55,Software Developer,1
24,Bachelor's,Information Technology,2.0,1,1,71,87,72,83,69,25,52,31,53,81,74,3,2,66,54,71,80,Backend Developer,1
23,Bachelor's,Computer Science,2,0,2,60,52,47,74,42,54,47,70,55,57,35,4,4,70,52,40,72,QA Engineer,1
23,Bachelor's,Information Technology,0.9,1,0,50,56,43,65,51,49,39,38,20,94,63,6,0,69,53,54,51,Cloud Engineer,1
30,Master's,Data Science,5.7,0,4,10,13,9,32,5,5,5,44,37,58,36,3,3,44,40,37,15,Frontend Developer,0
31,Diploma,Electrical Engineering,0.6,2,0,61,60,58,88,54,51,84,75,59,77,75,2,4,62,68,72,52,Full Stack Developer,1
33,Master's,Data Science,4.5,0,4,44,51,43,32,27,29,17,86,50,65,27,3,2,65,55,32,53,DevOps Engineer,1
40,Bachelor's,Information Technology,0.1,1,0,44,54,63,32,22,5,5,53,75,55,55,6,2,63,56,59,57,Backend Developer,1
28,Bachelor's,Computer Science,4.0,4,3,74,51,55,68,50,39,52,37,71,64,48,3,0,65,49,56,38,Data Analyst,1
24,Master's,Information Technology,3,1,1,62,82,39,49,51,40,73,67,65,91,58,4,4,72,61,58,67,Software Developer,1
36,Diploma,Information Technology,1.0,1,1,50,32,44,31,20,26,21,65,52,60,56,5,3,63,60,59,48,Full Stack Developer,0
29,Bachelor's,Data Science,8,2,2,84,80,62,57,65,31,69,58,70,90,72,4,1,75,67,70,61,Full Stack Developer,1
21,Bachelor's,Information Technology,0,1,0,93,85,64,98,68,56,78,36,57,35,87,3,1,72,58,83,52,Frontend Developer,1
37,Bachelor's,Information Technology,4.0,1,1,75,66,64,74,40,62,43,75,63,52,70,2,2,67,71,66,56,Data Analyst,1
24,Bachelor's,Information Technology,0.6,2,0,55,62,73,63,53,49,60,38,44,68,67,3,1,61,53,53,50,Full Stack Developer,0
26,Master's,Electrical Engineering,0.2,0,0,55,49,41,33,57,28,27,54,44,76,66,6,0,57,61,64,100,Full Stack Developer,1
38,Diploma,Other,1.9,1,2,66,64,76,73,55,63,52,47,38,84,55,1,4,57,59,58,65,Software Developer,0
32,Bachelor's,Other,2.6,1,2,51,22,29,28,6,54,18,80,72,77,44,3,1,68,63,54,30,QA Engineer,0
35,Bachelor's,Electrical Engineering,8.6,1,5,94,69,70,100,100,93,66,64,62,59,78,3,1,77,68,72,67,Software Developer,1
28,Bachelor's,Electrical Engineering,1.8,1,2,67,71,84,92,53,51,76,57,35,84,83,4,0,62,73,74,29,Frontend Developer,1
32,Master's,Other,3.6,1,2,83,54,77,59,56,61,99,36,76,65,88,4,3,60,65,87,48,DevOps Engineer,1
24,Bachelor's,Data Science,3,1,1,65,76,53,35,49,51,43,58,27,71,52,6,4,67,55,56,66,Cloud Engineer,1
27,Master's,Electrical Engineering,1.2,2,1,49,25,34,38,41,46,53,61,11,63,32,1,1,58,52,53,51,Backend Developer,0
22,Diploma,Data Science,0.4,2,0,41,26,28,37,23,26,24,69,61,78,23,2,2,64,49,36,46,QA Engineer,0
24,PhD,Other,3,3,1,63,67,45,56,65,64,40,50,51,60,31,4,4,68,43,47,74,Data Analyst,1
41,Diploma,Information Technology,7.1,1,1,64,78,57,63,72,51,78,68,63,49,57,4,5,68,63,52,34,Backend Developer,1
29,Bachelor's,Electrical Engineering,0.0,0,0,53,61,44,70,57,68,43,73,80,50,55,0,3,63,61,58,60,Frontend Developer,1
27,Diploma,Information Technology,1.9,3,2,45,67,44,37,43,20,47,34,34,64,52,4,3,54,46,53,62,Full Stack Developer,0
24,Diploma,Data Science,3,0,1,47,70,59,41,59,47,37,32,71,53,39,3,2,43,38,39,67,DevOps Engineer,0
21,Bachelor's,Information Technology,0,1,0,80,91,85,80,86,93,93,70,39,57,100,0,4,72,82,76,74,Data Analyst,1
32,Master's,Electrical Engineering,2.8,1,1,75,66,71,80,94,43,77,49,58,79,59,5,3,66,49,54,86,Data Analyst,1
33,Bachelor's,Electrical Engineering,0.5,1,0,67,75,67,81,67,69,62,52,63,55,93,5,3,75,69,78,33,Machine Learning Engineer,1
27,Master's,Electrical Engineering,1.2,0,1,49,25,31,45,72,22,26,56,98,35,23,5,3,68,38,39,74,Cloud Engineer,1
31,Diploma,Other,1.1,1,1,48,40,29,36,46,5,32,65,37,81,39,2,0,61,52,46,79,Backend Developer,1
41,Bachelor's,Data Science,0.2,0,0,72,86,77,80,81,62,64,64,56,78,73,2,0,69,68,74,43,Frontend Developer,1
38,Diploma,Data Science,1.6,1,1,72,54,58,45,64,93,93,44,70,40,64,4,4,56,53,57,81,QA Engineer,1
39,Bachelor's,Data Science,4.5,2,2,56,25,30,50,50,30,25,74,52,75,44,5,4,71,57,57,32,Full Stack Developer,1
24,Bachelor's,Data Science,0.7,0,0,90,81,89,100,77,54,66,63,63,54,72,2,2,72,64,64,69,Cloud Engineer,1
36,Master's,Information Technology,0.5,0,0,57,54,25,29,59,24,80,74,62,61,41,6,2,74,53,50,69,QA Engineer,1
26,Bachelor's,Electrical Engineering,5,1,2,78,61,61,60,68,65,50,54,31,40,68,4,1,69,65,51,79,Frontend Developer,1
31,PhD,Other,1.2,1,1,46,40,41,49,47,45,73,73,46,63,35,3,4,67,60,53,51,Cloud Engineer,1
31,Master's,Information Technology,0.2,1,0,100,85,90,86,100,85,83,76,40,91,100,5,4,85,81,75,100,Cloud Engineer,1
23,Master's,Information Technology,0.1,0,0,25,32,35,12,65,34,23,28,67,76,27,3,1,50,31,36,23,Software Developer,0
34,Bachelor's,Information Technology,7.5,1,3,93,79,77,77,65,63,63,87,54,60,45,5,3,90,69,50,100,Machine Learning Engineer,1
26,Bachelor's,Information Technology,3.1,1,1,30,37,47,26,52,38,25,44,36,54,39,2,2,60,48,51,21,Software Developer,0
32,Bachelor's,Electrical Engineering,2.1,0,2,78,69,45,50,55,52,35,75,60,83,61,6,3,85,68,54,89,Data Analyst,1
33,Master's,Computer Science,6.8,1,2,55,63,47,57,47,55,42,77,84,59,49,4,0,71,60,44,83,Full Stack Developer,1
38,Bachelor's,Data Science,0.2,1,0,39,31,32,44,18,48,47,71,62,75,19,3,1,68,47,37,78,Frontend Developer,0
39,Bachelor's,Information Technology,0.0,2,0,63,60,57,85,72,45,54,45,50,86,72,4,3,62,62,68,53,Data Analyst,1
23,Bachelor's,Electrical Engineering,1.7,3,2,54,48,49,62,29,55,43,75,74,76,66,3,2,65,71,64,58,DevOps Engineer,1
39,Bachelor's,Other,3.3,1,2,82,83,69,66,92,57,60,66,25,60,95,1,2,72,78,91,57,Full Stack Developer,1
36,Diploma,Computer Science,0.1,3,0,41,26,63,71,50,37,51,42,70,72,40,3,2,42,46,39,74,Data Analyst,0
34,Bachelor's,Information Technology,1.1,0,1,57,46,62,56,38,58,22,59,62,53,39,2,2,60,47,48,28,Frontend Developer,0
31,Bachelor's,Electrical Engineering,2.4,1,2,65,79,70,94,77,63,55,62,61,62,51,4,2,72,57,67,46,Software Developer,1
30,Diploma,Computer Science,3.5,2,3,32,44,32,51,6,31,20,61,80,60,19,0,1,54,40,32,21,Software Developer,0
32,PhD,Electrical Engineering,0.9,0,0,58,68,73,96,69,81,66,60,37,67,78,4,5,69,71,72,59,Machine Learning Engineer,1
21,Bachelor's,Electrical Engineering,0,1,0,59,52,53,44,82,45,67,64,64,68,41,3,1,67,55,48,47,QA Engineer,1
35,Bachelor's,Data Science,1.7,2,1,88,67,90,75,80,75,60,32,46,90,91,6,3,75,60,74,78,Frontend Developer,1
38,Bachelor's,Electrical Engineering,1.3,1,1,74,57,58,45,42,32,41,75,41,85,39,4,3,80,59,47,57,QA Engineer,1
36,Diploma,Data Science,0.5,1,0,40,35,23,25,31,40,41,81,56,54,49,2,1,67,64,50,5,Machine Learning Engineer,0
27,Diploma,Information Technology,1.7,2,1,36,55,41,88,42,43,31,51,39,72,40,4,3,52,49,48,55,DevOps Engineer,0
37,Bachelor's,Electrical Engineering,1.1,4,1,62,51,49,48,57,45,69,32,35,67,66,3,2,65,54,71,61,Cloud Engineer,1
33,Bachelor's,Computer Science,2.1,1,2,60,59,57,55,46,75,53,42,65,84,65,6,1,69,55,69,95,Backend Developer,1
21,Bachelor's,Data Science,0,1,0,66,91,66,86,55,65,44,100,65,35,69,6,2,87,78,55,71,Data Analyst,1
32,Diploma,Computer Science,9.8,2,3,79,82,83,66,49,79,88,36,48,58,69,2,5,51,56,64,55,Machine Learning Engineer,1
23,PhD,Electrical Engineering,0.4,1,0,48,56,50,46,72,60,24,72,31,58,47,2,2,65,65,59,46,QA Engineer,1
42,Bachelor's,Information Technology,2.4,0,2,66,43,76,63,56,72,40,72,76,66,46,3,3,70,61,48,35,Backend Developer,1
30,Bachelor's,Electrical Engineering,4.6,2,2,45,40,27,55,49,50,31,58,76,79,29,2,2,55,47,41,42,QA Engineer,0
28,Diploma,Information Technology,4.5,2,4,65,69,67,68,77,38,66,80,53,64,73,4,4,74,79,70,51,Software Developer,1
31,Bachelor's,Other,3.2,1,3,77,67,61,87,73,82,64,54,56,95,79,7,3,70,61,77,58,Full Stack Developer,1
31,Master's,Computer Science,1.4,2,1,21,22,41,16,30,31,59,56,48,44,21,1,4,50,40,47,5,Software Developer,0
42,Master's,Information Technology,0.2,1,0,41,50,59,60,57,55,67,70,77,42,64,0,4,54,65,63,37,Full Stack Developer,1
22,Bachelor's,Computer Science,0.4,4,0,32,43,41,42,26,33,18,74,45,79,18,3,3,57,50,33,75,DevOps Engineer,1
28,Bachelor's,Computer Science,1.1,0,1,43,28,31,31,48,46,40,41,56,69,39,5,2,56,41,48,57,Frontend Developer,0
41,PhD,Information Technology,0.5,0,0,51,73,64,64,74,66,46,46,73,41,47,4,2,59,54,51,75,Full Stack Developer,1
37,Master's,Computer Science,0.5,3,0,51,23,36,42,64,32,6,43,65,46,45,4,1,62,45,59,87,DevOps Engineer,1
27,Bachelor's,Data Science,1.1,1,1,79,55,52,59,84,61,58,77,46,61,93,2,5,73,76,77,53,Backend Developer,1
27,Diploma,Data Science,0.4,1,0,73,53,51,86,85,47,78,69,81,67,62,5,4,73,62,65,53,Cloud Engineer,1
40,PhD,Computer Science,1.3,0,1,53,34,43,65,68,38,44,58,50,65,53,1,1,55,57,54,45,Software Developer,1
29,Diploma,Data Science,1.0,0,1,61,70,73,55,63,36,63,61,44,43,41,5,3,75,53,46,77,QA Engineer,1
39,Bachelor's,Data Science,1.8,1,2,51,52,72,44,56,32,69,82,54,58,61,2,1,63,69,56,36,QA Engineer,1
35,Diploma,Electrical Engineering,1.1,1,1,77,54,71,69,71,69,33,67,59,72,54,6,3,75,65,48,72,Backend Developer,1
23,Master's,Information Technology,2,1,2,67,42,35,48,81,61,67,55,64,74,54,6,2,73,58,65,68,Software Developer,1
41,Master's,Data Science,4.0,0,1,55,57,25,41,35,52,65,90,63,82,31,0,1,63,58,26,13,QA Engineer,1
40,Bachelor's,Computer Science,4.2,2,1,85,80,70,75,56,61,54,59,48,73,70,8,1,82,62,69,100,Software Developer,1
24,Bachelor's,Other,1.5,4,1,85,43,44,45,70,40,57,73,65,86,78,7,2,92,76,74,100,Frontend Developer,1
34,Master's,Computer Science,9.3,2,4,89,78,71,84,86,87,89,40,64,57,58,4,4,78,47,64,94,Frontend Developer,1
25,PhD,Electrical Engineering,1.2,0,1,55,53,47,20,42,35,57,57,44,65,33,7,2,74,48,44,82,QA Engineer,1
32,Bachelor's,Computer Science,5.8,0,1,70,50,37,65,27,56,94,52,73,63,76,2,4,60,56,75,51,Cloud Engineer,1
20,Bachelor's,Electrical Engineering,0,0,0,38,41,29,45,50,33,15,64,66,34,37,2,1,65,55,42,37,QA Engineer,1
34,Bachelor's,Computer Science,0.0,3,0,42,44,45,60,41,32,25,58,33,69,56,4,2,67,54,57,46,Frontend Developer,1
37,Bachelor's,Electrical Engineering,0.4,0,0,75,69,90,73,71,54,55,46,33,34,51,5,2,73,46,54,53,DevOps Engineer,1
30,Master's,Data Science,0.6,1,0,29,8,33,8,5,12,21,77,52,66,5,0,3,65,43,34,19,Frontend Developer,1
25,Bachelor's,Electrical Engineering,4,3,2,43,31,54,52,70,64,46,68,68,58,60,3,2,57,66,66,61,Software Developer,1
40,Master's,Information Technology,14.0,2,3,100,45,70,93,91,43,64,59,87,58,70,5,1,83,68,71,87,Data Analyst,1
42,Bachelor's,Computer Science,0.1,2,0,98,71,100,98,82,81,70,53,44,76,100,6,1,85,74,90,100,DevOps Engineer,1
36,Bachelor's,Other,0.5,0,0,33,42,38,39,43,51,51,55,72,71,32,2,2,48,44,38,44,Backend Developer,0
22,Bachelor's,Computer Science,0.8,1,0,82,65,74,61,61,66,67,44,40,48,75,5,4,70,60,62,53,Data Analyst,1
20,Master's,Information Technology,0,0,0,80,94,75,82,83,49,75,58,70,64,100,3,2,68,75,79,84,Software Developer,1
28,Bachelor's,Information Technology,7,0,5,38,26,33,20,9,38,9,61,64,60,24,4,2,58,45,31,77,Frontend Developer,0
29,Bachelor's,Information Technology,4.4,0,3,71,41,57,61,68,59,23,36,32,39,45,5,1,64,45,57,87,Software Developer,1
40,Master's,Electrical Engineering,14.0,0,2,100,96,86,96,89,67,69,40,68,84,74,4,5,72,56,69,62,Full Stack Developer,1
39,Diploma,Computer Science,1.8,3,1,62,68,40,70,54,81,27,69,38,77,62,2,2,67,65,63,15,Backend Developer,0
23,Master's,Computer Science,2,2,2,67,67,33,49,55,58,71,32,19,72,65,5,3,64,54,61,64,DevOps Engineer,1
35,Bachelor's,Information Technology,1.6,1,2,45,61,71,53,42,39,44,39,25,85,35,1,2,41,44,48,35,Frontend Developer,0
41,Bachelor's,Electrical Engineering,3.6,1,1,48,57,24,52,38,37,35,74,52,69,44,0,0,65,63,41,40,DevOps Engineer,0
40,Bachelor's,Other,9.1,0,3,66,51,55,58,35,60,55,53,74,73,63,0,3,56,53,49,50,DevOps Engineer,1
28,Bachelor's,Data Science,2.4,0,1,42,45,56,51,31,40,27,39,25,69,34,2,1,47,41,51,18,DevOps Engineer,0
39,Bachelor's,Electrical Engineering,1.3,0,1,54,47,20,49,36,46,21,52,74,69,48,2,3,58,56,51,52,Full Stack Developer,1
24,Bachelor's,Computer Science,3,0,1,29,38,34,45,42,48,51,57,44,75,32,0,1,53,47,39,13,Cloud Engineer,0
28,PhD,Information Technology,2.5,3,2,97,100,91,98,91,68,80,53,46,72,100,6,1,87,72,80,79,Machine Learning Engineer,1
29,Master's,Other,0.6,0,0,51,67,60,66,93,57,76,65,48,44,69,4,2,65,66,62,43,Data Analyst,1
27,Diploma,Other,5.2,0,1,52,63,33,51,60,8,15,53,66,60,40,5,1,63,45,48,51,Machine Learning Engineer,1
24,Bachelor's,Other,3,2,2,35,25,47,33,36,57,46,66,36,44,43,5,1,67,60,47,61,Full Stack Developer,1
33,Bachelor's,Other,0.2,0,0,73,79,81,89,57,100,66,68,62,81,87,4,0,79,76,66,75,Frontend Developer,1
36,Bachelor's,Other,6.6,0,5,11,29,24,39,74,19,5,72,72,80,42,2,1,40,56,50,42,QA Engineer,0
22,Bachelor's,Electrical Engineering,1,0,1,52,28,42,36,46,34,62,57,71,55,69,3,2,66,67,64,79,DevOps Engineer,1
38,Diploma,Other,4.8,1,4,92,85,87,91,87,89,70,64,56,56,72,4,3,69,67,67,50,Software Developer,1
30,Master's,Other,1.1,1,1,83,98,56,86,70,80,63,80,67,60,74,7,1,90,72,74,61,Full Stack Developer,1
32,Bachelor's,Other,2.3,1,2,15,22,44,11,26,17,34,73,30,61,5,1,3,55,41,15,31,Backend Developer,0
30,Diploma,Data Science,0.5,4,0,21,41,48,49,32,23,40,47,67,57,55,1,3,42,53,53,41,Software Developer,0
41,Bachelor's,Data Science,0.4,1,0,59,51,51,67,79,61,53,47,80,52,58,2,2,48,55,58,51,DevOps Engineer,1
26,Bachelor's,Other,0.6,0,0,31,24,33,52,26,27,5,58,59,57,39,3,1,48,47,54,25,Machine Learning Engineer,0
36,Bachelor's,Computer Science,7.6,2,4,60,57,46,51,12,40,50,42,84,58,72,3,0,67,54,65,55,Backend Developer,1
32,Bachelor's,Other,2.1,0,2,77,77,73,59,92,65,53,66,72,71,73,5,2,75,64,68,73,Frontend Developer,1
24,Master's,Computer Science,0.5,2,0,11,15,27,5,5,7,15,63,34,79,29,1,2,48,49,51,44,Backend Developer,0
39,Bachelor's,Computer Science,1.0,3,1,48,40,41,53,32,24,11,42,38,59,20,2,2,54,40,34,20,Full Stack Developer,0
20,Bachelor's,Information Technology,0,0,0,68,53,45,75,72,51,55,66,81,52,61,4,1,79,66,66,37,QA Engineer,1
36,Bachelor's,Computer Science,1.3,3,1,72,56,54,59,53,54,69,75,40,71,69,5,4,72,68,69,87,Backend Developer,1
37,Bachelor's,Other,0.4,0,0,53,12,41,58,58,26,39,36,85,72,67,4,2,63,56,72,9,Frontend Developer,1
26,Master's,Data Science,3.0,1,2,64,80,76,76,93,76,88,57,51,67,84,6,3,68,66,88,93,DevOps Engineer,1
25,Bachelor's,Other,4,0,3,49,65,58,48,74,69,73,96,37,73,46,3,2,73,68,52,24,Software Developer,1
34,Bachelor's,Other,7.5,0,3,85,65,64,61,49,30,72,70,41,92,66,4,2,78,66,61,73,DevOps Engineer,1
21,Bachelor's,Information Technology,0,0,0,41,69,45,46,56,64,56,72,50,54,65,3,0,59,68,65,54,Software Developer,1
34,Master's,Other,1.7,1,2,79,75,50,77,81,49,88,50,53,85,87,3,3,67,67,67,81,Machine Learning Engineer,1
24,Master's,Other,1.2,2,1,26,22,44,27,24,8,5,65,56,53,31,3,3,52,44,42,28,Cloud Engineer,0
28,Master's,Computer Science,0.2,1,0,60,44,68,49,46,57,35,72,62,66,65,6,0,76,64,63,74,Frontend Developer,1
22,Bachelor's,Data Science,1,2,1,59,27,41,58,63,51,61,67,62,66,43,0,2,69,60,44,17,Software Developer,1
39,Bachelor's,Data Science,1.5,2,1,59,72,97,57,70,89,86,46,38,71,61,4,2,64,56,66,60,Machine Learning Engineer,1
25,Bachelor's,Data Science,4,1,1,69,64,54,51,58,50,49,54,69,74,51,3,1,69,54,48,86,Cloud Engineer,1
34,Bachelor's,Computer Science,0.8,1,0,58,52,32,42,32,39,12,77,30,52,59,4,1,80,66,65,65,Frontend Developer,1
39,Bachelor's,Computer Science,7.2,0,3,57,41,27,20,75,12,50,56,43,39,44,4,3,58,48,64,44,Software Developer,1
39,Bachelor's,Information Technology,0.6,1,0,85,86,100,79,61,93,67,79,62,75,100,8,2,86,84,91,100,Software Developer,1
42,Bachelor's,Electrical Engineering,4.3,0,1,87,68,53,67,87,83,100,79,68,53,88,3,3,83,76,83,96,Machine Learning Engineer,1
26,Master's,Data Science,5,1,2,49,49,63,50,44,63,39,59,37,72,53,3,4,60,60,57,51,Frontend Developer,1
38,Bachelor's,Data Science,0.8,1,0,61,60,59,55,50,45,58,52,47,78,74,3,1,60,63,72,54,Backend Developer,1
41,Master's,Computer Science,6.8,3,3,64,73,42,35,64,31,37,35,92,56,49,4,4,62,46,48,36,Cloud Engineer,1
38,Master's,Electrical Engineering,4.5,3,2,60,64,42,66,79,56,43,79,32,78,53,1,5,64,62,54,20,Data Analyst,1
30,Bachelor's,Data Science,4.9,0,2,100,74,86,99,100,100,89,87,53,64,89,6,3,99,80,82,100,Frontend Developer,1
36,Diploma,Electrical Engineering,6.6,0,4,50,62,64,44,35,77,39,68,63,65,48,4,2,70,59,56,73,Backend Developer,1
41,Bachelor's,Computer Science,3.8,2,1,69,39,45,38,57,39,46,39,57,64,22,5,2,61,36,35,75,Machine Learning Engineer,1
25,Diploma,Electrical Engineering,1.5,1,1,81,85,77,67,75,46,64,64,63,89,77,7,0,86,71,68,84,Full Stack Developer,1
22,Master's,Other,1,2,1,36,32,41,58,22,28,38,53,39,94,41,2,2,43,52,48,61,Frontend Developer,0
24,Bachelor's,Electrical Engineering,0.1,3,0,57,59,58,80,69,61,89,59,49,56,68,2,3,64,67,68,12,Cloud Engineer,1
34,Diploma,Information Technology,2.1,1,1,97,99,100,84,98,65,68,38,52,26,100,5,3,70,70,86,56,DevOps Engineer,1
40,Bachelor's,Other,0.3,1,0,39,42,50,18,40,71,38,68,51,46,33,4,2,60,53,57,19,Machine Learning Engineer,0
25,Diploma,Electrical Engineering,4,2,1,47,28,41,42,30,56,32,66,61,73,36,6,2,70,55,42,53,Full Stack Developer,1
27,Bachelor's,Other,6,1,4,79,92,81,79,87,78,68,60,71,65,66,4,3,77,58,61,80,DevOps Engineer,1
42,Bachelor's,Electrical Engineering,2.1,0,1,58,65,51,77,42,48,38,73,69,60,61,2,3,72,65,55,64,Machine Learning Engineer,1
20,Master's,Information Technology,0,0,0,39,36,36,39,61,54,38,70,33,46,58,4,1,65,64,61,40,DevOps Engineer,1
22,Bachelor's,Other,0.7,1,0,88,73,74,68,69,63,98,79,55,86,70,6,3,94,72,69,71,QA Engineer,1
23,Master's,Data Science,2,1,2,40,23,13,21,50,46,32,67,63,42,35,3,0,67,52,40,36,Cloud Engineer,0
25,Diploma,Data Science,4,0,1,34,47,46,72,47,17,23,71,29,78,27,3,1,65,50,39,30,DevOps Engineer,0
27,Bachelor's,Computer Science,0.1,4,0,42,52,29,29,69,47,41,68,28,56,24,3,2,58,49,31,84,Backend Developer,0
39,Bachelor's,Computer Science,1.3,1,1,55,60,40,40,45,39,68,60,64,73,26,4,5,62,46,38,52,Backend Developer,0
39,Bachelor's,Electrical Engineering,6.4,0,4,68,65,77,80,72,41,75,83,80,55,94,2,0,76,85,77,65,Data Analyst,1
25,Bachelor's,Data Science,1.4,0,1,63,56,64,61,54,56,61,72,79,55,76,2,3,71,68,62,60,Backend Developer,1
42,Bachelor's,Electrical Engineering,0.0,1,0,84,72,59,78,91,82,100,66,34,75,60,5,4,89,57,65,63,Frontend Developer,1
40,Bachelor's,Data Science,4.0,1,1,51,36,44,36,39,42,31,74,43,51,27,4,0,64,49,32,76,Cloud Engineer,1
40,Diploma,Other,0.7,2,0,56,46,56,78,46,69,85,54,66,70,78,5,2,60,65,62,65,Full Stack Developer,1
26,Bachelor's,Other,0.5,0,0,47,17,14,33,27,11,7,43,63,76,24,6,0,59,33,54,50,Full Stack Developer,0
38,Bachelor's,Data Science,0.4,4,0,43,65,82,54,70,69,41,90,35,54,60,4,3,70,67,65,76,QA Engineer,1
21,Bachelor's,Information Technology,0,0,0,63,71,74,83,87,66,73,50,83,45,54,5,3,74,51,52,79,Cloud Engineer,1
23,Bachelor's,Computer Science,2,0,2,52,63,42,44,28,35,57,54,42,68,38,5,2,74,48,49,79,Data Analyst,1
27,Bachelor's,Electrical Engineering,5.9,3,4,47,22,29,52,45,43,25,65,66,38,49,3,2,61,56,59,35,QA Engineer,1
29,PhD,Other,1.0,0,1,79,43,63,57,63,74,42,64,41,66,37,2,3,75,52,47,53,Machine Learning Engineer,1
28,Master's,Other,7,1,5,57,60,53,44,11,34,69,66,44,64,46,1,4,63,61,49,36,Cloud Engineer,1
36,Bachelor's,Computer Science,9.9,3,4,79,54,50,46,22,16,36,69,80,75,58,4,2,69,64,57,92,Backend Developer,1
41,Bachelor's,Data Science,0.3,1,0,76,65,72,74,83,69,87,68,42,42,100,2,6,77,77,83,100,DevOps Engineer,1
36,Bachelor's,Information Technology,1.5,1,2,68,44,44,52,27,35,34,62,56,51,45,4,0,74,57,53,38,Cloud Engineer,1
31,Diploma,Data Science,1.2,2,1,38,34,47,33,17,23,39,82,51,68,20,3,0,59,54,36,60,Frontend Developer,0
27,Master's,Data Science,2.0,1,1,42,44,66,26,54,58,29,71,54,37,51,3,2,66,58,59,20,Software Developer,0
42,Master's,Information Technology,1.9,1,2,68,67,60,94,57,63,66,75,66,47,45,4,2,67,60,52,74,Machine Learning Engineer,1
36,Diploma,Information Technology,6.0,1,3,68,43,42,64,22,41,59,74,49,70,46,3,2,83,58,57,36,DevOps Engineer,1
27,Master's,Electrical Engineering,6,1,4,76,69,34,62,55,49,55,58,39,67,64,6,3,78,58,66,49,QA Engineer,1
31,Diploma,Electrical Engineering,0.8,0,0,73,75,92,79,63,79,78,58,52,72,78,2,3,70,66,76,41,Software Developer,1
23,Bachelor's,Information Technology,2,1,2,30,41,53,14,21,60,29,71,59,69,51,1,2,53,58,61,9,Frontend Developer,0
33,Master's,Electrical Engineering,0.2,1,0,66,65,66,44,75,81,89,73,38,61,80,6,3,84,78,79,51,Frontend Developer,1
38,Master's,Other,3.7,0,2,33,33,6,30,19,42,20,73,39,63,39,1,4,61,52,47,34,QA Engineer,1
41,Bachelor's,Information Technology,0.7,1,0,53,64,83,42,69,45,32,67,14,74,39,4,3,68,56,54,96,Software Developer,1
37,Bachelor's,Electrical Engineering,2.2,0,1,54,78,47,77,44,59,61,35,49,45,68,4,3,57,48,69,51,Frontend Developer,1
34,Bachelor's,Computer Science,0.2,0,0,81,49,47,66,60,69,31,50,80,66,76,4,0,74,68,76,64,Software Developer,1
29,Bachelor's,Other,1.3,0,1,62,34,46,45,29,45,30,60,44,72,60,5,3,68,59,56,100,Backend Developer,1
35,Master's,Data Science,1.8,1,2,93,69,69,85,77,73,87,49,37,58,76,5,2,79,62,75,66,Machine Learning Engineer,1
33,Bachelor's,Electrical Engineering,0.2,2,0,52,35,50,39,43,5,32,49,82,71,19,2,1,61,46,42,52,Full Stack Developer,0
24,Diploma,Computer Science,1.7,4,1,79,76,93,100,80,96,72,73,67,61,100,5,1,81,84,85,49,Software Developer,1
33,Master's,Electrical Engineering,1.5,1,1,64,44,39,19,68,45,22,62,47,65,13,4,0,66,38,34,70,Frontend Developer,1
31,Bachelor's,Other,4.4,0,1,81,57,59,45,75,59,55,81,62,57,67,4,4,87,68,61,68,DevOps Engineer,1
29,Bachelor's,Other,0.1,1,0,58,45,57,52,42,55,100,40,92,44,60,2,2,58,52,53,58,Cloud Engineer,1
28,PhD,Computer Science,3.9,1,2,84,79,78,83,99,57,100,51,50,37,84,3,4,76,63,80,85,Frontend Developer,1
29,Diploma,Electrical Engineering,1.0,2,1,65,52,61,67,70,47,77,63,80,72,48,6,2,74,57,52,48,Full Stack Developer,1
33,Diploma,Data Science,1.2,1,1,55,78,54,65,35,57,62,70,74,50,50,2,0,66,61,57,59,QA Engineer,1
40,Master's,Data Science,3.5,1,3,81,66,67,54,50,83,94,51,53,66,61,4,3,82,60,62,72,Data Analyst,1
32,Bachelor's,Data Science,9.5,1,2,74,45,51,40,29,12,59,54,49,82,67,4,4,77,58,79,58,Frontend Developer,1
41,Master's,Data Science,1.9,1,1,54,40,53,58,31,21,24,71,31,76,59,4,1,66,66,50,84,Data Analyst,1
27,Bachelor's,Electrical Engineering,6,1,5,57,40,36,42,43,43,59,35,70,66,47,7,1,65,45,57,46,Software Developer,1
25,Diploma,Computer Science,3.5,2,1,38,32,34,25,40,38,17,60,57,55,13,1,0,54,44,20,36,QA Engineer,0
34,Bachelor's,Information Technology,4.0,2,1,86,64,81,90,64,94,85,59,63,56,73,6,5,78,65,73,100,Backend Developer,1
32,Master's,Data Science,2.6,0,2,96,71,60,66,84,65,89,41,45,53,80,4,3,80,58,68,60,Data Analyst,1
21,Bachelor's,Data Science,0,0,0,59,61,84,52,55,43,96,84,65,45,66,8,4,84,71,67,96,Frontend Developer,1
37,Diploma,Information Technology,0.5,1,0,79,47,56,62,75,43,69,55,34,59,50,3,2,73,51,52,25,Data Analyst,1
30,Bachelor's,Computer Science,2.7,3,1,50,32,50,49,72,22,53,60,51,94,42,5,1,69,51,51,59,Machine Learning Engineer,1
33,Master's,Data Science,1.9,1,2,22,21,16,17,5,5,10,44,76,50,32,2,1,43,40,49,41,Frontend Developer,0
26,Master's,Data Science,0.1,0,0,30,22,40,35,35,39,49,49,36,58,35,2,3,54,44,61,18,Software Developer,0
37,Bachelor's,Other,0.7,3,0,88,66,96,86,75,93,77,58,43,56,62,5,3,79,64,69,69,Backend Developer,1
27,Bachelor's,Information Technology,3.2,1,2,71,71,66,53,52,84,48,71,56,66,76,4,3,74,67,75,45,Cloud Engineer,1
35,Bachelor's,Information Technology,2.8,2,1,63,58,23,34,35,47,36,63,59,72,50,2,1,61,56,56,59,Machine Learning Engineer,1
22,PhD,Computer Science,1,1,1,54,58,38,52,61,29,70,61,13,78,64,3,2,62,62,57,72,Machine Learning Engineer,1
33,Diploma,Computer Science,2.1,0,1,49,64,62,65,60,50,78,51,45,74,25,5,4,64,39,46,63,Frontend Developer,0
37,Bachelor's,Computer Science,10.8,1,5,77,72,56,81,34,69,78,64,57,46,38,3,1,74,57,33,70,QA Engineer,1
36,Bachelor's,Electrical Engineering,6.1,1,1,79,100,76,64,47,49,88,82,51,62,59,5,4,75,64,56,61,DevOps Engineer,1
25,Bachelor's,Other,1.5,1,1,54,21,38,58,48,10,51,51,47,70,34,4,3,65,48,47,56,Backend Developer,1
26,Bachelor's,Computer Science,0.1,0,0,46,58,74,52,49,48,48,74,82,71,54,2,1,61,67,71,49,Software Developer,1
28,Master's,Data Science,2.9,3,1,73,81,72,73,82,95,78,47,63,56,91,3,2,67,62,78,86,Cloud Engineer,1
21,Master's,Other,0,0,0,71,65,80,56,67,79,67,77,73,57,69,4,3,72,73,63,68,Machine Learning Engineer,1
28,Master's,Other,2.9,0,2,68,53,41,88,42,29,64,62,48,91,15,5,6,76,40,25,57,Full Stack Developer,1
22,Diploma,Computer Science,0.7,1,0,53,48,47,51,70,27,49,50,65,46,41,7,3,66,47,46,84,QA Engineer,1
